size_class,instance,dimension,config,seed,cost,reference_cost,gap_percent,time_ms
0-100,att48,48,Greedy(start=0),0,12861.0000,10628.0000,21.0105,0.1658
0-100,bayg29,29,Greedy(start=0),0,2005.0000,1610.0000,24.5342,0.0038
0-100,bays29,29,Greedy(start=0),0,2258.0000,2020.0000,11.7822,0.0035
0-100,berlin52,52,Greedy(start=0),0,8980.0000,7542.0000,19.0666,0.0078
0-100,brazil58,58,Greedy(start=0),0,30774.0000,25395.0000,21.1813,0.0091
0-100,burma14,14,Greedy(start=0),0,4048.0000,3323.0000,21.8176,0.0011
0-100,dantzig42,42,Greedy(start=0),0,956.0000,699.0000,36.7668,0.0044
0-100,eil51,51,Greedy(start=0),0,511.0000,426.0000,19.9531,0.0067
0-100,eil76,76,Greedy(start=0),0,642.0000,538.0000,19.3309,0.0143
0-100,fri26,26,Greedy(start=0),0,1112.0000,937.0000,18.6766,0.0027
0-100,gr17,17,Greedy(start=0),0,2187.0000,2085.0000,4.8921,0.0016
0-100,gr21,21,Greedy(start=0),0,3333.0000,2707.0000,23.1252,0.0022
0-100,gr24,24,Greedy(start=0),0,1553.0000,1272.0000,22.0912,0.0024
0-100,gr48,48,Greedy(start=0),0,6098.0000,5046.0000,20.8482,0.0058
0-100,gr96,96,Greedy(start=0),0,70916.0000,55209.0000,28.4501,0.0256
0-100,hk48,48,Greedy(start=0),0,13181.0000,11461.0000,15.0074,0.0104
0-100,pr76,76,Greedy(start=0),0,153462.0000,108159.0000,41.8856,0.0138
0-100,rat99,99,Greedy(start=0),0,1554.0000,1211.0000,28.3237,0.0201
0-100,st70,70,Greedy(start=0),0,830.0000,675.0000,22.9630,0.0111
0-100,swiss42,42,Greedy(start=0),0,1630.0000,1273.0000,28.0440,0.0057
0-100,ulysses16,16,Greedy(start=0),0,9988.0000,6859.0000,45.6189,0.0013
0-100,ulysses22,22,Greedy(start=0),0,10586.0000,7013.0000,50.9482,0.0016
0-100,att48,48,baseline,10351455481907241004,12158.0000,10628.0000,14.3959,35.7040
0-100,att48,48,baseline,10351455481907241005,11344.0000,10628.0000,6.7369,36.7149
0-100,att48,48,baseline,10351455481907241006,11430.0000,10628.0000,7.5461,35.9706
0-100,att48,48,baseline,10351455481907241007,11736.0000,10628.0000,10.4253,35.8851
0-100,att48,48,baseline,10351455481907241008,12018.0000,10628.0000,13.0787,44.5006
0-100,bayg29,29,baseline,15782847130639804635,1697.0000,1610.0000,5.4037,25.0299
0-100,bayg29,29,baseline,15782847130639804636,1783.0000,1610.0000,10.7453,24.2520
0-100,bayg29,29,baseline,15782847130639804637,1733.0000,1610.0000,7.6398,24.3588
0-100,bayg29,29,baseline,15782847130639804638,1760.0000,1610.0000,9.3168,23.8721
0-100,bayg29,29,baseline,15782847130639804639,1720.0000,1610.0000,6.8323,24.5172
0-100,bays29,29,baseline,9257491505903248343,2201.0000,2020.0000,8.9604,24.3310
0-100,bays29,29,baseline,9257491505903248344,2208.0000,2020.0000,9.3069,24.8908
0-100,bays29,29,baseline,9257491505903248345,2139.0000,2020.0000,5.8911,25.0054
0-100,bays29,29,baseline,9257491505903248346,2092.0000,2020.0000,3.5644,24.7972
0-100,bays29,29,baseline,9257491505903248347,2190.0000,2020.0000,8.4158,26.4557
0-100,berlin52,52,baseline,11639313301876364062,9281.0000,7542.0000,23.0575,38.3817
0-100,berlin52,52,baseline,11639313301876364063,8295.0000,7542.0000,9.9841,40.8960
0-100,berlin52,52,baseline,11639313301876364064,8614.0000,7542.0000,14.2137,36.8283
0-100,berlin52,52,baseline,11639313301876364065,10230.0000,7542.0000,35.6404,36.8158
0-100,berlin52,52,baseline,11639313301876364066,7926.0000,7542.0000,5.0915,38.0256
0-100,brazil58,58,baseline,13549585373946304146,30292.0000,25395.0000,19.2833,40.1914
0-100,brazil58,58,baseline,13549585373946304147,27513.0000,25395.0000,8.3402,41.6359
0-100,brazil58,58,baseline,13549585373946304148,31358.0000,25395.0000,23.4810,40.1988
0-100,brazil58,58,baseline,13549585373946304149,27116.0000,25395.0000,6.7769,40.0574
0-100,brazil58,58,baseline,13549585373946304150,26957.0000,25395.0000,6.1508,41.5460
0-100,burma14,14,baseline,11914136568045239381,3323.0000,3323.0000,0.0000,15.4618
0-100,burma14,14,baseline,11914136568045239382,3323.0000,3323.0000,0.0000,18.0300
0-100,burma14,14,baseline,11914136568045239383,3323.0000,3323.0000,0.0000,16.8058
0-100,burma14,14,baseline,11914136568045239384,3323.0000,3323.0000,0.0000,16.2187
0-100,burma14,14,baseline,11914136568045239385,3323.0000,3323.0000,0.0000,16.1015
0-100,dantzig42,42,baseline,12404991703219025666,699.0000,699.0000,0.0000,31.2651
0-100,dantzig42,42,baseline,12404991703219025667,699.0000,699.0000,0.0000,32.2847
0-100,dantzig42,42,baseline,12404991703219025668,699.0000,699.0000,0.0000,31.5549
0-100,dantzig42,42,baseline,12404991703219025669,699.0000,699.0000,0.0000,31.1800
0-100,dantzig42,42,baseline,12404991703219025670,699.0000,699.0000,0.0000,31.3093
0-100,eil51,51,baseline,11558990413088064655,490.0000,426.0000,15.0235,37.0096
0-100,eil51,51,baseline,11558990413088064656,543.0000,426.0000,27.4648,38.1338
0-100,eil51,51,baseline,11558990413088064657,467.0000,426.0000,9.6244,37.2444
0-100,eil51,51,baseline,11558990413088064658,477.0000,426.0000,11.9718,37.0506
0-100,eil51,51,baseline,11558990413088064659,468.0000,426.0000,9.8592,37.1538
0-100,eil76,76,baseline,13682907398903048318,684.0000,538.0000,27.1375,49.7147
0-100,eil76,76,baseline,13682907398903048319,638.0000,538.0000,18.5874,50.1886
0-100,eil76,76,baseline,13682907398903048320,676.0000,538.0000,25.6506,49.5484
0-100,eil76,76,baseline,13682907398903048321,687.0000,538.0000,27.6952,49.4892
0-100,eil76,76,baseline,13682907398903048322,716.0000,538.0000,33.0855,51.1100
0-100,fri26,26,baseline,14853067717581345808,937.0000,937.0000,0.0000,22.2912
0-100,fri26,26,baseline,14853067717581345809,957.0000,937.0000,2.1345,21.8192
0-100,fri26,26,baseline,14853067717581345810,957.0000,937.0000,2.1345,22.0339
0-100,fri26,26,baseline,14853067717581345811,937.0000,937.0000,0.0000,22.1576
0-100,fri26,26,baseline,14853067717581345812,957.0000,937.0000,2.1345,22.1402
0-100,gr17,17,baseline,2254031387221208872,2123.0000,2085.0000,1.8225,17.6931
0-100,gr17,17,baseline,2254031387221208873,2129.0000,2085.0000,2.1103,18.9631
0-100,gr17,17,baseline,2254031387221208874,2090.0000,2085.0000,0.2398,18.0508
0-100,gr17,17,baseline,2254031387221208875,2090.0000,2085.0000,0.2398,20.1394
0-100,gr17,17,baseline,2254031387221208876,2090.0000,2085.0000,0.2398,18.0303
0-100,gr21,21,baseline,4561064198559615009,2998.0000,2707.0000,10.7499,20.3396
0-100,gr21,21,baseline,4561064198559615010,2707.0000,2707.0000,0.0000,20.1095
0-100,gr21,21,baseline,4561064198559615011,3026.0000,2707.0000,11.7843,21.4142
0-100,gr21,21,baseline,4561064198559615012,2795.0000,2707.0000,3.2508,20.0457
0-100,gr21,21,baseline,4561064198559615013,2707.0000,2707.0000,0.0000,19.7582
0-100,gr24,24,baseline,5206728796390442408,1317.0000,1272.0000,3.5377,21.3359
0-100,gr24,24,baseline,5206728796390442409,1362.0000,1272.0000,7.0755,21.7564
0-100,gr24,24,baseline,5206728796390442410,1317.0000,1272.0000,3.5377,21.6550
0-100,gr24,24,baseline,5206728796390442411,1350.0000,1272.0000,6.1321,22.8190
0-100,gr24,24,baseline,5206728796390442412,1359.0000,1272.0000,6.8396,22.5114
0-100,gr48,48,baseline,966509558358633066,5928.0000,5046.0000,17.4792,37.4072
0-100,gr48,48,baseline,966509558358633067,5902.0000,5046.0000,16.9639,36.0988
0-100,gr48,48,baseline,966509558358633068,6013.0000,5046.0000,19.1637,36.0536
0-100,gr48,48,baseline,966509558358633069,6260.0000,5046.0000,24.0587,36.0013
0-100,gr48,48,baseline,966509558358633070,5693.0000,5046.0000,12.8220,36.7626
0-100,gr96,96,baseline,6230047145665351731,74952.0000,55209.0000,35.7605,59.2447
0-100,gr96,96,baseline,6230047145665351732,68996.0000,55209.0000,24.9724,58.8787
0-100,gr96,96,baseline,6230047145665351733,73733.0000,55209.0000,33.5525,58.9218
0-100,gr96,96,baseline,6230047145665351734,68526.0000,55209.0000,24.1211,59.2471
0-100,gr96,96,baseline,6230047145665351735,72730.0000,55209.0000,31.7358,60.6152
0-100,hk48,48,baseline,13473725755488941718,13343.0000,11461.0000,16.4209,37.7618
0-100,hk48,48,baseline,13473725755488941719,13122.0000,11461.0000,14.4926,36.5633
0-100,hk48,48,baseline,13473725755488941720,13636.0000,11461.0000,18.9774,35.4175
0-100,hk48,48,baseline,13473725755488941721,13338.0000,11461.0000,16.3773,35.5453
0-100,hk48,48,baseline,13473725755488941722,12294.0000,11461.0000,7.2681,35.2030
0-100,pr76,76,baseline,17388233636415044444,150781.0000,108159.0000,39.4068,48.5879
0-100,pr76,76,baseline,17388233636415044445,150781.0000,108159.0000,39.4068,49.0292
0-100,pr76,76,baseline,17388233636415044446,150781.0000,108159.0000,39.4068,48.6990
0-100,pr76,76,baseline,17388233636415044447,150649.0000,108159.0000,39.2848,48.8148
0-100,pr76,76,baseline,17388233636415044448,150781.0000,108159.0000,39.4068,49.4535
0-100,rat99,99,baseline,6028651464729002716,1777.0000,1211.0000,46.7382,61.1815
0-100,rat99,99,baseline,6028651464729002717,1738.0000,1211.0000,43.5178,61.3324
0-100,rat99,99,baseline,6028651464729002718,1823.0000,1211.0000,50.5367,61.0620
0-100,rat99,99,baseline,6028651464729002719,1878.0000,1211.0000,55.0784,60.5349
0-100,rat99,99,baseline,6028651464729002720,1887.0000,1211.0000,55.8216,59.7323
0-100,st70,70,baseline,11904276634692459317,860.0000,675.0000,27.4074,47.7201
0-100,st70,70,baseline,11904276634692459318,900.0000,675.0000,33.3333,48.5042
0-100,st70,70,baseline,11904276634692459319,847.0000,675.0000,25.4815,47.3244
0-100,st70,70,baseline,11904276634692459320,836.0000,675.0000,23.8519,47.3822
0-100,st70,70,baseline,11904276634692459321,912.0000,675.0000,35.1111,47.2830
0-100,swiss42,42,baseline,18155354788324656066,1562.0000,1273.0000,22.7023,32.4822
0-100,swiss42,42,baseline,18155354788324656067,1459.0000,1273.0000,14.6112,33.3891
0-100,swiss42,42,baseline,18155354788324656068,1588.0000,1273.0000,24.7447,32.8986
0-100,swiss42,42,baseline,18155354788324656069,1501.0000,1273.0000,17.9104,33.0783
0-100,swiss42,42,baseline,18155354788324656070,1466.0000,1273.0000,15.1610,31.6429
0-100,ulysses16,16,baseline,6689035430574432696,6939.0000,6859.0000,1.1664,18.4176
0-100,ulysses16,16,baseline,6689035430574432697,6859.0000,6859.0000,0.0000,18.5135
0-100,ulysses16,16,baseline,6689035430574432698,6963.0000,6859.0000,1.5163,17.3612
0-100,ulysses16,16,baseline,6689035430574432699,6903.0000,6859.0000,0.6415,18.3935
0-100,ulysses16,16,baseline,6689035430574432700,6859.0000,6859.0000,0.0000,18.1513
0-100,ulysses22,22,baseline,3277596615896873227,7092.0000,7013.0000,1.1265,20.7658
0-100,ulysses22,22,baseline,3277596615896873228,7215.0000,7013.0000,2.8804,20.5387
0-100,ulysses22,22,baseline,3277596615896873229,7226.0000,7013.0000,3.0372,20.2395
0-100,ulysses22,22,baseline,3277596615896873230,7105.0000,7013.0000,1.3118,21.2138
0-100,ulysses22,22,baseline,3277596615896873231,7219.0000,7013.0000,2.9374,20.5551
0-100,att48,48,mut_0.20,14539707078556906674,12203.0000,10628.0000,14.8193,37.2793
0-100,att48,48,mut_0.20,14539707078556906675,11790.0000,10628.0000,10.9334,37.4257
0-100,att48,48,mut_0.20,14539707078556906676,11653.0000,10628.0000,9.6443,36.6506
0-100,att48,48,mut_0.20,14539707078556906677,11349.0000,10628.0000,6.7840,36.2234
0-100,att48,48,mut_0.20,14539707078556906678,11357.0000,10628.0000,6.8592,36.3125
0-100,bayg29,29,mut_0.20,11041484080459458925,1724.0000,1610.0000,7.0807,24.5752
0-100,bayg29,29,mut_0.20,11041484080459458926,1618.0000,1610.0000,0.4969,25.8575
0-100,bayg29,29,mut_0.20,11041484080459458927,1686.0000,1610.0000,4.7205,25.0056
0-100,bayg29,29,mut_0.20,11041484080459458928,1663.0000,1610.0000,3.2919,24.9876
0-100,bayg29,29,mut_0.20,11041484080459458929,1768.0000,1610.0000,9.8137,24.6750
0-100,bays29,29,mut_0.20,4516128455722902633,2159.0000,2020.0000,6.8812,24.8642
0-100,bays29,29,mut_0.20,4516128455722902634,2107.0000,2020.0000,4.3069,24.9858
0-100,bays29,29,mut_0.20,4516128455722902635,2155.0000,2020.0000,6.6832,25.3795
0-100,bays29,29,mut_0.20,4516128455722902636,2122.0000,2020.0000,5.0495,25.2905
0-100,bays29,29,mut_0.20,4516128455722902637,2034.0000,2020.0000,0.6931,25.0881
0-100,berlin52,52,mut_0.20,13696118289795812928,8987.0000,7542.0000,19.1594,38.4026
0-100,berlin52,52,mut_0.20,13696118289795812929,9568.0000,7542.0000,26.8629,41.7518
0-100,berlin52,52,mut_0.20,13696118289795812930,9297.0000,7542.0000,23.2697,37.4479
0-100,berlin52,52,mut_0.20,13696118289795812931,8388.0000,7542.0000,11.2172,48.3121
0-100,berlin52,52,mut_0.20,13696118289795812932,8265.0000,7542.0000,9.5863,37.9345
0-100,brazil58,58,mut_0.20,15606390361865753012,28554.0000,25395.0000,12.4395,42.5145
0-100,brazil58,58,mut_0.20,15606390361865753013,29786.0000,25395.0000,17.2908,42.0847
0-100,brazil58,58,mut_0.20,15606390361865753014,29496.0000,25395.0000,16.1488,41.3513
0-100,brazil58,58,mut_0.20,15606390361865753015,28775.0000,25395.0000,13.3097,42.8252
0-100,brazil58,58,mut_0.20,15606390361865753016,29694.0000,25395.0000,16.9285,41.4485
0-100,burma14,14,mut_0.20,17984875500544706315,3323.0000,3323.0000,0.0000,16.5187
0-100,burma14,14,mut_0.20,17984875500544706316,3323.0000,3323.0000,0.0000,16.3579
0-100,burma14,14,mut_0.20,17984875500544706317,3323.0000,3323.0000,0.0000,17.4408
0-100,burma14,14,mut_0.20,17984875500544706318,3323.0000,3323.0000,0.0000,16.6542
0-100,burma14,14,mut_0.20,17984875500544706319,3323.0000,3323.0000,0.0000,17.7436
0-100,dantzig42,42,mut_0.20,5145284015023552872,699.0000,699.0000,0.0000,31.8994
0-100,dantzig42,42,mut_0.20,5145284015023552873,699.0000,699.0000,0.0000,32.3209
0-100,dantzig42,42,mut_0.20,5145284015023552874,699.0000,699.0000,0.0000,31.8521
0-100,dantzig42,42,mut_0.20,5145284015023552875,699.0000,699.0000,0.0000,31.1978
0-100,dantzig42,42,mut_0.20,5145284015023552876,699.0000,699.0000,0.0000,31.6520
0-100,eil51,51,mut_0.20,15747242009737730325,527.0000,426.0000,23.7089,37.9711
0-100,eil51,51,mut_0.20,15747242009737730326,489.0000,426.0000,14.7887,38.5008
0-100,eil51,51,mut_0.20,15747242009737730327,450.0000,426.0000,5.6338,39.3510
0-100,eil51,51,mut_0.20,15747242009737730328,512.0000,426.0000,20.1878,37.5718
0-100,eil51,51,mut_0.20,15747242009737730329,503.0000,426.0000,18.0751,37.9477
0-100,eil76,76,mut_0.20,17871158995552713988,660.0000,538.0000,22.6766,51.3946
0-100,eil76,76,mut_0.20,17871158995552713989,657.0000,538.0000,22.1190,51.0334
0-100,eil76,76,mut_0.20,17871158995552713990,646.0000,538.0000,20.0743,51.0217
0-100,eil76,76,mut_0.20,17871158995552713991,674.0000,538.0000,25.2788,50.7771
0-100,eil76,76,mut_0.20,17871158995552713992,702.0000,538.0000,30.4833,51.4099
0-100,fri26,26,mut_0.20,594575240521459862,937.0000,937.0000,0.0000,22.4835
0-100,fri26,26,mut_0.20,594575240521459863,937.0000,937.0000,0.0000,23.0871
0-100,fri26,26,mut_0.20,594575240521459864,955.0000,937.0000,1.9210,22.9788
0-100,fri26,26,mut_0.20,594575240521459865,937.0000,937.0000,0.0000,22.8509
0-100,fri26,26,mut_0.20,594575240521459866,955.0000,937.0000,1.9210,22.8259
0-100,gr17,17,mut_0.20,2708447294227150250,2103.0000,2085.0000,0.8633,18.2293
0-100,gr17,17,mut_0.20,2708447294227150251,2090.0000,2085.0000,0.2398,18.3753
0-100,gr17,17,mut_0.20,2708447294227150252,2085.0000,2085.0000,0.0000,18.7531
0-100,gr17,17,mut_0.20,2708447294227150253,2090.0000,2085.0000,0.2398,17.9782
0-100,gr17,17,mut_0.20,2708447294227150254,2090.0000,2085.0000,0.2398,18.2796
0-100,gr21,21,mut_0.20,5015480105565556387,2707.0000,2707.0000,0.0000,20.4343
0-100,gr21,21,mut_0.20,5015480105565556388,2998.0000,2707.0000,10.7499,19.9241
0-100,gr21,21,mut_0.20,5015480105565556389,2707.0000,2707.0000,0.0000,20.1633
0-100,gr21,21,mut_0.20,5015480105565556390,2707.0000,2707.0000,0.0000,20.3109
0-100,gr21,21,mut_0.20,5015480105565556391,2707.0000,2707.0000,0.0000,21.1893
0-100,gr24,24,mut_0.20,5661144703396383786,1356.0000,1272.0000,6.6038,22.8755
0-100,gr24,24,mut_0.20,5661144703396383787,1286.0000,1272.0000,1.1006,22.1061
0-100,gr24,24,mut_0.20,5661144703396383788,1356.0000,1272.0000,6.6038,22.4097
0-100,gr24,24,mut_0.20,5661144703396383789,1493.0000,1272.0000,17.3742,22.0270
0-100,gr24,24,mut_0.20,5661144703396383790,1393.0000,1272.0000,9.5126,21.9843
0-100,gr48,48,mut_0.20,1420925465364574444,5541.0000,5046.0000,9.8098,36.9791
0-100,gr48,48,mut_0.20,1420925465364574445,5883.0000,5046.0000,16.5874,36.6689
0-100,gr48,48,mut_0.20,1420925465364574446,5628.0000,5046.0000,11.5339,36.4715
0-100,gr48,48,mut_0.20,1420925465364574447,5551.0000,5046.0000,10.0079,37.7303
0-100,gr48,48,mut_0.20,1420925465364574448,5874.0000,5046.0000,16.4090,38.2241
0-100,gr96,96,mut_0.20,6684463052671293109,71855.0000,55209.0000,30.1509,59.2519
0-100,gr96,96,mut_0.20,6684463052671293110,69547.0000,55209.0000,25.9704,60.5004
0-100,gr96,96,mut_0.20,6684463052671293111,69522.0000,55209.0000,25.9251,59.6641
0-100,gr96,96,mut_0.20,6684463052671293112,70084.0000,55209.0000,26.9431,59.7979
0-100,gr96,96,mut_0.20,6684463052671293113,71663.0000,55209.0000,29.8031,59.3128
0-100,hk48,48,mut_0.20,13928141662494883096,13334.0000,11461.0000,16.3424,37.3266
0-100,hk48,48,mut_0.20,13928141662494883097,14072.0000,11461.0000,22.7816,37.0299
0-100,hk48,48,mut_0.20,13928141662494883098,12569.0000,11461.0000,9.6676,37.1789
0-100,hk48,48,mut_0.20,13928141662494883099,12764.0000,11461.0000,11.3690,36.6853
0-100,hk48,48,mut_0.20,13928141662494883100,12623.0000,11461.0000,10.1387,36.9918
0-100,pr76,76,mut_0.20,17842649543420985822,147857.0000,108159.0000,36.7034,48.7200
0-100,pr76,76,mut_0.20,17842649543420985823,150320.0000,108159.0000,38.9806,49.1432
0-100,pr76,76,mut_0.20,17842649543420985824,150781.0000,108159.0000,39.4068,49.6590
0-100,pr76,76,mut_0.20,17842649543420985825,150649.0000,108159.0000,39.2848,50.4341
0-100,pr76,76,mut_0.20,17842649543420985826,150034.0000,108159.0000,38.7161,50.0655
0-100,rat99,99,mut_0.20,10216903061378668386,1688.0000,1211.0000,39.3889,61.9808
0-100,rat99,99,mut_0.20,10216903061378668387,1673.0000,1211.0000,38.1503,60.4697
0-100,rat99,99,mut_0.20,10216903061378668388,1627.0000,1211.0000,34.3518,60.0592
0-100,rat99,99,mut_0.20,10216903061378668389,1675.0000,1211.0000,38.3154,60.2974
0-100,rat99,99,mut_0.20,10216903061378668390,1671.0000,1211.0000,37.9851,60.8484
0-100,st70,70,mut_0.20,12358692541698400695,792.0000,675.0000,17.3333,48.1126
0-100,st70,70,mut_0.20,12358692541698400696,941.0000,675.0000,39.4074,47.9977
0-100,st70,70,mut_0.20,12358692541698400697,972.0000,675.0000,44.0000,48.6395
0-100,st70,70,mut_0.20,12358692541698400698,827.0000,675.0000,22.5185,47.9410
0-100,st70,70,mut_0.20,12358692541698400699,832.0000,675.0000,23.2593,49.3383
0-100,swiss42,42,mut_0.20,5779349647114571384,1301.0000,1273.0000,2.1995,32.5201
0-100,swiss42,42,mut_0.20,5779349647114571385,1348.0000,1273.0000,5.8916,33.0077
0-100,swiss42,42,mut_0.20,5779349647114571386,1495.0000,1273.0000,17.4391,32.7788
0-100,swiss42,42,mut_0.20,5779349647114571387,1440.0000,1273.0000,13.1186,33.4533
0-100,swiss42,42,mut_0.20,5779349647114571388,1446.0000,1273.0000,13.5899,32.5821
0-100,ulysses16,16,mut_0.20,17876071816088511518,6859.0000,6859.0000,0.0000,18.1075
0-100,ulysses16,16,mut_0.20,17876071816088511519,6870.0000,6859.0000,0.1604,19.0721
0-100,ulysses16,16,mut_0.20,17876071816088511520,6875.0000,6859.0000,0.2333,19.3274
0-100,ulysses16,16,mut_0.20,17876071816088511521,6870.0000,6859.0000,0.1604,18.8921
0-100,ulysses16,16,mut_0.20,17876071816088511522,6859.0000,6859.0000,0.0000,18.0936
0-100,ulysses22,22,mut_0.20,14464633001410952049,7150.0000,7013.0000,1.9535,20.6895
0-100,ulysses22,22,mut_0.20,14464633001410952050,7209.0000,7013.0000,2.7948,21.2653
0-100,ulysses22,22,mut_0.20,14464633001410952051,7013.0000,7013.0000,0.0000,21.1993
0-100,ulysses22,22,mut_0.20,14464633001410952052,7092.0000,7013.0000,1.1265,21.0672
0-100,ulysses22,22,mut_0.20,14464633001410952053,7087.0000,7013.0000,1.0552,21.0902
0-100,att48,48,mut_0.30,13127824036268671191,11273.0000,10628.0000,6.0689,38.6543
0-100,att48,48,mut_0.30,13127824036268671192,11601.0000,10628.0000,9.1551,38.9345
0-100,att48,48,mut_0.30,13127824036268671193,11810.0000,10628.0000,11.1216,37.6380
0-100,att48,48,mut_0.30,13127824036268671194,11441.0000,10628.0000,7.6496,36.9643
0-100,att48,48,mut_0.30,13127824036268671195,11365.0000,10628.0000,6.9345,37.2945
0-100,bayg29,29,mut_0.30,10552246277796126812,1755.0000,1610.0000,9.0062,26.5887
0-100,bayg29,29,mut_0.30,10552246277796126813,1610.0000,1610.0000,0.0000,25.7468
0-100,bayg29,29,mut_0.30,10552246277796126814,1849.0000,1610.0000,14.8447,25.7012
0-100,bayg29,29,mut_0.30,10552246277796126815,1658.0000,1610.0000,2.9814,25.6867
0-100,bayg29,29,mut_0.30,10552246277796126816,1640.0000,1610.0000,1.8634,25.9269
0-100,bays29,29,mut_0.30,4026890653059570520,2064.0000,2020.0000,2.1782,26.7751
0-100,bays29,29,mut_0.30,4026890653059570521,2033.0000,2020.0000,0.6436,26.3062
0-100,bays29,29,mut_0.30,4026890653059570522,2223.0000,2020.0000,10.0495,30.6379
0-100,bays29,29,mut_0.30,4026890653059570523,2026.0000,2020.0000,0.2970,28.4152
0-100,bays29,29,mut_0.30,4026890653059570524,2086.0000,2020.0000,3.2673,24.8878
0-100,berlin52,52,mut_0.30,11154740322199407015,9027.0000,7542.0000,19.6897,39.7294
0-100,berlin52,52,mut_0.30,11154740322199407016,8388.0000,7542.0000,11.2172,40.5075
0-100,berlin52,52,mut_0.30,11154740322199407017,8205.0000,7542.0000,8.7908,40.4408
0-100,berlin52,52,mut_0.30,11154740322199407018,8368.0000,7542.0000,10.9520,40.6340
0-100,berlin52,52,mut_0.30,11154740322199407019,8741.0000,7542.0000,15.8976,40.2378
0-100,brazil58,58,mut_0.30,13065012394269347099,26837.0000,25395.0000,5.6783,43.6124
0-100,brazil58,58,mut_0.30,13065012394269347100,28323.0000,25395.0000,11.5298,42.6629
0-100,brazil58,58,mut_0.30,13065012394269347101,27982.0000,25395.0000,10.1870,42.9145
0-100,brazil58,58,mut_0.30,13065012394269347102,29655.0000,25395.0000,16.7750,43.4308
0-100,brazil58,58,mut_0.30,13065012394269347103,28574.0000,25395.0000,12.5182,43.4349
0-100,burma14,14,mut_0.30,9234955572776854360,3323.0000,3323.0000,0.0000,17.7035
0-100,burma14,14,mut_0.30,9234955572776854361,3323.0000,3323.0000,0.0000,17.5047
0-100,burma14,14,mut_0.30,9234955572776854362,3323.0000,3323.0000,0.0000,16.8044
0-100,burma14,14,mut_0.30,9234955572776854363,3323.0000,3323.0000,0.0000,17.6206
0-100,burma14,14,mut_0.30,9234955572776854364,3323.0000,3323.0000,0.0000,18.1040
0-100,dantzig42,42,mut_0.30,4266163586666307357,699.0000,699.0000,0.0000,32.1403
0-100,dantzig42,42,mut_0.30,4266163586666307358,699.0000,699.0000,0.0000,32.5428
0-100,dantzig42,42,mut_0.30,4266163586666307359,699.0000,699.0000,0.0000,32.2338
0-100,dantzig42,42,mut_0.30,4266163586666307360,699.0000,699.0000,0.0000,32.1400
0-100,dantzig42,42,mut_0.30,4266163586666307361,699.0000,699.0000,0.0000,32.3205
0-100,eil51,51,mut_0.30,14335358967449494842,452.0000,426.0000,6.1033,38.2284
0-100,eil51,51,mut_0.30,14335358967449494843,474.0000,426.0000,11.2676,39.2134
0-100,eil51,51,mut_0.30,14335358967449494844,476.0000,426.0000,11.7371,38.4842
0-100,eil51,51,mut_0.30,14335358967449494845,497.0000,426.0000,16.6667,37.8760
0-100,eil51,51,mut_0.30,14335358967449494846,469.0000,426.0000,10.0939,38.2029
0-100,eil76,76,mut_0.30,16459275953264478505,720.0000,538.0000,33.8290,52.2076
0-100,eil76,76,mut_0.30,16459275953264478506,668.0000,538.0000,24.1636,53.2853
0-100,eil76,76,mut_0.30,16459275953264478507,646.0000,538.0000,20.0743,52.4097
0-100,eil76,76,mut_0.30,16459275953264478508,644.0000,538.0000,19.7026,51.7989
0-100,eil76,76,mut_0.30,16459275953264478509,669.0000,538.0000,24.3494,51.9144
0-100,fri26,26,mut_0.30,17629436271942775995,955.0000,937.0000,1.9210,23.6965
0-100,fri26,26,mut_0.30,17629436271942775996,955.0000,937.0000,1.9210,24.0576
0-100,fri26,26,mut_0.30,17629436271942775997,937.0000,937.0000,0.0000,23.3728
0-100,fri26,26,mut_0.30,17629436271942775998,955.0000,937.0000,1.9210,23.5819
0-100,fri26,26,mut_0.30,17629436271942775999,955.0000,937.0000,1.9210,23.5853
0-100,gr17,17,mut_0.30,10020041254460802529,2085.0000,2085.0000,0.0000,18.1103
0-100,gr17,17,mut_0.30,10020041254460802530,2103.0000,2085.0000,0.8633,21.3277
0-100,gr17,17,mut_0.30,10020041254460802531,2103.0000,2085.0000,0.8633,18.1680
0-100,gr17,17,mut_0.30,10020041254460802532,2103.0000,2085.0000,0.8633,20.1260
0-100,gr17,17,mut_0.30,10020041254460802533,2090.0000,2085.0000,0.2398,18.9552
0-100,gr21,21,mut_0.30,12327074065799208666,2998.0000,2707.0000,10.7499,21.9406
0-100,gr21,21,mut_0.30,12327074065799208667,2707.0000,2707.0000,0.0000,20.8206
0-100,gr21,21,mut_0.30,12327074065799208668,2707.0000,2707.0000,0.0000,21.9964
0-100,gr21,21,mut_0.30,12327074065799208669,2707.0000,2707.0000,0.0000,20.7122
0-100,gr21,21,mut_0.30,12327074065799208670,2801.0000,2707.0000,3.4725,23.0152
0-100,gr24,24,mut_0.30,12972738663630036065,1289.0000,1272.0000,1.3365,23.6258
0-100,gr24,24,mut_0.30,12972738663630036066,1400.0000,1272.0000,10.0629,23.1430
0-100,gr24,24,mut_0.30,12972738663630036067,1443.0000,1272.0000,13.4434,22.6012
0-100,gr24,24,mut_0.30,12972738663630036068,1393.0000,1272.0000,9.5126,23.1595
0-100,gr24,24,mut_0.30,12972738663630036069,1286.0000,1272.0000,1.1006,23.5271
0-100,gr48,48,mut_0.30,8732519425598226723,5887.0000,5046.0000,16.6667,36.9496
0-100,gr48,48,mut_0.30,8732519425598226724,5558.0000,5046.0000,10.1467,41.1235
0-100,gr48,48,mut_0.30,8732519425598226725,5757.0000,5046.0000,14.0904,36.8349
0-100,gr48,48,mut_0.30,8732519425598226726,5693.0000,5046.0000,12.8220,38.6514
0-100,gr48,48,mut_0.30,8732519425598226727,5475.0000,5046.0000,8.5018,37.7495
0-100,gr96,96,mut_0.30,13996057012904945388,66852.0000,55209.0000,21.0890,60.2305
0-100,gr96,96,mut_0.30,13996057012904945389,66598.0000,55209.0000,20.6289,60.4574
0-100,gr96,96,mut_0.30,13996057012904945390,66078.0000,55209.0000,19.6870,61.4573
0-100,gr96,96,mut_0.30,13996057012904945391,68182.0000,55209.0000,23.4980,60.8861
0-100,gr96,96,mut_0.30,13996057012904945392,70012.0000,55209.0000,26.8127,60.2587
0-100,hk48,48,mut_0.30,2792991549018983759,13389.0000,11461.0000,16.8223,38.4726
0-100,hk48,48,mut_0.30,2792991549018983760,12482.0000,11461.0000,8.9085,37.3815
0-100,hk48,48,mut_0.30,2792991549018983761,13235.0000,11461.0000,15.4786,37.4955
0-100,hk48,48,mut_0.30,2792991549018983762,12513.0000,11461.0000,9.1790,37.2715
0-100,hk48,48,mut_0.30,2792991549018983763,12431.0000,11461.0000,8.4635,37.5976
0-100,pr76,76,mut_0.30,6707499429945086485,150735.0000,108159.0000,39.3643,49.5683
0-100,pr76,76,mut_0.30,6707499429945086486,145374.0000,108159.0000,34.4077,49.6148
0-100,pr76,76,mut_0.30,6707499429945086487,143307.0000,108159.0000,32.4966,49.5483
0-100,pr76,76,mut_0.30,6707499429945086488,144088.0000,108159.0000,33.2187,49.5964
0-100,pr76,76,mut_0.30,6707499429945086489,148815.0000,108159.0000,37.5891,50.6328
0-100,rat99,99,mut_0.30,8805020019090432903,1630.0000,1211.0000,34.5995,61.7473
0-100,rat99,99,mut_0.30,8805020019090432904,1675.0000,1211.0000,38.3154,64.0609
0-100,rat99,99,mut_0.30,8805020019090432905,1638.0000,1211.0000,35.2601,60.7103
0-100,rat99,99,mut_0.30,8805020019090432906,1638.0000,1211.0000,35.2601,60.2742
0-100,rat99,99,mut_0.30,8805020019090432907,1517.0000,1211.0000,25.2684,60.5541
0-100,st70,70,mut_0.30,1223542428222501358,776.0000,675.0000,14.9630,49.2489
0-100,st70,70,mut_0.30,1223542428222501359,790.0000,675.0000,17.0370,51.5906
0-100,st70,70,mut_0.30,1223542428222501360,920.0000,675.0000,36.2963,51.3121
0-100,st70,70,mut_0.30,1223542428222501361,853.0000,675.0000,26.3704,49.5156
0-100,st70,70,mut_0.30,1223542428222501362,816.0000,675.0000,20.8889,48.8785
0-100,swiss42,42,mut_0.30,15476173793056271045,1377.0000,1273.0000,8.1697,33.4210
0-100,swiss42,42,mut_0.30,15476173793056271046,1448.0000,1273.0000,13.7471,34.9786
0-100,swiss42,42,mut_0.30,15476173793056271047,1529.0000,1273.0000,20.1100,33.8371
0-100,swiss42,42,mut_0.30,15476173793056271048,1532.0000,1273.0000,20.3456,33.4786
0-100,swiss42,42,mut_0.30,15476173793056271049,1547.0000,1273.0000,21.5240,33.6583
0-100,ulysses16,16,mut_0.30,16996951387731266003,6870.0000,6859.0000,0.1604,18.9912
0-100,ulysses16,16,mut_0.30,16996951387731266004,6895.0000,6859.0000,0.5249,20.8990
0-100,ulysses16,16,mut_0.30,16996951387731266005,6895.0000,6859.0000,0.5249,18.0944
0-100,ulysses16,16,mut_0.30,16996951387731266006,6895.0000,6859.0000,0.5249,18.7274
0-100,ulysses16,16,mut_0.30,16996951387731266007,6982.0000,6859.0000,1.7933,18.2542
0-100,ulysses22,22,mut_0.30,13585512573053706534,7087.0000,7013.0000,1.0552,21.4675
0-100,ulysses22,22,mut_0.30,13585512573053706535,7100.0000,7013.0000,1.2406,21.3606
0-100,ulysses22,22,mut_0.30,13585512573053706536,7013.0000,7013.0000,0.0000,21.6759
0-100,ulysses22,22,mut_0.30,13585512573053706537,7087.0000,7013.0000,1.0552,21.6746
0-100,ulysses22,22,mut_0.30,13585512573053706538,7087.0000,7013.0000,1.0552,21.4383
0-100,att48,48,mut_0.40,11715940993980435708,11719.0000,10628.0000,10.2653,40.1010
0-100,att48,48,mut_0.40,11715940993980435709,11393.0000,10628.0000,7.1980,37.7025
0-100,att48,48,mut_0.40,11715940993980435710,11029.0000,10628.0000,3.7731,38.6434
0-100,att48,48,mut_0.40,11715940993980435711,11549.0000,10628.0000,8.6658,39.9438
0-100,att48,48,mut_0.40,11715940993980435712,11344.0000,10628.0000,6.7369,38.5838
0-100,bayg29,29,mut_0.40,10063008475132794699,1678.0000,1610.0000,4.2236,26.6088
0-100,bayg29,29,mut_0.40,10063008475132794700,1733.0000,1610.0000,7.6398,28.3797
0-100,bayg29,29,mut_0.40,10063008475132794701,1719.0000,1610.0000,6.7702,27.1478
0-100,bayg29,29,mut_0.40,10063008475132794702,1792.0000,1610.0000,11.3043,26.5656
0-100,bayg29,29,mut_0.40,10063008475132794703,1679.0000,1610.0000,4.2857,28.5732
0-100,bays29,29,mut_0.40,3537652850396238407,2026.0000,2020.0000,0.2970,28.8926
0-100,bays29,29,mut_0.40,3537652850396238408,2066.0000,2020.0000,2.2772,29.5302
0-100,bays29,29,mut_0.40,3537652850396238409,2060.0000,2020.0000,1.9802,26.5460
0-100,bays29,29,mut_0.40,3537652850396238410,2127.0000,2020.0000,5.2970,25.6285
0-100,bays29,29,mut_0.40,3537652850396238411,2068.0000,2020.0000,2.3762,26.1889
0-100,berlin52,52,mut_0.40,8613362354603001102,8492.0000,7542.0000,12.5961,40.6591
0-100,berlin52,52,mut_0.40,8613362354603001103,8163.0000,7542.0000,8.2339,42.1516
0-100,berlin52,52,mut_0.40,8613362354603001104,8647.0000,7542.0000,14.6513,40.2170
0-100,berlin52,52,mut_0.40,8613362354603001105,9361.0000,7542.0000,24.1183,42.4411
0-100,berlin52,52,mut_0.40,8613362354603001106,8411.0000,7542.0000,11.5221,41.4328
0-100,brazil58,58,mut_0.40,10523634426672941186,28632.0000,25395.0000,12.7466,45.7265
0-100,brazil58,58,mut_0.40,10523634426672941187,29856.0000,25395.0000,17.5665,44.9823
0-100,brazil58,58,mut_0.40,10523634426672941188,28161.0000,25395.0000,10.8919,45.0876
0-100,brazil58,58,mut_0.40,10523634426672941189,29475.0000,25395.0000,16.0662,46.9137
0-100,brazil58,58,mut_0.40,10523634426672941190,27054.0000,25395.0000,6.5328,45.4319
0-100,burma14,14,mut_0.40,485035645009002405,3323.0000,3323.0000,0.0000,18.3501
0-100,burma14,14,mut_0.40,485035645009002406,3323.0000,3323.0000,0.0000,19.0916
0-100,burma14,14,mut_0.40,485035645009002407,3323.0000,3323.0000,0.0000,17.1203
0-100,burma14,14,mut_0.40,485035645009002408,3323.0000,3323.0000,0.0000,20.9400
0-100,burma14,14,mut_0.40,485035645009002409,3323.0000,3323.0000,0.0000,18.3345
0-100,dantzig42,42,mut_0.40,3387043158309061842,699.0000,699.0000,0.0000,33.5432
0-100,dantzig42,42,mut_0.40,3387043158309061843,699.0000,699.0000,0.0000,35.1743
0-100,dantzig42,42,mut_0.40,3387043158309061844,699.0000,699.0000,0.0000,32.8837
0-100,dantzig42,42,mut_0.40,3387043158309061845,699.0000,699.0000,0.0000,35.4916
0-100,dantzig42,42,mut_0.40,3387043158309061846,699.0000,699.0000,0.0000,33.1619
0-100,eil51,51,mut_0.40,12923475925161259359,472.0000,426.0000,10.7981,39.8874
0-100,eil51,51,mut_0.40,12923475925161259360,454.0000,426.0000,6.5728,42.4002
0-100,eil51,51,mut_0.40,12923475925161259361,473.0000,426.0000,11.0329,39.9963
0-100,eil51,51,mut_0.40,12923475925161259362,481.0000,426.0000,12.9108,39.3797
0-100,eil51,51,mut_0.40,12923475925161259363,529.0000,426.0000,24.1784,40.6679
0-100,eil76,76,mut_0.40,15047392910976243022,655.0000,538.0000,21.7472,54.9768
0-100,eil76,76,mut_0.40,15047392910976243023,713.0000,538.0000,32.5279,54.6197
0-100,eil76,76,mut_0.40,15047392910976243024,700.0000,538.0000,30.1115,54.7901
0-100,eil76,76,mut_0.40,15047392910976243025,648.0000,538.0000,20.4461,56.5833
0-100,eil76,76,mut_0.40,15047392910976243026,668.0000,538.0000,24.1636,55.1504
0-100,fri26,26,mut_0.40,16217553229654540512,937.0000,937.0000,0.0000,25.0661
0-100,fri26,26,mut_0.40,16217553229654540513,937.0000,937.0000,0.0000,25.1425
0-100,fri26,26,mut_0.40,16217553229654540514,955.0000,937.0000,1.9210,25.0361
0-100,fri26,26,mut_0.40,16217553229654540515,955.0000,937.0000,1.9210,26.4796
0-100,fri26,26,mut_0.40,16217553229654540516,955.0000,937.0000,1.9210,24.6643
0-100,gr17,17,mut_0.40,17331635214694454808,2085.0000,2085.0000,0.0000,20.1869
0-100,gr17,17,mut_0.40,17331635214694454809,2103.0000,2085.0000,0.8633,21.4474
0-100,gr17,17,mut_0.40,17331635214694454810,2090.0000,2085.0000,0.2398,21.5458
0-100,gr17,17,mut_0.40,17331635214694454811,2090.0000,2085.0000,0.2398,19.8481
0-100,gr17,17,mut_0.40,17331635214694454812,2090.0000,2085.0000,0.2398,19.3044
0-100,gr21,21,mut_0.40,1191923952323309329,2801.0000,2707.0000,3.4725,21.4334
0-100,gr21,21,mut_0.40,1191923952323309330,2707.0000,2707.0000,0.0000,22.0434
0-100,gr21,21,mut_0.40,1191923952323309331,2707.0000,2707.0000,0.0000,22.6441
0-100,gr21,21,mut_0.40,1191923952323309332,2707.0000,2707.0000,0.0000,22.7086
0-100,gr21,21,mut_0.40,1191923952323309333,2707.0000,2707.0000,0.0000,21.9075
0-100,gr24,24,mut_0.40,1837588550154136728,1348.0000,1272.0000,5.9748,24.8811
0-100,gr24,24,mut_0.40,1837588550154136729,1365.0000,1272.0000,7.3113,24.5683
0-100,gr24,24,mut_0.40,1837588550154136730,1323.0000,1272.0000,4.0094,25.3170
0-100,gr24,24,mut_0.40,1837588550154136731,1348.0000,1272.0000,5.9748,24.0385
0-100,gr24,24,mut_0.40,1837588550154136732,1272.0000,1272.0000,0.0000,23.8787
0-100,gr48,48,mut_0.40,16044113385831879002,5765.0000,5046.0000,14.2489,40.2775
0-100,gr48,48,mut_0.40,16044113385831879003,5282.0000,5046.0000,4.6770,38.2447
0-100,gr48,48,mut_0.40,16044113385831879004,5107.0000,5046.0000,1.2089,38.8627
0-100,gr48,48,mut_0.40,16044113385831879005,5794.0000,5046.0000,14.8236,38.9189
0-100,gr48,48,mut_0.40,16044113385831879006,5455.0000,5046.0000,8.1054,38.7910
0-100,gr96,96,mut_0.40,2860906899429046051,64284.0000,55209.0000,16.4375,65.3732
0-100,gr96,96,mut_0.40,2860906899429046052,65231.0000,55209.0000,18.1528,61.6468
0-100,gr96,96,mut_0.40,2860906899429046053,68150.0000,55209.0000,23.4400,63.7072
0-100,gr96,96,mut_0.40,2860906899429046054,64062.0000,55209.0000,16.0354,65.7157
0-100,gr96,96,mut_0.40,2860906899429046055,65888.0000,55209.0000,19.3429,63.7866
0-100,hk48,48,mut_0.40,10104585509252636038,12525.0000,11461.0000,9.2837,38.7561
0-100,hk48,48,mut_0.40,10104585509252636039,12324.0000,11461.0000,7.5299,38.2117
0-100,hk48,48,mut_0.40,10104585509252636040,13469.0000,11461.0000,17.5203,39.8427
0-100,hk48,48,mut_0.40,10104585509252636041,12357.0000,11461.0000,7.8178,39.0102
0-100,hk48,48,mut_0.40,10104585509252636042,13403.0000,11461.0000,16.9444,39.4440
0-100,pr76,76,mut_0.40,14019093390178738764,148219.0000,108159.0000,37.0381,50.0238
0-100,pr76,76,mut_0.40,14019093390178738765,143213.0000,108159.0000,32.4097,50.3230
0-100,pr76,76,mut_0.40,14019093390178738766,138916.0000,108159.0000,28.4368,58.4723
0-100,pr76,76,mut_0.40,14019093390178738767,146766.0000,108159.0000,35.6947,51.0254
0-100,pr76,76,mut_0.40,14019093390178738768,140940.0000,108159.0000,30.3082,52.3828
0-100,rat99,99,mut_0.40,7393136976802197420,1477.0000,1211.0000,21.9653,63.2854
0-100,rat99,99,mut_0.40,7393136976802197421,1590.0000,1211.0000,31.2964,65.6453
0-100,rat99,99,mut_0.40,7393136976802197422,1639.0000,1211.0000,35.3427,63.2607
0-100,rat99,99,mut_0.40,7393136976802197423,1474.0000,1211.0000,21.7176,63.1536
0-100,rat99,99,mut_0.40,7393136976802197424,1501.0000,1211.0000,23.9472,63.0729
0-100,st70,70,mut_0.40,8535136388456153637,838.0000,675.0000,24.1481,52.1812
0-100,st70,70,mut_0.40,8535136388456153638,763.0000,675.0000,13.0370,52.4391
0-100,st70,70,mut_0.40,8535136388456153639,821.0000,675.0000,21.6296,52.7909
0-100,st70,70,mut_0.40,8535136388456153640,773.0000,675.0000,14.5185,50.1289
0-100,st70,70,mut_0.40,8535136388456153641,773.0000,675.0000,14.5185,49.6153
0-100,swiss42,42,mut_0.40,6726253865288419090,1444.0000,1273.0000,13.4328,35.2653
0-100,swiss42,42,mut_0.40,6726253865288419091,1442.0000,1273.0000,13.2757,36.0917
0-100,swiss42,42,mut_0.40,6726253865288419092,1386.0000,1273.0000,8.8767,35.0908
0-100,swiss42,42,mut_0.40,6726253865288419093,1454.0000,1273.0000,14.2184,35.1757
0-100,swiss42,42,mut_0.40,6726253865288419094,1324.0000,1273.0000,4.0063,34.5813
0-100,ulysses16,16,mut_0.40,16117830959374020488,6895.0000,6859.0000,0.5249,19.1706
0-100,ulysses16,16,mut_0.40,16117830959374020489,6895.0000,6859.0000,0.5249,21.3656
0-100,ulysses16,16,mut_0.40,16117830959374020490,6859.0000,6859.0000,0.0000,20.2988
0-100,ulysses16,16,mut_0.40,16117830959374020491,6859.0000,6859.0000,0.0000,19.2633
0-100,ulysses16,16,mut_0.40,16117830959374020492,6895.0000,6859.0000,0.5249,19.7682
0-100,ulysses22,22,mut_0.40,12706392144696461019,7087.0000,7013.0000,1.0552,23.5464
0-100,ulysses22,22,mut_0.40,12706392144696461020,7087.0000,7013.0000,1.0552,22.6933
0-100,ulysses22,22,mut_0.40,12706392144696461021,7092.0000,7013.0000,1.1265,22.3390
0-100,ulysses22,22,mut_0.40,12706392144696461022,7181.0000,7013.0000,2.3956,21.6594
0-100,ulysses22,22,mut_0.40,12706392144696461023,7105.0000,7013.0000,1.3118,22.4687
0-100,att48,48,mut_0.60,8892174909403964742,14519.0000,10628.0000,36.6108,43.4553
0-100,att48,48,mut_0.60,8892174909403964743,12637.0000,10628.0000,18.9029,42.5343
0-100,att48,48,mut_0.60,8892174909403964744,12114.0000,10628.0000,13.9819,42.2419
0-100,att48,48,mut_0.60,8892174909403964745,14334.0000,10628.0000,34.8702,42.4756
0-100,att48,48,mut_0.60,8892174909403964746,13611.0000,10628.0000,28.0674,41.6030
0-100,bayg29,29,mut_0.60,9084532869806130473,1754.0000,1610.0000,8.9441,30.8770
0-100,bayg29,29,mut_0.60,9084532869806130474,1663.0000,1610.0000,3.2919,31.6379
0-100,bayg29,29,mut_0.60,9084532869806130475,1695.0000,1610.0000,5.2795,30.7573
0-100,bayg29,29,mut_0.60,9084532869806130476,1663.0000,1610.0000,3.2919,31.1307
0-100,bayg29,29,mut_0.60,9084532869806130477,1731.0000,1610.0000,7.5155,30.7703
0-100,bays29,29,mut_0.60,2559177245069574181,2063.0000,2020.0000,2.1287,30.8411
0-100,bays29,29,mut_0.60,2559177245069574182,2131.0000,2020.0000,5.4950,30.9158
0-100,bays29,29,mut_0.60,2559177245069574183,2142.0000,2020.0000,6.0396,30.4798
0-100,bays29,29,mut_0.60,2559177245069574184,2282.0000,2020.0000,12.9703,31.1462
0-100,bays29,29,mut_0.60,2559177245069574185,2020.0000,2020.0000,0.0000,33.3386
0-100,berlin52,52,mut_0.60,3530606419410189276,9751.0000,7542.0000,29.2893,44.8452
0-100,berlin52,52,mut_0.60,3530606419410189277,10191.0000,7542.0000,35.1233,46.4276
0-100,berlin52,52,mut_0.60,3530606419410189278,9454.0000,7542.0000,25.3514,44.4768
0-100,berlin52,52,mut_0.60,3530606419410189279,9580.0000,7542.0000,27.0220,44.5759
0-100,berlin52,52,mut_0.60,3530606419410189280,10294.0000,7542.0000,36.4890,48.5467
0-100,brazil58,58,mut_0.60,5440878491480129360,32238.0000,25395.0000,26.9462,47.9109
0-100,brazil58,58,mut_0.60,5440878491480129361,32501.0000,25395.0000,27.9819,48.0652
0-100,brazil58,58,mut_0.60,5440878491480129362,35713.0000,25395.0000,40.6300,48.3372
0-100,brazil58,58,mut_0.60,5440878491480129363,36252.0000,25395.0000,42.7525,48.9504
0-100,brazil58,58,mut_0.60,5440878491480129364,34206.0000,25395.0000,34.6958,48.5095
0-100,burma14,14,mut_0.60,1431939863182850111,3323.0000,3323.0000,0.0000,21.6363
0-100,burma14,14,mut_0.60,1431939863182850112,3323.0000,3323.0000,0.0000,22.0778
0-100,burma14,14,mut_0.60,1431939863182850113,3323.0000,3323.0000,0.0000,21.9612
0-100,burma14,14,mut_0.60,1431939863182850114,3323.0000,3323.0000,0.0000,21.1787
0-100,burma14,14,mut_0.60,1431939863182850115,3323.0000,3323.0000,0.0000,22.0967
0-100,dantzig42,42,mut_0.60,1628802301594570812,699.0000,699.0000,0.0000,38.5231
0-100,dantzig42,42,mut_0.60,1628802301594570813,699.0000,699.0000,0.0000,38.7233
0-100,dantzig42,42,mut_0.60,1628802301594570814,699.0000,699.0000,0.0000,38.7113
0-100,dantzig42,42,mut_0.60,1628802301594570815,699.0000,699.0000,0.0000,39.3431
0-100,dantzig42,42,mut_0.60,1628802301594570816,699.0000,699.0000,0.0000,39.7687
0-100,eil51,51,mut_0.60,10099709840584788393,530.0000,426.0000,24.4131,45.1780
0-100,eil51,51,mut_0.60,10099709840584788394,518.0000,426.0000,21.5962,44.5559
0-100,eil51,51,mut_0.60,10099709840584788395,512.0000,426.0000,20.1878,43.9763
0-100,eil51,51,mut_0.60,10099709840584788396,504.0000,426.0000,18.3099,43.3742
0-100,eil51,51,mut_0.60,10099709840584788397,551.0000,426.0000,29.3427,44.3045
0-100,eil76,76,mut_0.60,12223626826399772056,877.0000,538.0000,63.0112,56.6822
0-100,eil76,76,mut_0.60,12223626826399772057,878.0000,538.0000,63.1970,57.1538
0-100,eil76,76,mut_0.60,12223626826399772058,866.0000,538.0000,60.9665,58.3177
0-100,eil76,76,mut_0.60,12223626826399772059,856.0000,538.0000,59.1078,58.6126
0-100,eil76,76,mut_0.60,12223626826399772060,812.0000,538.0000,50.9294,55.1489
0-100,fri26,26,mut_0.60,13393787145078069546,937.0000,937.0000,0.0000,28.6535
0-100,fri26,26,mut_0.60,13393787145078069547,937.0000,937.0000,0.0000,29.8334
0-100,fri26,26,mut_0.60,13393787145078069548,937.0000,937.0000,0.0000,28.8991
0-100,fri26,26,mut_0.60,13393787145078069549,937.0000,937.0000,0.0000,29.7775
0-100,fri26,26,mut_0.60,13393787145078069550,937.0000,937.0000,0.0000,29.0061
0-100,gr17,17,mut_0.60,13508079061452207750,2103.0000,2085.0000,0.8633,23.9740
0-100,gr17,17,mut_0.60,13508079061452207751,2103.0000,2085.0000,0.8633,25.2814
0-100,gr17,17,mut_0.60,13508079061452207752,2103.0000,2085.0000,0.8633,24.8911
0-100,gr17,17,mut_0.60,13508079061452207753,2090.0000,2085.0000,0.2398,23.7958
0-100,gr17,17,mut_0.60,13508079061452207754,2085.0000,2085.0000,0.0000,23.5232
0-100,gr21,21,mut_0.60,15815111872790613887,2707.0000,2707.0000,0.0000,25.2914
0-100,gr21,21,mut_0.60,15815111872790613888,2707.0000,2707.0000,0.0000,26.6129
0-100,gr21,21,mut_0.60,15815111872790613889,2707.0000,2707.0000,0.0000,26.0286
0-100,gr21,21,mut_0.60,15815111872790613890,2707.0000,2707.0000,0.0000,26.1161
0-100,gr21,21,mut_0.60,15815111872790613891,2707.0000,2707.0000,0.0000,25.7434
0-100,gr24,24,mut_0.60,16460776470621441286,1286.0000,1272.0000,1.1006,27.5577
0-100,gr24,24,mut_0.60,16460776470621441287,1361.0000,1272.0000,6.9969,27.9574
0-100,gr24,24,mut_0.60,16460776470621441288,1366.0000,1272.0000,7.3899,28.5863
0-100,gr24,24,mut_0.60,16460776470621441289,1425.0000,1272.0000,12.0283,28.3664
0-100,gr24,24,mut_0.60,16460776470621441290,1289.0000,1272.0000,1.3365,27.9455
0-100,gr48,48,mut_0.60,12220557232589631944,6579.0000,5046.0000,30.3805,42.5411
0-100,gr48,48,mut_0.60,12220557232589631945,6171.0000,5046.0000,22.2949,41.6190
0-100,gr48,48,mut_0.60,12220557232589631946,6688.0000,5046.0000,32.5406,41.7979
0-100,gr48,48,mut_0.60,12220557232589631947,6436.0000,5046.0000,27.5466,41.8541
0-100,gr48,48,mut_0.60,12220557232589631948,6134.0000,5046.0000,21.5616,42.1693
0-100,gr96,96,mut_0.60,17484094819896350609,78448.0000,55209.0000,42.0928,65.4223
0-100,gr96,96,mut_0.60,17484094819896350610,77960.0000,55209.0000,41.2089,67.0985
0-100,gr96,96,mut_0.60,17484094819896350611,76524.0000,55209.0000,38.6078,66.5375
0-100,gr96,96,mut_0.60,17484094819896350612,74680.0000,55209.0000,35.2678,65.8897
0-100,gr96,96,mut_0.60,17484094819896350613,76243.0000,55209.0000,38.0989,79.2520
0-100,hk48,48,mut_0.60,6281029356010388980,15122.0000,11461.0000,31.9431,42.7216
0-100,hk48,48,mut_0.60,6281029356010388981,14405.0000,11461.0000,25.6871,42.8887
0-100,hk48,48,mut_0.60,6281029356010388982,15522.0000,11461.0000,35.4332,42.0527
0-100,hk48,48,mut_0.60,6281029356010388983,14642.0000,11461.0000,27.7550,42.2735
0-100,hk48,48,mut_0.60,6281029356010388984,14139.0000,11461.0000,23.3662,42.4020
0-100,pr76,76,mut_0.60,10195537236936491706,150234.0000,108159.0000,38.9011,56.2188
0-100,pr76,76,mut_0.60,10195537236936491707,148188.0000,108159.0000,37.0094,55.5684
0-100,pr76,76,mut_0.60,10195537236936491708,150010.0000,108159.0000,38.6940,55.1809
0-100,pr76,76,mut_0.60,10195537236936491709,150494.0000,108159.0000,39.1414,55.0472
0-100,pr76,76,mut_0.60,10195537236936491710,147744.0000,108159.0000,36.5989,55.2904
0-100,rat99,99,mut_0.60,4569370892225726454,1960.0000,1211.0000,61.8497,66.8014
0-100,rat99,99,mut_0.60,4569370892225726455,1995.0000,1211.0000,64.7399,68.6975
0-100,rat99,99,mut_0.60,4569370892225726456,1971.0000,1211.0000,62.7581,67.1226
0-100,rat99,99,mut_0.60,4569370892225726457,1933.0000,1211.0000,59.6201,67.0855
0-100,rat99,99,mut_0.60,4569370892225726458,1899.0000,1211.0000,56.8126,71.1394
0-100,st70,70,mut_0.60,4711580235213906579,1167.0000,675.0000,72.8889,53.5305
0-100,st70,70,mut_0.60,4711580235213906580,1058.0000,675.0000,56.7407,54.2215
0-100,st70,70,mut_0.60,4711580235213906581,1120.0000,675.0000,65.9259,53.6385
0-100,st70,70,mut_0.60,4711580235213906582,1104.0000,675.0000,63.5556,55.0882
0-100,st70,70,mut_0.60,4711580235213906583,1182.0000,675.0000,75.1111,53.4603
0-100,swiss42,42,mut_0.60,7673158083462266796,1541.0000,1273.0000,21.0526,38.7220
0-100,swiss42,42,mut_0.60,7673158083462266797,1587.0000,1273.0000,24.6661,40.0104
0-100,swiss42,42,mut_0.60,7673158083462266798,1534.0000,1273.0000,20.5027,38.2982
0-100,swiss42,42,mut_0.60,7673158083462266799,1567.0000,1273.0000,23.0951,39.0566
0-100,swiss42,42,mut_0.60,7673158083462266800,1422.0000,1273.0000,11.7046,38.4246
0-100,ulysses16,16,mut_0.60,14359590102659529458,6859.0000,6859.0000,0.0000,23.2675
0-100,ulysses16,16,mut_0.60,14359590102659529459,6870.0000,6859.0000,0.1604,29.9922
0-100,ulysses16,16,mut_0.60,14359590102659529460,6870.0000,6859.0000,0.1604,23.7053
0-100,ulysses16,16,mut_0.60,14359590102659529461,6870.0000,6859.0000,0.1604,24.0868
0-100,ulysses16,16,mut_0.60,14359590102659529462,6859.0000,6859.0000,0.0000,23.7238
0-100,ulysses22,22,mut_0.60,10948151287981969989,7081.0000,7013.0000,0.9696,26.3610
0-100,ulysses22,22,mut_0.60,10948151287981969990,7013.0000,7013.0000,0.0000,27.5365
0-100,ulysses22,22,mut_0.60,10948151287981969991,7013.0000,7013.0000,0.0000,27.5458
0-100,ulysses22,22,mut_0.60,10948151287981969992,7013.0000,7013.0000,0.0000,26.5020
0-100,ulysses22,22,mut_0.60,10948151287981969993,7132.0000,7013.0000,1.6968,27.4599
0-100,att48,48,mut_0.80,6068408824827493776,16323.0000,10628.0000,53.5849,53.5790
0-100,att48,48,mut_0.80,6068408824827493777,14707.0000,10628.0000,38.3798,44.8176
0-100,att48,48,mut_0.80,6068408824827493778,14314.0000,10628.0000,34.6820,43.4610
0-100,att48,48,mut_0.80,6068408824827493779,14317.0000,10628.0000,34.7102,43.4649
0-100,att48,48,mut_0.80,6068408824827493780,14199.0000,10628.0000,33.5999,44.5915
0-100,bayg29,29,mut_0.80,8106057264479466247,1883.0000,1610.0000,16.9565,31.4632
0-100,bayg29,29,mut_0.80,8106057264479466248,1946.0000,1610.0000,20.8696,33.0870
0-100,bayg29,29,mut_0.80,8106057264479466249,1847.0000,1610.0000,14.7205,31.5608
0-100,bayg29,29,mut_0.80,8106057264479466250,1735.0000,1610.0000,7.7640,32.0717
0-100,bayg29,29,mut_0.80,8106057264479466251,1716.0000,1610.0000,6.5839,31.9994
0-100,bays29,29,mut_0.80,1580701639742909955,2165.0000,2020.0000,7.1782,34.1086
0-100,bays29,29,mut_0.80,1580701639742909956,2247.0000,2020.0000,11.2376,33.6742
0-100,bays29,29,mut_0.80,1580701639742909957,2456.0000,2020.0000,21.5842,32.0972
0-100,bays29,29,mut_0.80,1580701639742909958,2299.0000,2020.0000,13.8119,31.4473
0-100,bays29,29,mut_0.80,1580701639742909959,2071.0000,2020.0000,2.5248,31.6428
0-100,berlin52,52,mut_0.80,16894594557926929066,10569.0000,7542.0000,40.1352,45.6657
0-100,berlin52,52,mut_0.80,16894594557926929067,11843.0000,7542.0000,57.0273,48.0140
0-100,berlin52,52,mut_0.80,16894594557926929068,10398.0000,7542.0000,37.8679,46.0530
0-100,berlin52,52,mut_0.80,16894594557926929069,11135.0000,7542.0000,47.6399,46.1617
0-100,berlin52,52,mut_0.80,16894594557926929070,10824.0000,7542.0000,43.5163,46.1878
0-100,brazil58,58,mut_0.80,358122556287317534,36675.0000,25395.0000,44.4182,49.3152
0-100,brazil58,58,mut_0.80,358122556287317535,34408.0000,25395.0000,35.4912,50.6667
0-100,brazil58,58,mut_0.80,358122556287317536,31800.0000,25395.0000,25.2215,49.7096
0-100,brazil58,58,mut_0.80,358122556287317537,38045.0000,25395.0000,49.8130,49.2342
0-100,brazil58,58,mut_0.80,358122556287317538,41096.0000,25395.0000,61.8271,48.8908
0-100,burma14,14,mut_0.80,2378844081356697817,3323.0000,3323.0000,0.0000,22.3984
0-100,burma14,14,mut_0.80,2378844081356697818,3323.0000,3323.0000,0.0000,24.3553
0-100,burma14,14,mut_0.80,2378844081356697819,3323.0000,3323.0000,0.0000,22.5483
0-100,burma14,14,mut_0.80,2378844081356697820,3323.0000,3323.0000,0.0000,22.8366
0-100,burma14,14,mut_0.80,2378844081356697821,3323.0000,3323.0000,0.0000,22.2784
0-100,dantzig42,42,mut_0.80,18317305518589631398,699.0000,699.0000,0.0000,39.9150
0-100,dantzig42,42,mut_0.80,18317305518589631399,699.0000,699.0000,0.0000,40.3714
0-100,dantzig42,42,mut_0.80,18317305518589631400,699.0000,699.0000,0.0000,38.7191
0-100,dantzig42,42,mut_0.80,18317305518589631401,699.0000,699.0000,0.0000,39.3058
0-100,dantzig42,42,mut_0.80,18317305518589631402,699.0000,699.0000,0.0000,39.3946
0-100,eil51,51,mut_0.80,7275943756008317427,608.0000,426.0000,42.7230,44.6163
0-100,eil51,51,mut_0.80,7275943756008317428,602.0000,426.0000,41.3146,47.8910
0-100,eil51,51,mut_0.80,7275943756008317429,629.0000,426.0000,47.6526,44.3746
0-100,eil51,51,mut_0.80,7275943756008317430,635.0000,426.0000,49.0610,44.8473
0-100,eil51,51,mut_0.80,7275943756008317431,603.0000,426.0000,41.5493,45.5902
0-100,eil76,76,mut_0.80,9399860741823301090,968.0000,538.0000,79.9257,59.3785
0-100,eil76,76,mut_0.80,9399860741823301091,957.0000,538.0000,77.8810,57.7195
0-100,eil76,76,mut_0.80,9399860741823301092,943.0000,538.0000,75.2788,57.8946
0-100,eil76,76,mut_0.80,9399860741823301093,949.0000,538.0000,76.3941,58.4268
0-100,eil76,76,mut_0.80,9399860741823301094,1009.0000,538.0000,87.5465,58.2092
0-100,fri26,26,mut_0.80,10570021060501598580,957.0000,937.0000,2.1345,29.8377
0-100,fri26,26,mut_0.80,10570021060501598581,959.0000,937.0000,2.3479,29.9822
0-100,fri26,26,mut_0.80,10570021060501598582,963.0000,937.0000,2.7748,30.1530
0-100,fri26,26,mut_0.80,10570021060501598583,955.0000,937.0000,1.9210,29.6175
0-100,fri26,26,mut_0.80,10570021060501598584,937.0000,937.0000,0.0000,30.2913
0-100,gr17,17,mut_0.80,9684522908209960692,2090.0000,2085.0000,0.2398,25.9756
0-100,gr17,17,mut_0.80,9684522908209960693,2123.0000,2085.0000,1.8225,25.9926
0-100,gr17,17,mut_0.80,9684522908209960694,2090.0000,2085.0000,0.2398,24.8798
0-100,gr17,17,mut_0.80,9684522908209960695,2136.0000,2085.0000,2.4460,24.6518
0-100,gr17,17,mut_0.80,9684522908209960696,2103.0000,2085.0000,0.8633,24.1867
0-100,gr21,21,mut_0.80,11991555719548366829,2707.0000,2707.0000,0.0000,38.4124
0-100,gr21,21,mut_0.80,11991555719548366830,2795.0000,2707.0000,3.2508,26.3583
0-100,gr21,21,mut_0.80,11991555719548366831,2707.0000,2707.0000,0.0000,26.9374
0-100,gr21,21,mut_0.80,11991555719548366832,2707.0000,2707.0000,0.0000,26.2422
0-100,gr21,21,mut_0.80,11991555719548366833,2997.0000,2707.0000,10.7130,26.7521
0-100,gr24,24,mut_0.80,12637220317379194228,1352.0000,1272.0000,6.2893,28.5851
0-100,gr24,24,mut_0.80,12637220317379194229,1305.0000,1272.0000,2.5943,29.0847
0-100,gr24,24,mut_0.80,12637220317379194230,1486.0000,1272.0000,16.8239,29.2739
0-100,gr24,24,mut_0.80,12637220317379194231,1439.0000,1272.0000,13.1289,29.3072
0-100,gr24,24,mut_0.80,12637220317379194232,1367.0000,1272.0000,7.4686,29.3032
0-100,gr48,48,mut_0.80,8397001079347384886,6884.0000,5046.0000,36.4249,43.2453
0-100,gr48,48,mut_0.80,8397001079347384887,8526.0000,5046.0000,68.9655,44.3380
0-100,gr48,48,mut_0.80,8397001079347384888,7276.0000,5046.0000,44.1934,43.7088
0-100,gr48,48,mut_0.80,8397001079347384889,6878.0000,5046.0000,36.3060,43.0894
0-100,gr48,48,mut_0.80,8397001079347384890,8060.0000,5046.0000,59.7305,43.3833
0-100,gr96,96,mut_0.80,13660538666654103551,77021.0000,55209.0000,39.5081,68.5974
0-100,gr96,96,mut_0.80,13660538666654103552,79574.0000,55209.0000,44.1323,67.7044
0-100,gr96,96,mut_0.80,13660538666654103553,78167.0000,55209.0000,41.5838,67.4965
0-100,gr96,96,mut_0.80,13660538666654103554,79139.0000,55209.0000,43.3444,67.1322
0-100,gr96,96,mut_0.80,13660538666654103555,77627.0000,55209.0000,40.6057,67.3830
0-100,hk48,48,mut_0.80,2457473202768141922,16175.0000,11461.0000,41.1308,44.2297
0-100,hk48,48,mut_0.80,2457473202768141923,14210.0000,11461.0000,23.9857,44.2239
0-100,hk48,48,mut_0.80,2457473202768141924,15384.0000,11461.0000,34.2291,43.0538
0-100,hk48,48,mut_0.80,2457473202768141925,15660.0000,11461.0000,36.6373,43.9314
0-100,hk48,48,mut_0.80,2457473202768141926,15065.0000,11461.0000,31.4458,43.4632
0-100,pr76,76,mut_0.80,6371981083694244648,150352.0000,108159.0000,39.0102,57.2651
0-100,pr76,76,mut_0.80,6371981083694244649,150360.0000,108159.0000,39.0176,57.5628
0-100,pr76,76,mut_0.80,6371981083694244650,150582.0000,108159.0000,39.2228,58.2495
0-100,pr76,76,mut_0.80,6371981083694244651,148773.0000,108159.0000,37.5503,60.2720
0-100,pr76,76,mut_0.80,6371981083694244652,150692.0000,108159.0000,39.3245,56.6966
0-100,rat99,99,mut_0.80,1745604807649255488,2011.0000,1211.0000,66.0611,70.4551
0-100,rat99,99,mut_0.80,1745604807649255489,1984.0000,1211.0000,63.8315,70.5838
0-100,rat99,99,mut_0.80,1745604807649255490,1990.0000,1211.0000,64.3270,70.3521
0-100,rat99,99,mut_0.80,1745604807649255491,2013.0000,1211.0000,66.2263,68.6721
0-100,rat99,99,mut_0.80,1745604807649255492,2060.0000,1211.0000,70.1073,69.8120
0-100,st70,70,mut_0.80,888024081971659521,1232.0000,675.0000,82.5185,55.0714
0-100,st70,70,mut_0.80,888024081971659522,1360.0000,675.0000,101.4815,57.6443
0-100,st70,70,mut_0.80,888024081971659523,1428.0000,675.0000,111.5556,55.7785
0-100,st70,70,mut_0.80,888024081971659524,1282.0000,675.0000,89.9259,55.5538
0-100,st70,70,mut_0.80,888024081971659525,1357.0000,675.0000,101.0370,56.1189
0-100,swiss42,42,mut_0.80,8620062301636114502,1752.0000,1273.0000,37.6277,40.7031
0-100,swiss42,42,mut_0.80,8620062301636114503,1749.0000,1273.0000,37.3920,41.4599
0-100,swiss42,42,mut_0.80,8620062301636114504,1890.0000,1273.0000,48.4682,40.3382
0-100,swiss42,42,mut_0.80,8620062301636114505,1796.0000,1273.0000,41.0841,40.2370
0-100,swiss42,42,mut_0.80,8620062301636114506,1869.0000,1273.0000,46.8185,40.1757
0-100,ulysses16,16,mut_0.80,12601349245945038428,6859.0000,6859.0000,0.0000,25.2454
0-100,ulysses16,16,mut_0.80,12601349245945038429,6895.0000,6859.0000,0.5249,26.0931
0-100,ulysses16,16,mut_0.80,12601349245945038430,6939.0000,6859.0000,1.1664,24.4169
0-100,ulysses16,16,mut_0.80,12601349245945038431,6923.0000,6859.0000,0.9331,25.1796
0-100,ulysses16,16,mut_0.80,12601349245945038432,6895.0000,6859.0000,0.5249,23.9318
0-100,ulysses22,22,mut_0.80,9189910431267478959,7342.0000,7013.0000,4.6913,28.1012
0-100,ulysses22,22,mut_0.80,9189910431267478960,7143.0000,7013.0000,1.8537,27.2560
0-100,ulysses22,22,mut_0.80,9189910431267478961,7280.0000,7013.0000,3.8072,27.7772
0-100,ulysses22,22,mut_0.80,9189910431267478962,7120.0000,7013.0000,1.5257,27.4559
0-100,ulysses22,22,mut_0.80,9189910431267478963,7243.0000,7013.0000,3.2796,27.5681
0-100,att48,48,elite_5,16997090310211335866,12876.0000,10628.0000,21.1517,36.6654
0-100,att48,48,elite_5,16997090310211335867,12216.0000,10628.0000,14.9417,38.2686
0-100,att48,48,elite_5,16997090310211335868,11830.0000,10628.0000,11.3097,36.1127
0-100,att48,48,elite_5,16997090310211335869,11503.0000,10628.0000,8.2330,35.6637
0-100,att48,48,elite_5,16997090310211335870,11463.0000,10628.0000,7.8566,40.7208
0-100,bayg29,29,elite_5,917294100417753989,1678.0000,1610.0000,4.2236,24.5867
0-100,bayg29,29,elite_5,917294100417753990,1695.0000,1610.0000,5.2795,27.9951
0-100,bayg29,29,elite_5,917294100417753991,1709.0000,1610.0000,6.1491,28.7998
0-100,bayg29,29,elite_5,917294100417753992,1643.0000,1610.0000,2.0497,24.1499
0-100,bayg29,29,elite_5,917294100417753993,1682.0000,1610.0000,4.4720,24.6941
0-100,bays29,29,elite_5,12838682549390749313,2103.0000,2020.0000,4.1089,24.2334
0-100,bays29,29,elite_5,12838682549390749314,2082.0000,2020.0000,3.0693,25.0359
0-100,bays29,29,elite_5,12838682549390749315,2068.0000,2020.0000,2.3762,25.1920
0-100,bays29,29,elite_5,12838682549390749316,2026.0000,2020.0000,0.2970,24.6922
0-100,bays29,29,elite_5,12838682549390749317,2275.0000,2020.0000,12.6238,25.0543
0-100,berlin52,52,elite_5,3907556990654525720,8676.0000,7542.0000,15.0358,37.7508
0-100,berlin52,52,elite_5,3907556990654525721,8772.0000,7542.0000,16.3087,39.3178
0-100,berlin52,52,elite_5,3907556990654525722,9293.0000,7542.0000,23.2167,38.5119
0-100,berlin52,52,elite_5,3907556990654525723,8627.0000,7542.0000,14.3861,38.0048
0-100,berlin52,52,elite_5,3907556990654525724,8750.0000,7542.0000,16.0170,38.3039
0-100,brazil58,58,elite_5,5817829062724465804,27680.0000,25395.0000,8.9978,42.2498
0-100,brazil58,58,elite_5,5817829062724465805,29835.0000,25395.0000,17.4838,40.6972
0-100,brazil58,58,elite_5,5817829062724465806,30429.0000,25395.0000,19.8228,41.0497
0-100,brazil58,58,elite_5,5817829062724465807,29295.0000,25395.0000,15.3574,42.5733
0-100,brazil58,58,elite_5,5817829062724465808,28158.0000,25395.0000,10.8801,41.1026
0-100,burma14,14,elite_5,1434817348459524435,3323.0000,3323.0000,0.0000,16.4079
0-100,burma14,14,elite_5,1434817348459524436,3323.0000,3323.0000,0.0000,16.9629
0-100,burma14,14,elite_5,1434817348459524437,3323.0000,3323.0000,0.0000,17.2546
0-100,burma14,14,elite_5,1434817348459524438,3323.0000,3323.0000,0.0000,16.5760
0-100,burma14,14,elite_5,1434817348459524439,3323.0000,3323.0000,0.0000,16.6351
0-100,dantzig42,42,elite_5,14115838987183541744,699.0000,699.0000,0.0000,31.5409
0-100,dantzig42,42,elite_5,14115838987183541745,699.0000,699.0000,0.0000,31.5749
0-100,dantzig42,42,elite_5,14115838987183541746,699.0000,699.0000,0.0000,31.4588
0-100,dantzig42,42,elite_5,14115838987183541747,699.0000,699.0000,0.0000,31.3674
0-100,dantzig42,42,elite_5,14115838987183541748,699.0000,699.0000,0.0000,31.7990
0-100,eil51,51,elite_5,18204625241392159517,457.0000,426.0000,7.2770,37.9669
0-100,eil51,51,elite_5,18204625241392159518,463.0000,426.0000,8.6854,39.1164
0-100,eil51,51,elite_5,18204625241392159519,468.0000,426.0000,9.8592,37.3726
0-100,eil51,51,elite_5,18204625241392159520,482.0000,426.0000,13.1455,38.2335
0-100,eil51,51,elite_5,18204625241392159521,459.0000,426.0000,7.7465,37.6741
0-100,eil76,76,elite_5,1881798153497591564,684.0000,538.0000,27.1375,50.6559
0-100,eil76,76,elite_5,1881798153497591565,671.0000,538.0000,24.7212,50.4332
0-100,eil76,76,elite_5,1881798153497591566,683.0000,538.0000,26.9517,49.5276
0-100,eil76,76,elite_5,1881798153497591567,698.0000,538.0000,29.7398,50.9723
0-100,eil76,76,elite_5,1881798153497591568,695.0000,538.0000,29.1822,49.2201
0-100,fri26,26,elite_5,3051958472175889054,955.0000,937.0000,1.9210,22.6423
0-100,fri26,26,elite_5,3051958472175889055,955.0000,937.0000,1.9210,22.5089
0-100,fri26,26,elite_5,3051958472175889056,937.0000,937.0000,0.0000,22.9924
0-100,fri26,26,elite_5,3051958472175889057,955.0000,937.0000,1.9210,22.2551
0-100,fri26,26,elite_5,3051958472175889058,955.0000,937.0000,1.9210,23.3550
0-100,gr17,17,elite_5,16527060290068299010,2085.0000,2085.0000,0.0000,19.1928
0-100,gr17,17,elite_5,16527060290068299011,2090.0000,2085.0000,0.2398,18.8483
0-100,gr17,17,elite_5,16527060290068299012,2085.0000,2085.0000,0.0000,18.9428
0-100,gr17,17,elite_5,16527060290068299013,2085.0000,2085.0000,0.0000,18.8690
0-100,gr17,17,elite_5,16527060290068299014,2090.0000,2085.0000,0.2398,17.6353
0-100,gr21,21,elite_5,387349027697153531,2707.0000,2707.0000,0.0000,21.1789
0-100,gr21,21,elite_5,387349027697153532,2801.0000,2707.0000,3.4725,21.3533
0-100,gr21,21,elite_5,387349027697153533,2782.0000,2707.0000,2.7706,21.2256
0-100,gr21,21,elite_5,387349027697153534,2998.0000,2707.0000,10.7499,21.0200
0-100,gr21,21,elite_5,387349027697153535,3000.0000,2707.0000,10.8238,20.8060
0-100,gr24,24,elite_5,1033013625527980930,1286.0000,1272.0000,1.1006,22.5288
0-100,gr24,24,elite_5,1033013625527980931,1354.0000,1272.0000,6.4465,23.2090
0-100,gr24,24,elite_5,1033013625527980932,1305.0000,1272.0000,2.5943,22.9330
0-100,gr24,24,elite_5,1033013625527980933,1356.0000,1272.0000,6.6038,22.9876
0-100,gr24,24,elite_5,1033013625527980934,1286.0000,1272.0000,1.1006,22.5250
0-100,gr48,48,elite_5,15239538461205723204,5756.0000,5046.0000,14.0706,36.7556
0-100,gr48,48,elite_5,15239538461205723205,5746.0000,5046.0000,13.8724,37.6866
0-100,gr48,48,elite_5,15239538461205723206,5596.0000,5046.0000,10.8997,36.2945
0-100,gr48,48,elite_5,15239538461205723207,5447.0000,5046.0000,7.9469,35.5854
0-100,gr48,48,elite_5,15239538461205723208,5800.0000,5046.0000,14.9425,35.8771
0-100,gr96,96,elite_5,2056331974802890253,71332.0000,55209.0000,29.2036,71.3587
0-100,gr96,96,elite_5,2056331974802890254,70692.0000,55209.0000,28.0443,60.3469
0-100,gr96,96,elite_5,2056331974802890255,68531.0000,55209.0000,24.1301,58.3018
0-100,gr96,96,elite_5,2056331974802890256,67069.0000,55209.0000,21.4820,58.9421
0-100,gr96,96,elite_5,2056331974802890257,68488.0000,55209.0000,24.0522,58.8449
0-100,hk48,48,elite_5,9300010584626480240,12811.0000,11461.0000,11.7791,38.2402
0-100,hk48,48,elite_5,9300010584626480241,12556.0000,11461.0000,9.5541,35.8824
0-100,hk48,48,elite_5,9300010584626480242,13808.0000,11461.0000,20.4781,35.3568
0-100,hk48,48,elite_5,9300010584626480243,12285.0000,11461.0000,7.1896,35.7741
0-100,hk48,48,elite_5,9300010584626480244,14523.0000,11461.0000,26.7167,37.4943
0-100,pr76,76,elite_5,13214518465552582966,150225.0000,108159.0000,38.8927,48.3836
0-100,pr76,76,elite_5,13214518465552582967,150781.0000,108159.0000,39.4068,48.3644
0-100,pr76,76,elite_5,13214518465552582968,150781.0000,108159.0000,39.4068,51.8755
0-100,pr76,76,elite_5,13214518465552582969,146789.0000,108159.0000,35.7159,47.9608
0-100,pr76,76,elite_5,13214518465552582970,147534.0000,108159.0000,36.4047,49.2556
0-100,rat99,99,elite_5,12674286293033097578,1599.0000,1211.0000,32.0396,59.9260
0-100,rat99,99,elite_5,12674286293033097579,1694.0000,1211.0000,39.8844,61.1403
0-100,rat99,99,elite_5,12674286293033097580,1638.0000,1211.0000,35.2601,60.1436
0-100,rat99,99,elite_5,12674286293033097581,1682.0000,1211.0000,38.8935,60.0889
0-100,rat99,99,elite_5,12674286293033097582,1625.0000,1211.0000,34.1866,60.2943
0-100,st70,70,elite_5,7730561463829997839,818.0000,675.0000,21.1852,48.4519
0-100,st70,70,elite_5,7730561463829997840,864.0000,675.0000,28.0000,49.4191
0-100,st70,70,elite_5,7730561463829997841,886.0000,675.0000,31.2593,46.6980
0-100,st70,70,elite_5,7730561463829997842,806.0000,675.0000,19.4074,46.8747
0-100,st70,70,elite_5,7730561463829997843,909.0000,675.0000,34.6667,47.0871
0-100,swiss42,42,elite_5,7676035568738941120,1363.0000,1273.0000,7.0699,31.6738
0-100,swiss42,42,elite_5,7676035568738941121,1458.0000,1273.0000,14.5326,32.5479
0-100,swiss42,42,elite_5,7676035568738941122,1400.0000,1273.0000,9.9764,32.3363
0-100,swiss42,42,elite_5,7676035568738941123,1454.0000,1273.0000,14.2184,32.6969
0-100,swiss42,42,elite_5,7676035568738941124,1512.0000,1273.0000,18.7745,32.3954
0-100,ulysses16,16,elite_5,8399882714538948774,6939.0000,6859.0000,1.1664,17.7876
0-100,ulysses16,16,elite_5,8399882714538948775,6859.0000,6859.0000,0.0000,19.5114
0-100,ulysses16,16,elite_5,8399882714538948776,6859.0000,6859.0000,0.0000,18.9486
0-100,ulysses16,16,elite_5,8399882714538948777,6859.0000,6859.0000,0.0000,18.3423
0-100,ulysses16,16,elite_5,8399882714538948778,6895.0000,6859.0000,0.5249,17.8193
0-100,ulysses22,22,elite_5,4988443899861389305,7272.0000,7013.0000,3.6931,24.1344
0-100,ulysses22,22,elite_5,4988443899861389306,7087.0000,7013.0000,1.0552,21.5955
0-100,ulysses22,22,elite_5,4988443899861389307,7092.0000,7013.0000,1.1265,20.8086
0-100,ulysses22,22,elite_5,4988443899861389308,7120.0000,7013.0000,1.5257,22.3115
0-100,ulysses22,22,elite_5,4988443899861389309,7243.0000,7013.0000,3.2796,20.9923
0-100,att48,48,elite_10,147614008301948266,11908.0000,10628.0000,12.0437,35.8183
0-100,att48,48,elite_10,147614008301948267,11223.0000,10628.0000,5.5984,35.3296
0-100,att48,48,elite_10,147614008301948268,11415.0000,10628.0000,7.4050,34.7311
0-100,att48,48,elite_10,147614008301948269,12280.0000,10628.0000,15.5438,35.2642
0-100,att48,48,elite_10,147614008301948270,11245.0000,10628.0000,5.8054,34.5584
0-100,bayg29,29,elite_10,7245187395434172309,1633.0000,1610.0000,1.4286,23.8475
0-100,bayg29,29,elite_10,7245187395434172310,1683.0000,1610.0000,4.5342,26.8856
0-100,bayg29,29,elite_10,7245187395434172311,1610.0000,1610.0000,0.0000,24.1013
0-100,bayg29,29,elite_10,7245187395434172312,1667.0000,1610.0000,3.5404,24.4609
0-100,bayg29,29,elite_10,7245187395434172313,1772.0000,1610.0000,10.0621,24.2693
0-100,bays29,29,elite_10,719831770697616017,2034.0000,2020.0000,0.6931,24.1095
0-100,bays29,29,elite_10,719831770697616018,2201.0000,2020.0000,8.9604,23.8216
0-100,bays29,29,elite_10,719831770697616019,2110.0000,2020.0000,4.4554,25.1161
0-100,bays29,29,elite_10,719831770697616020,2226.0000,2020.0000,10.1980,24.4501
0-100,bays29,29,elite_10,719831770697616021,2159.0000,2020.0000,6.8812,25.4221
0-100,berlin52,52,elite_10,902030839278951848,8885.0000,7542.0000,17.8069,37.3767
0-100,berlin52,52,elite_10,902030839278951849,8426.0000,7542.0000,11.7210,38.0209
0-100,berlin52,52,elite_10,902030839278951850,8764.0000,7542.0000,16.2026,37.0671
0-100,berlin52,52,elite_10,902030839278951851,9219.0000,7542.0000,22.2355,37.2082
0-100,berlin52,52,elite_10,902030839278951852,9414.0000,7542.0000,24.8210,37.0743
0-100,brazil58,58,elite_10,2812302911348891932,29812.0000,25395.0000,17.3932,39.7356
0-100,brazil58,58,elite_10,2812302911348891933,31803.0000,25395.0000,25.2333,39.4345
0-100,brazil58,58,elite_10,2812302911348891934,28044.0000,25395.0000,10.4312,38.4961
0-100,brazil58,58,elite_10,2812302911348891935,29306.0000,25395.0000,15.4007,38.3329
0-100,brazil58,58,elite_10,2812302911348891936,30019.0000,25395.0000,18.2083,38.5902
0-100,burma14,14,elite_10,285355678680501635,3323.0000,3323.0000,0.0000,16.2518
0-100,burma14,14,elite_10,285355678680501636,3323.0000,3323.0000,0.0000,15.6822
0-100,burma14,14,elite_10,285355678680501637,3323.0000,3323.0000,0.0000,17.1593
0-100,burma14,14,elite_10,285355678680501638,3323.0000,3323.0000,0.0000,16.2269
0-100,burma14,14,elite_10,285355678680501639,3323.0000,3323.0000,0.0000,16.3109
0-100,dantzig42,42,elite_10,7773538704883948448,699.0000,699.0000,0.0000,32.4295
0-100,dantzig42,42,elite_10,7773538704883948449,699.0000,699.0000,0.0000,32.2029
0-100,dantzig42,42,elite_10,7773538704883948450,699.0000,699.0000,0.0000,30.3069
0-100,dantzig42,42,elite_10,7773538704883948451,699.0000,699.0000,0.0000,30.6545
0-100,dantzig42,42,elite_10,7773538704883948452,699.0000,699.0000,0.0000,30.4167
0-100,eil51,51,elite_10,1355148939482771917,489.0000,426.0000,14.7887,35.9994
0-100,eil51,51,elite_10,1355148939482771918,512.0000,426.0000,20.1878,36.1793
0-100,eil51,51,elite_10,1355148939482771919,518.0000,426.0000,21.5962,36.7326
0-100,eil51,51,elite_10,1355148939482771920,491.0000,426.0000,15.2582,37.0250
0-100,eil51,51,elite_10,1355148939482771921,461.0000,426.0000,8.2160,36.2170
0-100,eil76,76,elite_10,3479065925297755580,684.0000,538.0000,27.1375,47.9340
0-100,eil76,76,elite_10,3479065925297755581,721.0000,538.0000,34.0149,48.2190
0-100,eil76,76,elite_10,3479065925297755582,679.0000,538.0000,26.2082,47.4018
0-100,eil76,76,elite_10,3479065925297755583,662.0000,538.0000,23.0483,48.0217
0-100,eil76,76,elite_10,3479065925297755584,665.0000,538.0000,23.6059,50.5693
0-100,fri26,26,elite_10,4649226243976053070,955.0000,937.0000,1.9210,22.5313
0-100,fri26,26,elite_10,4649226243976053071,955.0000,937.0000,1.9210,21.8620
0-100,fri26,26,elite_10,4649226243976053072,937.0000,937.0000,0.0000,24.1039
0-100,fri26,26,elite_10,4649226243976053073,955.0000,937.0000,1.9210,22.7252
0-100,fri26,26,elite_10,4649226243976053074,955.0000,937.0000,1.9210,22.2020
0-100,gr17,17,elite_10,9639326001213582482,2090.0000,2085.0000,0.2398,17.9106
0-100,gr17,17,elite_10,9639326001213582483,2090.0000,2085.0000,0.2398,19.6607
0-100,gr17,17,elite_10,9639326001213582484,2090.0000,2085.0000,0.2398,17.4953
0-100,gr17,17,elite_10,9639326001213582485,2103.0000,2085.0000,0.8633,20.6944
0-100,gr17,17,elite_10,9639326001213582486,2103.0000,2085.0000,0.8633,18.4330
0-100,gr21,21,elite_10,11946358812551988619,2707.0000,2707.0000,0.0000,20.2546
0-100,gr21,21,elite_10,11946358812551988620,3130.0000,2707.0000,15.6262,19.6703
0-100,gr21,21,elite_10,11946358812551988621,2707.0000,2707.0000,0.0000,20.7915
0-100,gr21,21,elite_10,11946358812551988622,2795.0000,2707.0000,3.2508,20.7936
0-100,gr21,21,elite_10,11946358812551988623,2707.0000,2707.0000,0.0000,19.6645
0-100,gr24,24,elite_10,12592023410382816018,1317.0000,1272.0000,3.5377,22.4555
0-100,gr24,24,elite_10,12592023410382816019,1346.0000,1272.0000,5.8176,21.8634
0-100,gr24,24,elite_10,12592023410382816020,1386.0000,1272.0000,8.9623,21.7012
0-100,gr24,24,elite_10,12592023410382816021,1359.0000,1272.0000,6.8396,22.2766
0-100,gr24,24,elite_10,12592023410382816022,1373.0000,1272.0000,7.9403,21.0645
0-100,gr48,48,elite_10,8351804172351006676,5984.0000,5046.0000,18.5890,36.1506
0-100,gr48,48,elite_10,8351804172351006677,5787.0000,5046.0000,14.6849,34.4335
0-100,gr48,48,elite_10,8351804172351006678,6266.0000,5046.0000,24.1776,35.1770
0-100,gr48,48,elite_10,8351804172351006679,5707.0000,5046.0000,13.0995,34.9784
0-100,gr48,48,elite_10,8351804172351006680,6295.0000,5046.0000,24.7523,35.3197
0-100,gr96,96,elite_10,13615341759657725341,70424.0000,55209.0000,27.5589,56.3374
0-100,gr96,96,elite_10,13615341759657725342,68117.0000,55209.0000,23.3802,56.9099
0-100,gr96,96,elite_10,13615341759657725343,72197.0000,55209.0000,30.7703,56.4575
0-100,gr96,96,elite_10,13615341759657725344,71180.0000,55209.0000,28.9283,57.8374
0-100,gr96,96,elite_10,13615341759657725345,69346.0000,55209.0000,25.6063,56.9465
0-100,hk48,48,elite_10,2412276295771763712,12923.0000,11461.0000,12.7563,35.2138
0-100,hk48,48,elite_10,2412276295771763713,12506.0000,11461.0000,9.1179,35.0648
0-100,hk48,48,elite_10,2412276295771763714,13010.0000,11461.0000,13.5154,35.5410
0-100,hk48,48,elite_10,2412276295771763715,12253.0000,11461.0000,6.9104,35.2387
0-100,hk48,48,elite_10,2412276295771763716,13802.0000,11461.0000,20.4258,35.1746
0-100,pr76,76,elite_10,6326784176697866438,150781.0000,108159.0000,39.4068,46.9876
0-100,pr76,76,elite_10,6326784176697866439,150781.0000,108159.0000,39.4068,46.9139
0-100,pr76,76,elite_10,6326784176697866440,147247.0000,108159.0000,36.1394,46.9689
0-100,pr76,76,elite_10,6326784176697866441,143394.0000,108159.0000,32.5770,54.0269
0-100,pr76,76,elite_10,6326784176697866442,146655.0000,108159.0000,35.5920,45.8157
0-100,rat99,99,elite_10,14271554064833261594,1744.0000,1211.0000,44.0132,58.5287
0-100,rat99,99,elite_10,14271554064833261595,1747.0000,1211.0000,44.2609,58.6989
0-100,rat99,99,elite_10,14271554064833261596,1603.0000,1211.0000,32.3699,58.6239
0-100,rat99,99,elite_10,14271554064833261597,1625.0000,1211.0000,34.1866,56.4658
0-100,rat99,99,elite_10,14271554064833261598,1902.0000,1211.0000,57.0603,58.2487
0-100,st70,70,elite_10,842827174975281311,976.0000,675.0000,44.5926,45.2312
0-100,st70,70,elite_10,842827174975281312,782.0000,675.0000,15.8519,47.7274
0-100,st70,70,elite_10,842827174975281313,862.0000,675.0000,27.7037,45.1980
0-100,st70,70,elite_10,842827174975281314,871.0000,675.0000,29.0370,45.0374
0-100,st70,70,elite_10,842827174975281315,951.0000,675.0000,40.8889,46.7322
0-100,swiss42,42,elite_10,6526573898959918320,1514.0000,1273.0000,18.9317,30.6849
0-100,swiss42,42,elite_10,6526573898959918321,1335.0000,1273.0000,4.8704,31.8661
0-100,swiss42,42,elite_10,6526573898959918322,1517.0000,1273.0000,19.1673,30.9271
0-100,swiss42,42,elite_10,6526573898959918323,1472.0000,1273.0000,15.6324,31.0871
0-100,swiss42,42,elite_10,6526573898959918324,1538.0000,1273.0000,20.8170,31.2801
0-100,ulysses16,16,elite_10,2057582432239355478,6895.0000,6859.0000,0.5249,18.9183
0-100,ulysses16,16,elite_10,2057582432239355479,6895.0000,6859.0000,0.5249,17.0896
0-100,ulysses16,16,elite_10,2057582432239355480,6909.0000,6859.0000,0.7290,18.7074
0-100,ulysses16,16,elite_10,2057582432239355481,6895.0000,6859.0000,0.5249,17.5742
0-100,ulysses16,16,elite_10,2057582432239355482,6859.0000,6859.0000,0.0000,17.7100
0-100,ulysses22,22,elite_10,17092887691271347625,7211.0000,7013.0000,2.8233,20.5083
0-100,ulysses22,22,elite_10,17092887691271347626,7195.0000,7013.0000,2.5952,20.2529
0-100,ulysses22,22,elite_10,17092887691271347627,7100.0000,7013.0000,1.2406,20.6460
0-100,ulysses22,22,elite_10,17092887691271347628,7105.0000,7013.0000,1.3118,20.6252
0-100,ulysses22,22,elite_10,17092887691271347629,7013.0000,7013.0000,0.0000,20.5107
0-100,att48,48,tour_2,711454019044428066,16332.0000,10628.0000,53.6696,44.8946
0-100,att48,48,tour_2,711454019044428067,15503.0000,10628.0000,45.8694,43.5674
0-100,att48,48,tour_2,711454019044428068,16066.0000,10628.0000,51.1667,42.7410
0-100,att48,48,tour_2,711454019044428069,15123.0000,10628.0000,42.2939,43.6756
0-100,att48,48,tour_2,711454019044428070,16505.0000,10628.0000,55.2973,42.9835
0-100,bayg29,29,tour_2,7321252507860819645,1665.0000,1610.0000,3.4161,30.9473
0-100,bayg29,29,tour_2,7321252507860819646,1828.0000,1610.0000,13.5404,31.2624
0-100,bayg29,29,tour_2,7321252507860819647,1700.0000,1610.0000,5.5901,30.4621
0-100,bayg29,29,tour_2,7321252507860819648,1687.0000,1610.0000,4.7826,31.5020
0-100,bayg29,29,tour_2,7321252507860819649,1837.0000,1610.0000,14.0994,31.4646
0-100,bays29,29,tour_2,795896883124263353,2219.0000,2020.0000,9.8515,31.6363
0-100,bays29,29,tour_2,795896883124263354,2219.0000,2020.0000,9.8515,30.5496
0-100,bays29,29,tour_2,795896883124263355,2408.0000,2020.0000,19.2079,30.9301
0-100,bays29,29,tour_2,795896883124263356,2090.0000,2020.0000,3.4653,31.1928
0-100,bays29,29,tour_2,795896883124263357,2291.0000,2020.0000,13.4158,30.4960
0-100,berlin52,52,tour_2,14983340033305271824,11508.0000,7542.0000,52.5855,44.5401
0-100,berlin52,52,tour_2,14983340033305271825,10745.0000,7542.0000,42.4688,46.0254
0-100,berlin52,52,tour_2,14983340033305271826,11757.0000,7542.0000,55.8870,45.2588
0-100,berlin52,52,tour_2,14983340033305271827,11006.0000,7542.0000,45.9295,45.0377
0-100,berlin52,52,tour_2,14983340033305271828,10687.0000,7542.0000,41.6998,44.2706
0-100,brazil58,58,tour_2,16893612105375211908,36881.0000,25395.0000,45.2294,48.2003
0-100,brazil58,58,tour_2,16893612105375211909,38117.0000,25395.0000,50.0965,48.2710
0-100,brazil58,58,tour_2,16893612105375211910,37738.0000,25395.0000,48.6041,47.7851
0-100,brazil58,58,tour_2,16893612105375211911,39103.0000,25395.0000,53.9791,47.9948
0-100,brazil58,58,tour_2,16893612105375211912,39566.0000,25395.0000,55.8023,47.9692
0-100,burma14,14,tour_2,10249885406571302651,3323.0000,3323.0000,0.0000,21.0449
0-100,burma14,14,tour_2,10249885406571302652,3323.0000,3323.0000,0.0000,21.5914
0-100,burma14,14,tour_2,10249885406571302653,3323.0000,3323.0000,0.0000,20.8308
0-100,burma14,14,tour_2,10249885406571302654,3323.0000,3323.0000,0.0000,21.8461
0-100,burma14,14,tour_2,10249885406571302655,3323.0000,3323.0000,0.0000,21.6762
0-100,dantzig42,42,tour_2,7750635751376703704,699.0000,699.0000,0.0000,40.1157
0-100,dantzig42,42,tour_2,7750635751376703705,699.0000,699.0000,0.0000,39.9613
0-100,dantzig42,42,tour_2,7750635751376703706,699.0000,699.0000,0.0000,38.9773
0-100,dantzig42,42,tour_2,7750635751376703707,699.0000,699.0000,0.0000,38.8237
0-100,dantzig42,42,tour_2,7750635751376703708,699.0000,699.0000,0.0000,38.7935
0-100,eil51,51,tour_2,1918988950225251717,675.0000,426.0000,58.4507,44.3576
0-100,eil51,51,tour_2,1918988950225251718,613.0000,426.0000,43.8967,45.9958
0-100,eil51,51,tour_2,1918988950225251719,610.0000,426.0000,43.1925,43.8322
0-100,eil51,51,tour_2,1918988950225251720,679.0000,426.0000,59.3897,44.7842
0-100,eil51,51,tour_2,1918988950225251721,632.0000,426.0000,48.3568,44.1780
0-100,eil76,76,tour_2,4042905936040235380,1039.0000,538.0000,93.1227,57.5521
0-100,eil76,76,tour_2,4042905936040235381,960.0000,538.0000,78.4387,57.5911
0-100,eil76,76,tour_2,4042905936040235382,1076.0000,538.0000,100.0000,57.8380
0-100,eil76,76,tour_2,4042905936040235383,1051.0000,538.0000,95.3532,57.5628
0-100,eil76,76,tour_2,4042905936040235384,985.0000,538.0000,83.0855,57.2861
0-100,fri26,26,tour_2,5213066254718532870,957.0000,937.0000,2.1345,29.0095
0-100,fri26,26,tour_2,5213066254718532871,957.0000,937.0000,2.1345,28.6018
0-100,fri26,26,tour_2,5213066254718532872,957.0000,937.0000,2.1345,28.8795
0-100,fri26,26,tour_2,5213066254718532873,960.0000,937.0000,2.4546,28.8395
0-100,fri26,26,tour_2,5213066254718532874,937.0000,937.0000,0.0000,28.4680
0-100,gr17,17,tour_2,349850666449552506,2103.0000,2085.0000,0.8633,23.3353
0-100,gr17,17,tour_2,349850666449552507,2090.0000,2085.0000,0.2398,24.2385
0-100,gr17,17,tour_2,349850666449552508,2090.0000,2085.0000,0.2398,23.4617
0-100,gr17,17,tour_2,349850666449552509,2103.0000,2085.0000,0.8633,23.0995
0-100,gr17,17,tour_2,349850666449552510,2085.0000,2085.0000,0.0000,23.8770
0-100,gr21,21,tour_2,2656883477787958643,2801.0000,2707.0000,3.4725,25.5407
0-100,gr21,21,tour_2,2656883477787958644,2757.0000,2707.0000,1.8471,25.2529
0-100,gr21,21,tour_2,2656883477787958645,2707.0000,2707.0000,0.0000,25.7240
0-100,gr21,21,tour_2,2656883477787958646,2707.0000,2707.0000,0.0000,25.6234
0-100,gr21,21,tour_2,2656883477787958647,2707.0000,2707.0000,0.0000,25.6668
0-100,gr24,24,tour_2,3302548075618786042,1354.0000,1272.0000,6.4465,28.2972
0-100,gr24,24,tour_2,3302548075618786043,1375.0000,1272.0000,8.0975,27.7311
0-100,gr24,24,tour_2,3302548075618786044,1455.0000,1272.0000,14.3868,27.3908
0-100,gr24,24,tour_2,3302548075618786045,1300.0000,1272.0000,2.2013,26.9656
0-100,gr24,24,tour_2,3302548075618786046,1336.0000,1272.0000,5.0314,27.6227
0-100,gr48,48,tour_2,17509072911296528316,7196.0000,5046.0000,42.6080,42.5754
0-100,gr48,48,tour_2,17509072911296528317,7357.0000,5046.0000,45.7987,43.1060
0-100,gr48,48,tour_2,17509072911296528318,6199.0000,5046.0000,22.8498,43.2981
0-100,gr48,48,tour_2,17509072911296528319,7490.0000,5046.0000,48.4344,43.0943
0-100,gr48,48,tour_2,17509072911296528320,6419.0000,5046.0000,27.2097,42.8223
0-100,gr96,96,tour_2,4325866424893695365,79360.0000,55209.0000,43.7447,67.7452
0-100,gr96,96,tour_2,4325866424893695366,77651.0000,55209.0000,40.6492,67.5806
0-100,gr96,96,tour_2,4325866424893695367,77039.0000,55209.0000,39.5407,67.2928
0-100,gr96,96,tour_2,4325866424893695368,78120.0000,55209.0000,41.4987,66.8512
0-100,gr96,96,tour_2,4325866424893695369,77568.0000,55209.0000,40.4988,67.1446
0-100,hk48,48,tour_2,11569545034717285352,16380.0000,11461.0000,42.9195,42.9361
0-100,hk48,48,tour_2,11569545034717285353,17058.0000,11461.0000,48.8352,42.5425
0-100,hk48,48,tour_2,11569545034717285354,15893.0000,11461.0000,38.6703,42.9973
0-100,hk48,48,tour_2,11569545034717285355,15434.0000,11461.0000,34.6654,42.3311
0-100,hk48,48,tour_2,11569545034717285356,15829.0000,11461.0000,38.1119,43.4129
0-100,pr76,76,tour_2,15484052915643388078,149439.0000,108159.0000,38.1660,56.7832
0-100,pr76,76,tour_2,15484052915643388079,150069.0000,108159.0000,38.7485,55.9293
0-100,pr76,76,tour_2,15484052915643388080,150777.0000,108159.0000,39.4031,57.9101
0-100,pr76,76,tour_2,15484052915643388081,150074.0000,108159.0000,38.7531,66.5875
0-100,pr76,76,tour_2,15484052915643388082,150781.0000,108159.0000,39.4068,55.6432
0-100,rat99,99,tour_2,14835394075575741394,2034.0000,1211.0000,67.9604,70.0564
0-100,rat99,99,tour_2,14835394075575741395,2017.0000,1211.0000,66.5566,69.1495
0-100,rat99,99,tour_2,14835394075575741396,1944.0000,1211.0000,60.5285,68.7633
0-100,rat99,99,tour_2,14835394075575741397,2030.0000,1211.0000,67.6301,69.6328
0-100,rat99,99,tour_2,14835394075575741398,2017.0000,1211.0000,66.5566,68.0874
0-100,st70,70,tour_2,10000095913920802951,1225.0000,675.0000,81.4815,54.1460
0-100,st70,70,tour_2,10000095913920802952,1386.0000,675.0000,105.3333,55.6910
0-100,st70,70,tour_2,10000095913920802953,1357.0000,675.0000,101.0370,54.8458
0-100,st70,70,tour_2,10000095913920802954,1292.0000,675.0000,91.4074,54.4979
0-100,st70,70,tour_2,10000095913920802955,1435.0000,675.0000,112.5926,55.3212
0-100,swiss42,42,tour_2,16491103626850719336,1679.0000,1273.0000,31.8932,38.9613
0-100,swiss42,42,tour_2,16491103626850719337,1911.0000,1273.0000,50.1178,44.1743
0-100,swiss42,42,tour_2,16491103626850719338,1600.0000,1273.0000,25.6874,38.9953
0-100,swiss42,42,tour_2,16491103626850719339,1722.0000,1273.0000,35.2710,38.1739
0-100,swiss42,42,tour_2,16491103626850719340,1824.0000,1273.0000,43.2836,39.1015
0-100,ulysses16,16,tour_2,2034679478732110734,6870.0000,6859.0000,0.1604,22.0981
0-100,ulysses16,16,tour_2,2034679478732110735,6895.0000,6859.0000,0.5249,24.9632
0-100,ulysses16,16,tour_2,2034679478732110736,6859.0000,6859.0000,0.0000,22.7355
0-100,ulysses16,16,tour_2,2034679478732110737,6895.0000,6859.0000,0.5249,23.0496
0-100,ulysses16,16,tour_2,2034679478732110738,6870.0000,6859.0000,0.1604,22.6456
0-100,ulysses22,22,tour_2,17069984737764102881,7410.0000,7013.0000,5.6609,25.9079
0-100,ulysses22,22,tour_2,17069984737764102882,7116.0000,7013.0000,1.4687,25.9318
0-100,ulysses22,22,tour_2,17069984737764102883,7198.0000,7013.0000,2.6380,25.5858
0-100,ulysses22,22,tour_2,17069984737764102884,7171.0000,7013.0000,2.2530,27.1018
0-100,ulysses22,22,tour_2,17069984737764102885,7087.0000,7013.0000,1.0552,26.4113
0-100,att48,48,tour_5,4199491826035833287,13595.0000,10628.0000,27.9168,38.3514
0-100,att48,48,tour_5,4199491826035833288,12345.0000,10628.0000,16.1554,38.0144
0-100,att48,48,tour_5,4199491826035833289,13362.0000,10628.0000,25.7245,37.3245
0-100,att48,48,tour_5,4199491826035833290,12436.0000,10628.0000,17.0117,37.1360
0-100,att48,48,tour_5,4199491826035833291,12499.0000,10628.0000,17.6044,37.6904
0-100,bayg29,29,tour_5,3085603380996113196,1727.0000,1610.0000,7.2671,25.3991
0-100,bayg29,29,tour_5,3085603380996113197,1666.0000,1610.0000,3.4783,26.4974
0-100,bayg29,29,tour_5,3085603380996113198,1826.0000,1610.0000,13.4161,25.4451
0-100,bayg29,29,tour_5,3085603380996113199,1763.0000,1610.0000,9.5031,26.0910
0-100,bayg29,29,tour_5,3085603380996113200,1761.0000,1610.0000,9.3789,25.9762
0-100,bays29,29,tour_5,15006991829969108520,2218.0000,2020.0000,9.8020,25.9433
0-100,bays29,29,tour_5,15006991829969108521,2161.0000,2020.0000,6.9802,26.7813
0-100,bays29,29,tour_5,15006991829969108522,2059.0000,2020.0000,1.9307,26.7409
0-100,bays29,29,tour_5,15006991829969108523,2454.0000,2020.0000,21.4851,27.0725
0-100,bays29,29,tour_5,15006991829969108524,2249.0000,2020.0000,11.3366,29.4956
0-100,berlin52,52,tour_5,7180324323711267575,9513.0000,7542.0000,26.1337,40.6077
0-100,berlin52,52,tour_5,7180324323711267576,8762.0000,7542.0000,16.1761,42.5339
0-100,berlin52,52,tour_5,7180324323711267577,9735.0000,7542.0000,29.0772,39.6254
0-100,berlin52,52,tour_5,7180324323711267578,8148.0000,7542.0000,8.0350,38.9179
0-100,berlin52,52,tour_5,7180324323711267579,10426.0000,7542.0000,38.2392,39.5353
0-100,brazil58,58,tour_5,9090596395781207659,31490.0000,25395.0000,24.0008,42.8468
0-100,brazil58,58,tour_5,9090596395781207660,26796.0000,25395.0000,5.5168,43.2643
0-100,brazil58,58,tour_5,9090596395781207661,34243.0000,25395.0000,34.8415,42.2978
0-100,brazil58,58,tour_5,9090596395781207662,28095.0000,25395.0000,10.6320,41.5186
0-100,brazil58,58,tour_5,9090596395781207663,29839.0000,25395.0000,17.4995,41.5369
0-100,burma14,14,tour_5,8782171998581306312,3597.0000,3323.0000,8.2456,18.4007
0-100,burma14,14,tour_5,8782171998581306313,3323.0000,3323.0000,0.0000,17.5730
0-100,burma14,14,tour_5,8782171998581306314,3323.0000,3323.0000,0.0000,18.8765
0-100,burma14,14,tour_5,8782171998581306315,3323.0000,3323.0000,0.0000,17.4778
0-100,burma14,14,tour_5,8782171998581306316,3323.0000,3323.0000,0.0000,18.1519
0-100,dantzig42,42,tour_5,126501848587485965,699.0000,699.0000,0.0000,37.9084
0-100,dantzig42,42,tour_5,126501848587485966,699.0000,699.0000,0.0000,36.2433
0-100,dantzig42,42,tour_5,126501848587485967,699.0000,699.0000,0.0000,34.0067
0-100,dantzig42,42,tour_5,126501848587485968,699.0000,699.0000,0.0000,34.8023
0-100,dantzig42,42,tour_5,126501848587485969,699.0000,699.0000,0.0000,33.9497
0-100,eil51,51,tour_5,5407026757216656938,556.0000,426.0000,30.5164,39.9035
0-100,eil51,51,tour_5,5407026757216656939,543.0000,426.0000,27.4648,41.7385
0-100,eil51,51,tour_5,5407026757216656940,510.0000,426.0000,19.7183,39.5899
0-100,eil51,51,tour_5,5407026757216656941,521.0000,426.0000,22.3005,39.5292
0-100,eil51,51,tour_5,5407026757216656942,524.0000,426.0000,23.0047,43.1475
0-100,eil76,76,tour_5,7530943743031640601,718.0000,538.0000,33.4572,55.8064
0-100,eil76,76,tour_5,7530943743031640602,655.0000,538.0000,21.7472,58.7193
0-100,eil76,76,tour_5,7530943743031640603,691.0000,538.0000,28.4387,52.0651
0-100,eil76,76,tour_5,7530943743031640604,764.0000,538.0000,42.0074,52.8271
0-100,eil76,76,tour_5,7530943743031640605,714.0000,538.0000,32.7138,52.8009
0-100,fri26,26,tour_5,8701104061709938091,960.0000,937.0000,2.4546,25.0358
0-100,fri26,26,tour_5,8701104061709938092,937.0000,937.0000,0.0000,25.8946
0-100,fri26,26,tour_5,8701104061709938093,937.0000,937.0000,0.0000,25.1823
0-100,fri26,26,tour_5,8701104061709938094,957.0000,937.0000,2.1345,24.3406
0-100,fri26,26,tour_5,8701104061709938095,955.0000,937.0000,1.9210,25.3576
0-100,gr17,17,tour_5,2488699513110885937,2164.0000,2085.0000,3.7890,20.2564
0-100,gr17,17,tour_5,2488699513110885938,2103.0000,2085.0000,0.8633,20.2927
0-100,gr17,17,tour_5,2488699513110885939,2123.0000,2085.0000,1.8225,20.1419
0-100,gr17,17,tour_5,2488699513110885940,2142.0000,2085.0000,2.7338,20.1675
0-100,gr17,17,tour_5,2488699513110885941,2085.0000,2085.0000,0.0000,19.7965
0-100,gr21,21,tour_5,4795732324449292074,2801.0000,2707.0000,3.4725,23.2210
0-100,gr21,21,tour_5,4795732324449292075,2707.0000,2707.0000,0.0000,22.6528
0-100,gr21,21,tour_5,4795732324449292076,2795.0000,2707.0000,3.2508,23.4837
0-100,gr21,21,tour_5,4795732324449292077,3107.0000,2707.0000,14.7765,21.8013
0-100,gr21,21,tour_5,4795732324449292078,2707.0000,2707.0000,0.0000,21.8552
0-100,gr24,24,tour_5,5441396922280119473,1329.0000,1272.0000,4.4811,23.9027
0-100,gr24,24,tour_5,5441396922280119474,1340.0000,1272.0000,5.3459,24.4516
0-100,gr24,24,tour_5,5441396922280119475,1391.0000,1272.0000,9.3553,24.3121
0-100,gr24,24,tour_5,5441396922280119476,1375.0000,1272.0000,8.0975,24.7475
0-100,gr24,24,tour_5,5441396922280119477,1457.0000,1272.0000,14.5440,23.5758
0-100,gr48,48,tour_5,1201177684248310131,5942.0000,5046.0000,17.7566,37.9164
0-100,gr48,48,tour_5,1201177684248310132,5876.0000,5046.0000,16.4487,37.1343
0-100,gr48,48,tour_5,1201177684248310133,5734.0000,5046.0000,13.6346,37.3713
0-100,gr48,48,tour_5,1201177684248310134,5255.0000,5046.0000,4.1419,37.9582
0-100,gr48,48,tour_5,1201177684248310135,6194.0000,5046.0000,22.7507,37.7540
0-100,gr96,96,tour_5,6464715271555028796,71668.0000,55209.0000,29.8122,61.5288
0-100,gr96,96,tour_5,6464715271555028797,74495.0000,55209.0000,34.9327,61.9374
0-100,gr96,96,tour_5,6464715271555028798,69927.0000,55209.0000,26.6587,69.0623
0-100,gr96,96,tour_5,6464715271555028799,71457.0000,55209.0000,29.4300,61.1500
0-100,gr96,96,tour_5,6464715271555028800,73960.0000,55209.0000,33.9637,60.6352
0-100,hk48,48,tour_5,13708393881378618783,13044.0000,11461.0000,13.8121,37.2415
0-100,hk48,48,tour_5,13708393881378618784,13210.0000,11461.0000,15.2604,37.4229
0-100,hk48,48,tour_5,13708393881378618785,13754.0000,11461.0000,20.0070,38.1035
0-100,hk48,48,tour_5,13708393881378618786,13896.0000,11461.0000,21.2460,38.9680
0-100,hk48,48,tour_5,13708393881378618787,12465.0000,11461.0000,8.7601,36.3923
0-100,pr76,76,tour_5,17622901762304721509,150781.0000,108159.0000,39.4068,50.1032
0-100,pr76,76,tour_5,17622901762304721510,147402.0000,108159.0000,36.2827,51.1512
0-100,pr76,76,tour_5,17622901762304721511,150781.0000,108159.0000,39.4068,51.4159
0-100,pr76,76,tour_5,17622901762304721512,150781.0000,108159.0000,39.4068,50.3269
0-100,pr76,76,tour_5,17622901762304721513,149093.0000,108159.0000,37.8461,49.9822
0-100,rat99,99,tour_5,18323431882567146615,1774.0000,1211.0000,46.4905,61.7764
0-100,rat99,99,tour_5,18323431882567146616,1854.0000,1211.0000,53.0966,63.3004
0-100,rat99,99,tour_5,18323431882567146617,1738.0000,1211.0000,43.5178,61.4719
0-100,rat99,99,tour_5,18323431882567146618,1810.0000,1211.0000,49.4633,61.9500
0-100,rat99,99,tour_5,18323431882567146619,1845.0000,1211.0000,52.3534,61.7584
0-100,st70,70,tour_5,12138944760582136382,920.0000,675.0000,36.2963,54.4996
0-100,st70,70,tour_5,12138944760582136383,948.0000,675.0000,40.4444,49.3413
0-100,st70,70,tour_5,12138944760582136384,936.0000,675.0000,38.6667,47.5359
0-100,st70,70,tour_5,12138944760582136385,913.0000,675.0000,35.2593,48.2198
0-100,st70,70,tour_5,12138944760582136386,820.0000,675.0000,21.4815,49.1525
0-100,swiss42,42,tour_5,15023390218860722997,1448.0000,1273.0000,13.7471,34.1025
0-100,swiss42,42,tour_5,15023390218860722998,1555.0000,1273.0000,22.1524,35.0175
0-100,swiss42,42,tour_5,15023390218860722999,1543.0000,1273.0000,21.2097,33.5719
0-100,swiss42,42,tour_5,15023390218860723000,1542.0000,1273.0000,21.1312,34.1405
0-100,swiss42,42,tour_5,15023390218860723001,1550.0000,1273.0000,21.7596,33.5625
0-100,ulysses16,16,tour_5,12857289649652444611,6859.0000,6859.0000,0.0000,19.3615
0-100,ulysses16,16,tour_5,12857289649652444612,6870.0000,6859.0000,0.1604,19.7242
0-100,ulysses16,16,tour_5,12857289649652444613,6875.0000,6859.0000,0.2333,20.0716
0-100,ulysses16,16,tour_5,12857289649652444614,6859.0000,6859.0000,0.0000,18.8461
0-100,ulysses16,16,tour_5,12857289649652444615,6903.0000,6859.0000,0.6415,21.6477
0-100,ulysses22,22,tour_5,9445850834974885142,7092.0000,7013.0000,1.1265,23.1395
0-100,ulysses22,22,tour_5,9445850834974885143,7120.0000,7013.0000,1.5257,22.8129
0-100,ulysses22,22,tour_5,9445850834974885144,7226.0000,7013.0000,3.0372,23.2195
0-100,ulysses22,22,tour_5,9445850834974885145,7185.0000,7013.0000,2.4526,22.5508
0-100,ulysses22,22,tour_5,9445850834974885146,7262.0000,7013.0000,3.5505,23.1234
0-100,att48,48,xov_0.99,16288829973873773395,11458.0000,10628.0000,7.8096,40.5955
0-100,att48,48,xov_0.99,16288829973873773396,11862.0000,10628.0000,11.6108,38.5144
0-100,att48,48,xov_0.99,16288829973873773397,11108.0000,10628.0000,4.5164,40.0315
0-100,att48,48,xov_0.99,16288829973873773398,12069.0000,10628.0000,13.5585,39.1375
0-100,att48,48,xov_0.99,16288829973873773399,11313.0000,10628.0000,6.4452,39.3980
0-100,bayg29,29,xov_0.99,368910408744828368,1663.0000,1610.0000,3.2919,26.3377
0-100,bayg29,29,xov_0.99,368910408744828369,1651.0000,1610.0000,2.5466,27.6163
0-100,bayg29,29,xov_0.99,368910408744828370,1610.0000,1610.0000,0.0000,26.2523
0-100,bayg29,29,xov_0.99,368910408744828371,1764.0000,1610.0000,9.5652,27.1897
0-100,bayg29,29,xov_0.99,368910408744828372,1686.0000,1610.0000,4.7205,27.0804
0-100,bays29,29,xov_0.99,12290298857717823692,2073.0000,2020.0000,2.6238,26.8723
0-100,bays29,29,xov_0.99,12290298857717823693,2074.0000,2020.0000,2.6733,27.4281
0-100,bays29,29,xov_0.99,12290298857717823694,2080.0000,2020.0000,2.9703,27.0776
0-100,bays29,29,xov_0.99,12290298857717823695,2028.0000,2020.0000,0.3960,26.6593
0-100,bays29,29,xov_0.99,12290298857717823696,2083.0000,2020.0000,3.1188,27.4303
0-100,berlin52,52,xov_0.99,934501783449267899,8581.0000,7542.0000,13.7762,42.9555
0-100,berlin52,52,xov_0.99,934501783449267900,8479.0000,7542.0000,12.4238,45.8059
0-100,berlin52,52,xov_0.99,934501783449267901,8779.0000,7542.0000,16.4015,41.1019
0-100,berlin52,52,xov_0.99,934501783449267902,8884.0000,7542.0000,17.7937,41.7963
0-100,berlin52,52,xov_0.99,934501783449267903,8648.0000,7542.0000,14.6645,41.8326
0-100,brazil58,58,xov_0.99,2844773855519207983,28596.0000,25395.0000,12.6048,46.2745
0-100,brazil58,58,xov_0.99,2844773855519207984,27269.0000,25395.0000,7.3794,46.3082
0-100,brazil58,58,xov_0.99,2844773855519207985,27303.0000,25395.0000,7.5133,46.3208
0-100,brazil58,58,xov_0.99,2844773855519207986,30020.0000,25395.0000,18.2122,48.7984
0-100,brazil58,58,xov_0.99,2844773855519207987,28679.0000,25395.0000,12.9317,47.2928
0-100,burma14,14,xov_0.99,3383530034144474548,3323.0000,3323.0000,0.0000,17.0914
0-100,burma14,14,xov_0.99,3383530034144474549,3323.0000,3323.0000,0.0000,20.1823
0-100,burma14,14,xov_0.99,3383530034144474550,3323.0000,3323.0000,0.0000,18.2832
0-100,burma14,14,xov_0.99,3383530034144474551,3323.0000,3323.0000,0.0000,19.0772
0-100,burma14,14,xov_0.99,3383530034144474552,3323.0000,3323.0000,0.0000,17.1492
0-100,dantzig42,42,xov_0.99,12027232391195351129,699.0000,699.0000,0.0000,35.4347
0-100,dantzig42,42,xov_0.99,12027232391195351130,699.0000,699.0000,0.0000,35.4460
0-100,dantzig42,42,xov_0.99,12027232391195351131,699.0000,699.0000,0.0000,34.4321
0-100,dantzig42,42,xov_0.99,12027232391195351132,699.0000,699.0000,0.0000,34.3811
0-100,dantzig42,42,xov_0.99,12027232391195351133,699.0000,699.0000,0.0000,34.4956
0-100,eil51,51,xov_0.99,17496364905054597046,465.0000,426.0000,9.1549,40.8022
0-100,eil51,51,xov_0.99,17496364905054597047,439.0000,426.0000,3.0516,41.7913
0-100,eil51,51,xov_0.99,17496364905054597048,464.0000,426.0000,8.9202,41.8710
0-100,eil51,51,xov_0.99,17496364905054597049,464.0000,426.0000,8.9202,41.1464
0-100,eil51,51,xov_0.99,17496364905054597050,458.0000,426.0000,7.5117,41.4136
0-100,eil76,76,xov_0.99,1173537817160029093,741.0000,538.0000,37.7323,59.1298
0-100,eil76,76,xov_0.99,1173537817160029094,734.0000,538.0000,36.4312,59.9338
0-100,eil76,76,xov_0.99,1173537817160029095,646.0000,538.0000,20.0743,56.6540
0-100,eil76,76,xov_0.99,1173537817160029096,657.0000,538.0000,22.1190,58.2672
0-100,eil76,76,xov_0.99,1173537817160029097,662.0000,538.0000,23.0483,57.4983
0-100,fri26,26,xov_0.99,2343698135838326583,955.0000,937.0000,1.9210,24.7862
0-100,fri26,26,xov_0.99,2343698135838326584,955.0000,937.0000,1.9210,24.2941
0-100,fri26,26,xov_0.99,2343698135838326585,955.0000,937.0000,1.9210,24.3271
0-100,fri26,26,xov_0.99,2343698135838326586,955.0000,937.0000,1.9210,24.1277
0-100,fri26,26,xov_0.99,2343698135838326587,937.0000,937.0000,0.0000,25.1596
0-100,gr17,17,xov_0.99,11170689792836997301,2090.0000,2085.0000,0.2398,20.0102
0-100,gr17,17,xov_0.99,11170689792836997302,2085.0000,2085.0000,0.0000,20.0944
0-100,gr17,17,xov_0.99,11170689792836997303,2090.0000,2085.0000,0.2398,19.6867
0-100,gr17,17,xov_0.99,11170689792836997304,2085.0000,2085.0000,0.0000,19.0930
0-100,gr17,17,xov_0.99,11170689792836997305,2085.0000,2085.0000,0.0000,19.6149
0-100,gr21,21,xov_0.99,13477722604175403438,2707.0000,2707.0000,0.0000,23.1113
0-100,gr21,21,xov_0.99,13477722604175403439,2707.0000,2707.0000,0.0000,22.0885
0-100,gr21,21,xov_0.99,13477722604175403440,2707.0000,2707.0000,0.0000,23.3003
0-100,gr21,21,xov_0.99,13477722604175403441,2997.0000,2707.0000,10.7130,22.4739
0-100,gr21,21,xov_0.99,13477722604175403442,2707.0000,2707.0000,0.0000,22.9166
0-100,gr24,24,xov_0.99,14123387202006230837,1352.0000,1272.0000,6.2893,37.4322
0-100,gr24,24,xov_0.99,14123387202006230838,1336.0000,1272.0000,5.0314,25.8201
0-100,gr24,24,xov_0.99,14123387202006230839,1286.0000,1272.0000,1.1006,24.5958
0-100,gr24,24,xov_0.99,14123387202006230840,1289.0000,1272.0000,1.3365,25.1608
0-100,gr24,24,xov_0.99,14123387202006230841,1328.0000,1272.0000,4.4025,25.0695
0-100,gr48,48,xov_0.99,9883167963974421495,5462.0000,5046.0000,8.2442,41.2634
0-100,gr48,48,xov_0.99,9883167963974421496,5837.0000,5046.0000,15.6758,40.3341
0-100,gr48,48,xov_0.99,9883167963974421497,5289.0000,5046.0000,4.8157,40.7742
0-100,gr48,48,xov_0.99,9883167963974421498,5985.0000,5046.0000,18.6088,40.6318
0-100,gr48,48,xov_0.99,9883167963974421499,5783.0000,5046.0000,14.6056,40.9571
0-100,gr96,96,xov_0.99,15146705551281140160,65470.0000,55209.0000,18.5857,64.6305
0-100,gr96,96,xov_0.99,15146705551281140161,64411.0000,55209.0000,16.6676,64.8356
0-100,gr96,96,xov_0.99,15146705551281140162,66571.0000,55209.0000,20.5800,64.9177
0-100,gr96,96,xov_0.99,15146705551281140163,64442.0000,55209.0000,16.7237,65.4055
0-100,gr96,96,xov_0.99,15146705551281140164,68184.0000,55209.0000,23.5016,66.9844
0-100,hk48,48,xov_0.99,3943640087395178531,12840.0000,11461.0000,12.0321,42.0684
0-100,hk48,48,xov_0.99,3943640087395178532,13115.0000,11461.0000,14.4316,39.5511
0-100,hk48,48,xov_0.99,3943640087395178533,12235.0000,11461.0000,6.7533,40.2356
0-100,hk48,48,xov_0.99,3943640087395178534,12615.0000,11461.0000,10.0689,40.4709
0-100,hk48,48,xov_0.99,3943640087395178535,11889.0000,11461.0000,3.7344,40.5415
0-100,pr76,76,xov_0.99,7858147968321281257,147782.0000,108159.0000,36.6340,52.9690
0-100,pr76,76,xov_0.99,7858147968321281258,145746.0000,108159.0000,34.7516,53.3185
0-100,pr76,76,xov_0.99,7858147968321281259,135885.0000,108159.0000,25.6345,53.8171
0-100,pr76,76,xov_0.99,7858147968321281260,132984.0000,108159.0000,22.9523,52.9552
0-100,pr76,76,xov_0.99,7858147968321281261,150781.0000,108159.0000,39.4068,51.3713
0-100,rat99,99,xov_0.99,11966025956695535107,1502.0000,1211.0000,24.0297,66.7179
0-100,rat99,99,xov_0.99,11966025956695535108,1611.0000,1211.0000,33.0306,67.1138
0-100,rat99,99,xov_0.99,11966025956695535109,1565.0000,1211.0000,29.2320,69.4264
0-100,rat99,99,xov_0.99,11966025956695535110,1537.0000,1211.0000,26.9199,68.0628
0-100,rat99,99,xov_0.99,11966025956695535111,1408.0000,1211.0000,16.2675,74.9528
0-100,st70,70,xov_0.99,2374190966598696130,834.0000,675.0000,23.5556,55.2250
0-100,st70,70,xov_0.99,2374190966598696131,854.0000,675.0000,26.5185,54.6418
0-100,st70,70,xov_0.99,2374190966598696132,815.0000,675.0000,20.7407,66.1187
0-100,st70,70,xov_0.99,2374190966598696133,866.0000,675.0000,28.2963,55.1071
0-100,st70,70,xov_0.99,2374190966598696134,772.0000,675.0000,14.3704,56.2163
0-100,swiss42,42,xov_0.99,9624748254423891233,1379.0000,1273.0000,8.3268,37.0011
0-100,swiss42,42,xov_0.99,9624748254423891234,1543.0000,1273.0000,21.2097,37.5061
0-100,swiss42,42,xov_0.99,9624748254423891235,1424.0000,1273.0000,11.8617,38.2467
0-100,swiss42,42,xov_0.99,9624748254423891236,1408.0000,1273.0000,10.6049,37.5542
0-100,swiss42,42,xov_0.99,9624748254423891237,1426.0000,1273.0000,12.0189,36.7193
0-100,ulysses16,16,xov_0.99,6311276118550758159,6875.0000,6859.0000,0.2333,19.7176
0-100,ulysses16,16,xov_0.99,6311276118550758160,6859.0000,6859.0000,0.0000,20.4329
0-100,ulysses16,16,xov_0.99,6311276118550758161,6939.0000,6859.0000,1.1664,20.0171
0-100,ulysses16,16,xov_0.99,6311276118550758162,6939.0000,6859.0000,1.1664,19.8746
0-100,ulysses16,16,xov_0.99,6311276118550758163,6895.0000,6859.0000,0.5249,20.2173
0-100,ulysses22,22,xov_0.99,2899837303873198690,7087.0000,7013.0000,1.0552,23.7357
0-100,ulysses22,22,xov_0.99,2899837303873198691,7116.0000,7013.0000,1.4687,23.1149
0-100,ulysses22,22,xov_0.99,2899837303873198692,7087.0000,7013.0000,1.0552,23.7769
0-100,ulysses22,22,xov_0.99,2899837303873198693,7087.0000,7013.0000,1.0552,23.1809
0-100,ulysses22,22,xov_0.99,2899837303873198694,7013.0000,7013.0000,0.0000,22.8370
0-100,att48,48,pmx_0.30,17145291322924224970,14033.0000,10628.0000,32.0380,32.0621
0-100,att48,48,pmx_0.30,17145291322924224971,13697.0000,10628.0000,28.8766,31.2362
0-100,att48,48,pmx_0.30,17145291322924224972,14694.0000,10628.0000,38.2574,30.9343
0-100,att48,48,pmx_0.30,17145291322924224973,14050.0000,10628.0000,32.1980,30.6227
0-100,att48,48,pmx_0.30,17145291322924224974,13619.0000,10628.0000,28.1426,30.0687
0-100,bayg29,29,pmx_0.30,1884882692096674997,2010.0000,1610.0000,24.8447,23.1769
0-100,bayg29,29,pmx_0.30,1884882692096674998,1899.0000,1610.0000,17.9503,23.1366
0-100,bayg29,29,pmx_0.30,1884882692096674999,1803.0000,1610.0000,11.9876,30.5386
0-100,bayg29,29,pmx_0.30,1884882692096675000,1929.0000,1610.0000,19.8137,23.5972
0-100,bayg29,29,pmx_0.30,1884882692096675001,2056.0000,1610.0000,27.7019,22.5245
0-100,bays29,29,pmx_0.30,13806271141069670321,2689.0000,2020.0000,33.1188,23.4095
0-100,bays29,29,pmx_0.30,13806271141069670322,2316.0000,2020.0000,14.6535,24.3100
0-100,bays29,29,pmx_0.30,13806271141069670323,2354.0000,2020.0000,16.5347,24.4579
0-100,bays29,29,pmx_0.30,13806271141069670324,2560.0000,2020.0000,26.7327,22.4191
0-100,bays29,29,pmx_0.30,13806271141069670325,2476.0000,2020.0000,22.5743,22.8656
0-100,berlin52,52,pmx_0.30,6625712454021489608,9783.0000,7542.0000,29.7136,30.9602
0-100,berlin52,52,pmx_0.30,6625712454021489609,11050.0000,7542.0000,46.5129,30.9692
0-100,berlin52,52,pmx_0.30,6625712454021489610,9803.0000,7542.0000,29.9788,32.4946
0-100,berlin52,52,pmx_0.30,6625712454021489611,10795.0000,7542.0000,43.1318,32.1003
0-100,berlin52,52,pmx_0.30,6625712454021489612,10817.0000,7542.0000,43.4235,32.0993
0-100,brazil58,58,pmx_0.30,8535984526091429692,36954.0000,25395.0000,45.5168,33.3177
0-100,brazil58,58,pmx_0.30,8535984526091429693,39211.0000,25395.0000,54.4044,33.8353
0-100,brazil58,58,pmx_0.30,8535984526091429694,37100.0000,25395.0000,46.0918,33.8489
0-100,brazil58,58,pmx_0.30,8535984526091429695,39560.0000,25395.0000,55.7787,34.3138
0-100,brazil58,58,pmx_0.30,8535984526091429696,40201.0000,25395.0000,58.3028,34.1885
0-100,burma14,14,pmx_0.30,17508458416140866787,3610.0000,3323.0000,8.6368,17.9901
0-100,burma14,14,pmx_0.30,17508458416140866788,3461.0000,3323.0000,4.1529,18.2376
0-100,burma14,14,pmx_0.30,17508458416140866789,3371.0000,3323.0000,1.4445,17.6490
0-100,burma14,14,pmx_0.30,17508458416140866790,3336.0000,3323.0000,0.3912,17.3078
0-100,burma14,14,pmx_0.30,17508458416140866791,3336.0000,3323.0000,0.3912,17.7927
0-100,dantzig42,42,pmx_0.30,1259323214064778752,699.0000,699.0000,0.0000,27.3155
0-100,dantzig42,42,pmx_0.30,1259323214064778753,699.0000,699.0000,0.0000,26.8687
0-100,dantzig42,42,pmx_0.30,1259323214064778754,699.0000,699.0000,0.0000,27.0347
0-100,dantzig42,42,pmx_0.30,1259323214064778755,699.0000,699.0000,0.0000,27.1586
0-100,dantzig42,42,pmx_0.30,1259323214064778756,699.0000,699.0000,0.0000,27.8338
0-100,eil51,51,pmx_0.30,18352826254105048621,553.0000,426.0000,29.8122,31.3063
0-100,eil51,51,pmx_0.30,18352826254105048622,549.0000,426.0000,28.8732,32.3343
0-100,eil51,51,pmx_0.30,18352826254105048623,646.0000,426.0000,51.6432,31.6637
0-100,eil51,51,pmx_0.30,18352826254105048624,575.0000,426.0000,34.9765,31.9990
0-100,eil51,51,pmx_0.30,18352826254105048625,580.0000,426.0000,36.1502,31.7757
0-100,eil76,76,pmx_0.30,2029999166210480668,881.0000,538.0000,63.7546,41.1542
0-100,eil76,76,pmx_0.30,2029999166210480669,771.0000,538.0000,43.3086,44.6235
0-100,eil76,76,pmx_0.30,2029999166210480670,832.0000,538.0000,54.6468,43.4747
0-100,eil76,76,pmx_0.30,2029999166210480671,887.0000,538.0000,64.8699,41.4475
0-100,eil76,76,pmx_0.30,2029999166210480672,959.0000,538.0000,78.2528,40.5255
0-100,fri26,26,pmx_0.30,3200159484888778158,957.0000,937.0000,2.1345,22.0344
0-100,fri26,26,pmx_0.30,3200159484888778159,957.0000,937.0000,2.1345,21.9059
0-100,fri26,26,pmx_0.30,3200159484888778160,957.0000,937.0000,2.1345,22.2980
0-100,fri26,26,pmx_0.30,3200159484888778161,957.0000,937.0000,2.1345,22.0191
0-100,fri26,26,pmx_0.30,3200159484888778162,957.0000,937.0000,2.1345,21.5007
0-100,gr17,17,pmx_0.30,11881301867017136306,2103.0000,2085.0000,0.8633,18.4993
0-100,gr17,17,pmx_0.30,11881301867017136307,2153.0000,2085.0000,3.2614,18.6555
0-100,gr17,17,pmx_0.30,11881301867017136308,2167.0000,2085.0000,3.9329,18.6114
0-100,gr17,17,pmx_0.30,11881301867017136309,2136.0000,2085.0000,2.4460,21.8735
0-100,gr17,17,pmx_0.30,11881301867017136310,2136.0000,2085.0000,2.4460,23.9879
0-100,gr21,21,pmx_0.30,14188334678355542443,2869.0000,2707.0000,5.9845,22.4919
0-100,gr21,21,pmx_0.30,14188334678355542444,3242.0000,2707.0000,19.7636,22.0504
0-100,gr21,21,pmx_0.30,14188334678355542445,2930.0000,2707.0000,8.2379,22.2950
0-100,gr21,21,pmx_0.30,14188334678355542446,2707.0000,2707.0000,0.0000,21.6394
0-100,gr21,21,pmx_0.30,14188334678355542447,3195.0000,2707.0000,18.0273,32.1306
0-100,gr24,24,pmx_0.30,14833999276186369842,1462.0000,1272.0000,14.9371,23.8068
0-100,gr24,24,pmx_0.30,14833999276186369843,1304.0000,1272.0000,2.5157,21.9690
0-100,gr24,24,pmx_0.30,14833999276186369844,1336.0000,1272.0000,5.0314,21.7731
0-100,gr24,24,pmx_0.30,14833999276186369845,1407.0000,1272.0000,10.6132,23.1276
0-100,gr24,24,pmx_0.30,14833999276186369846,1435.0000,1272.0000,12.8145,23.0597
0-100,gr48,48,pmx_0.30,10593780038154560500,7497.0000,5046.0000,48.5731,30.7368
0-100,gr48,48,pmx_0.30,10593780038154560501,7278.0000,5046.0000,44.2331,30.5822
0-100,gr48,48,pmx_0.30,10593780038154560502,6266.0000,5046.0000,24.1776,31.0062
0-100,gr48,48,pmx_0.30,10593780038154560503,6663.0000,5046.0000,32.0452,30.4672
0-100,gr48,48,pmx_0.30,10593780038154560504,6278.0000,5046.0000,24.4154,30.6265
0-100,gr96,96,pmx_0.30,15857317625461279165,72823.0000,55209.0000,31.9042,46.4729
0-100,gr96,96,pmx_0.30,15857317625461279166,70727.0000,55209.0000,28.1077,47.3655
0-100,gr96,96,pmx_0.30,15857317625461279167,71764.0000,55209.0000,29.9861,47.1560
0-100,gr96,96,pmx_0.30,15857317625461279168,73714.0000,55209.0000,33.5181,46.2146
0-100,gr96,96,pmx_0.30,15857317625461279169,72714.0000,55209.0000,31.7068,46.3457
0-100,hk48,48,pmx_0.30,4654252161575317536,16866.0000,11461.0000,47.1599,30.9994
0-100,hk48,48,pmx_0.30,4654252161575317537,14800.0000,11461.0000,29.1336,31.4681
0-100,hk48,48,pmx_0.30,4654252161575317538,14977.0000,11461.0000,30.6780,32.5188
0-100,hk48,48,pmx_0.30,4654252161575317539,15337.0000,11461.0000,33.8190,33.6977
0-100,hk48,48,pmx_0.30,4654252161575317540,12711.0000,11461.0000,10.9066,31.0833
0-100,pr76,76,pmx_0.30,8568760042501420262,150781.0000,108159.0000,39.4068,40.1922
0-100,pr76,76,pmx_0.30,8568760042501420263,150781.0000,108159.0000,39.4068,39.5358
0-100,pr76,76,pmx_0.30,8568760042501420264,150781.0000,108159.0000,39.4068,40.0472
0-100,pr76,76,pmx_0.30,8568760042501420265,150781.0000,108159.0000,39.4068,39.6605
0-100,pr76,76,pmx_0.30,8568760042501420266,150781.0000,108159.0000,39.4068,39.1642
0-100,rat99,99,pmx_0.30,12822487305745986682,1759.0000,1211.0000,45.2519,46.6306
0-100,rat99,99,pmx_0.30,12822487305745986683,1896.0000,1211.0000,56.5648,51.5396
0-100,rat99,99,pmx_0.30,12822487305745986684,1929.0000,1211.0000,59.2898,48.9052
0-100,rat99,99,pmx_0.30,12822487305745986685,1751.0000,1211.0000,44.5912,45.8480
0-100,rat99,99,pmx_0.30,12822487305745986686,1845.0000,1211.0000,52.3534,46.0406
0-100,st70,70,pmx_0.30,3084803040778835135,1054.0000,675.0000,56.1481,37.3151
0-100,st70,70,pmx_0.30,3084803040778835136,995.0000,675.0000,47.4074,37.6921
0-100,st70,70,pmx_0.30,3084803040778835137,1097.0000,675.0000,62.5185,37.9930
0-100,st70,70,pmx_0.30,3084803040778835138,972.0000,675.0000,44.0000,37.3445
0-100,st70,70,pmx_0.30,3084803040778835139,1111.0000,675.0000,64.5926,36.7757
0-100,swiss42,42,pmx_0.30,5302932562710731856,1806.0000,1273.0000,41.8696,26.1405
0-100,swiss42,42,pmx_0.30,5302932562710731857,1621.0000,1273.0000,27.3370,28.7384
0-100,swiss42,42,pmx_0.30,5302932562710731858,1824.0000,1273.0000,43.2836,27.5279
0-100,swiss42,42,pmx_0.30,5302932562710731859,1789.0000,1273.0000,40.5342,27.1759
0-100,swiss42,42,pmx_0.30,5302932562710731860,1584.0000,1273.0000,24.4305,28.2497
0-100,ulysses16,16,pmx_0.30,13990111015129737398,6930.0000,6859.0000,1.0351,21.2006
0-100,ulysses16,16,pmx_0.30,13990111015129737399,6870.0000,6859.0000,0.1604,19.5813
0-100,ulysses16,16,pmx_0.30,13990111015129737400,6963.0000,6859.0000,1.5163,28.6472
0-100,ulysses16,16,pmx_0.30,13990111015129737401,6903.0000,6859.0000,0.6415,19.6514
0-100,ulysses16,16,pmx_0.30,13990111015129737402,6963.0000,6859.0000,1.5163,19.9731
0-100,ulysses22,22,pmx_0.30,10578672200452177929,7576.0000,7013.0000,8.0279,20.5347
0-100,ulysses22,22,pmx_0.30,10578672200452177930,7282.0000,7013.0000,3.8357,20.5055
0-100,ulysses22,22,pmx_0.30,10578672200452177931,7397.0000,7013.0000,5.4755,20.5638
0-100,ulysses22,22,pmx_0.30,10578672200452177932,7522.0000,7013.0000,7.2579,20.9137
0-100,ulysses22,22,pmx_0.30,10578672200452177933,7136.0000,7013.0000,1.7539,20.3024
0-100,att48,48,pmx_0.60,12909642196059518521,14304.0000,10628.0000,34.5879,34.7165
0-100,att48,48,pmx_0.60,12909642196059518522,13714.0000,10628.0000,29.0365,31.6511
0-100,att48,48,pmx_0.60,12909642196059518523,12446.0000,10628.0000,17.1058,31.4562
0-100,att48,48,pmx_0.60,12909642196059518524,14102.0000,10628.0000,32.6872,34.6203
0-100,att48,48,pmx_0.60,12909642196059518525,14796.0000,10628.0000,39.2172,31.9224
0-100,bayg29,29,pmx_0.60,417169284106678658,1674.0000,1610.0000,3.9752,24.1469
0-100,bayg29,29,pmx_0.60,417169284106678659,1806.0000,1610.0000,12.1739,24.1982
0-100,bayg29,29,pmx_0.60,417169284106678660,1951.0000,1610.0000,21.1801,24.8094
0-100,bayg29,29,pmx_0.60,417169284106678661,1930.0000,1610.0000,19.8758,25.1362
0-100,bayg29,29,pmx_0.60,417169284106678662,1841.0000,1610.0000,14.3478,24.2001
0-100,bays29,29,pmx_0.60,12338557733079673982,2183.0000,2020.0000,8.0693,24.5155
0-100,bays29,29,pmx_0.60,12338557733079673983,2803.0000,2020.0000,38.7624,24.1499
0-100,bays29,29,pmx_0.60,12338557733079673984,2177.0000,2020.0000,7.7723,24.7781
0-100,bays29,29,pmx_0.60,12338557733079673985,2380.0000,2020.0000,17.8218,28.8211
0-100,bays29,29,pmx_0.60,12338557733079673986,2107.0000,2020.0000,4.3069,25.6951
0-100,berlin52,52,pmx_0.60,17448322624941823485,10600.0000,7542.0000,40.5463,31.8947
0-100,berlin52,52,pmx_0.60,17448322624941823486,11649.0000,7542.0000,54.4551,32.2426
0-100,berlin52,52,pmx_0.60,17448322624941823487,10542.0000,7542.0000,39.7772,33.1841
0-100,berlin52,52,pmx_0.60,17448322624941823488,10194.0000,7542.0000,35.1631,32.4646
0-100,berlin52,52,pmx_0.60,17448322624941823489,10740.0000,7542.0000,42.4025,31.8902
0-100,brazil58,58,pmx_0.60,911850623302211953,36521.0000,25395.0000,43.8118,33.9528
0-100,brazil58,58,pmx_0.60,911850623302211954,41283.0000,25395.0000,62.5635,33.7040
0-100,brazil58,58,pmx_0.60,911850623302211955,35304.0000,25395.0000,39.0195,34.0425
0-100,brazil58,58,pmx_0.60,911850623302211956,33484.0000,25395.0000,31.8527,34.9298
0-100,brazil58,58,pmx_0.60,911850623302211957,34691.0000,25395.0000,36.6056,34.3252
0-100,burma14,14,pmx_0.60,9705442706546862538,3323.0000,3323.0000,0.0000,24.1022
0-100,burma14,14,pmx_0.60,9705442706546862539,3323.0000,3323.0000,0.0000,19.0298
0-100,burma14,14,pmx_0.60,9705442706546862540,3323.0000,3323.0000,0.0000,18.5816
0-100,burma14,14,pmx_0.60,9705442706546862541,3323.0000,3323.0000,0.0000,18.6005
0-100,burma14,14,pmx_0.60,9705442706546862542,3448.0000,3323.0000,3.7617,19.3929
0-100,dantzig42,42,pmx_0.60,17068706002702593823,699.0000,699.0000,0.0000,28.3471
0-100,dantzig42,42,pmx_0.60,17068706002702593824,699.0000,699.0000,0.0000,27.8312
0-100,dantzig42,42,pmx_0.60,17068706002702593825,699.0000,699.0000,0.0000,28.4372
0-100,dantzig42,42,pmx_0.60,17068706002702593826,699.0000,699.0000,0.0000,30.7080
0-100,dantzig42,42,pmx_0.60,17068706002702593827,699.0000,699.0000,0.0000,29.1823
0-100,eil51,51,pmx_0.60,14117177127240342172,571.0000,426.0000,34.0376,32.0372
0-100,eil51,51,pmx_0.60,14117177127240342173,569.0000,426.0000,33.5681,31.1970
0-100,eil51,51,pmx_0.60,14117177127240342174,535.0000,426.0000,25.5869,31.4538
0-100,eil51,51,pmx_0.60,14117177127240342175,576.0000,426.0000,35.2113,31.3721
0-100,eil51,51,pmx_0.60,14117177127240342176,583.0000,426.0000,36.8545,34.1110
0-100,eil76,76,pmx_0.60,16241094113055325835,843.0000,538.0000,56.6914,40.6914
0-100,eil76,76,pmx_0.60,16241094113055325836,736.0000,538.0000,36.8030,41.0488
0-100,eil76,76,pmx_0.60,16241094113055325837,747.0000,538.0000,38.8476,40.1553
0-100,eil76,76,pmx_0.60,16241094113055325838,769.0000,538.0000,42.9368,42.4844
0-100,eil76,76,pmx_0.60,16241094113055325839,878.0000,538.0000,63.1970,39.7684
0-100,fri26,26,pmx_0.60,17411254431733623325,955.0000,937.0000,1.9210,25.9418
0-100,fri26,26,pmx_0.60,17411254431733623326,937.0000,937.0000,0.0000,29.3985
0-100,fri26,26,pmx_0.60,17411254431733623327,937.0000,937.0000,0.0000,22.7621
0-100,fri26,26,pmx_0.60,17411254431733623328,955.0000,937.0000,1.9210,22.8487
0-100,fri26,26,pmx_0.60,17411254431733623329,937.0000,937.0000,0.0000,22.5032
0-100,gr17,17,pmx_0.60,15369339674008541527,2085.0000,2085.0000,0.0000,20.1740
0-100,gr17,17,pmx_0.60,15369339674008541528,2154.0000,2085.0000,3.3094,21.2794
0-100,gr17,17,pmx_0.60,15369339674008541529,2153.0000,2085.0000,3.2614,19.9672
0-100,gr17,17,pmx_0.60,15369339674008541530,2090.0000,2085.0000,0.2398,21.0754
0-100,gr17,17,pmx_0.60,15369339674008541531,2123.0000,2085.0000,1.8225,19.7675
0-100,gr21,21,pmx_0.60,17676372485346947664,3158.0000,2707.0000,16.6605,21.3519
0-100,gr21,21,pmx_0.60,17676372485346947665,3007.0000,2707.0000,11.0824,23.5267
0-100,gr21,21,pmx_0.60,17676372485346947666,2803.0000,2707.0000,3.5464,21.0049
0-100,gr21,21,pmx_0.60,17676372485346947667,2707.0000,2707.0000,0.0000,21.9935
0-100,gr21,21,pmx_0.60,17676372485346947668,3006.0000,2707.0000,11.0454,21.1532
0-100,gr24,24,pmx_0.60,18322037083177775063,1349.0000,1272.0000,6.0535,26.0234
0-100,gr24,24,pmx_0.60,18322037083177775064,1300.0000,1272.0000,2.2013,23.2481
0-100,gr24,24,pmx_0.60,18322037083177775065,1317.0000,1272.0000,3.5377,23.8086
0-100,gr24,24,pmx_0.60,18322037083177775066,1474.0000,1272.0000,15.8805,23.4051
0-100,gr24,24,pmx_0.60,18322037083177775067,1279.0000,1272.0000,0.5503,22.5353
0-100,gr48,48,pmx_0.60,14081817845145965721,6793.0000,5046.0000,34.6215,31.4536
0-100,gr48,48,pmx_0.60,14081817845145965722,6865.0000,5046.0000,36.0484,35.7558
0-100,gr48,48,pmx_0.60,14081817845145965723,6704.0000,5046.0000,32.8577,53.7191
0-100,gr48,48,pmx_0.60,14081817845145965724,7403.0000,5046.0000,46.7103,70.2045
0-100,gr48,48,pmx_0.60,14081817845145965725,7505.0000,5046.0000,48.7317,70.1030
0-100,gr96,96,pmx_0.60,898611358743132770,71392.0000,55209.0000,29.3122,97.8751
0-100,gr96,96,pmx_0.60,898611358743132771,71145.0000,55209.0000,28.8649,90.7154
0-100,gr96,96,pmx_0.60,898611358743132772,72073.0000,55209.0000,30.5457,88.3189
0-100,gr96,96,pmx_0.60,898611358743132773,71901.0000,55209.0000,30.2342,94.7606
0-100,gr96,96,pmx_0.60,898611358743132774,72016.0000,55209.0000,30.4425,92.2944
0-100,hk48,48,pmx_0.60,8142289968566722757,14905.0000,11461.0000,30.0497,64.9763
0-100,hk48,48,pmx_0.60,8142289968566722758,16348.0000,11461.0000,42.6403,64.6335
0-100,hk48,48,pmx_0.60,8142289968566722759,16193.0000,11461.0000,41.2878,61.9503
0-100,hk48,48,pmx_0.60,8142289968566722760,15091.0000,11461.0000,31.6726,88.6484
0-100,hk48,48,pmx_0.60,8142289968566722761,16655.0000,11461.0000,45.3189,40.3116
0-100,pr76,76,pmx_0.60,12056797849492825483,150781.0000,108159.0000,39.4068,77.8110
0-100,pr76,76,pmx_0.60,12056797849492825484,150781.0000,108159.0000,39.4068,79.7967
0-100,pr76,76,pmx_0.60,12056797849492825485,150781.0000,108159.0000,39.4068,88.0061
0-100,pr76,76,pmx_0.60,12056797849492825486,150781.0000,108159.0000,39.4068,75.7574
0-100,pr76,76,pmx_0.60,12056797849492825487,150781.0000,108159.0000,39.4068,72.5568
0-100,rat99,99,pmx_0.60,8586838178881280233,1678.0000,1211.0000,38.5632,91.5443
0-100,rat99,99,pmx_0.60,8586838178881280234,1687.0000,1211.0000,39.3064,84.9290
0-100,rat99,99,pmx_0.60,8586838178881280235,1694.0000,1211.0000,39.8844,86.3756
0-100,rat99,99,pmx_0.60,8586838178881280236,1930.0000,1211.0000,59.3724,84.7642
0-100,rat99,99,pmx_0.60,8586838178881280237,1755.0000,1211.0000,44.9216,91.8356
0-100,st70,70,pmx_0.60,6572840847770240356,1026.0000,675.0000,52.0000,76.4559
0-100,st70,70,pmx_0.60,6572840847770240357,979.0000,675.0000,45.0370,90.6726
0-100,st70,70,pmx_0.60,6572840847770240358,1068.0000,675.0000,58.2222,69.6097
0-100,st70,70,pmx_0.60,6572840847770240359,945.0000,675.0000,40.0000,88.6721
0-100,st70,70,pmx_0.60,6572840847770240360,1101.0000,675.0000,63.1111,82.3971
0-100,swiss42,42,pmx_0.60,15946660926826279223,1699.0000,1273.0000,33.4643,68.5507
0-100,swiss42,42,pmx_0.60,15946660926826279224,1611.0000,1273.0000,26.5515,73.3289
0-100,swiss42,42,pmx_0.60,15946660926826279225,1707.0000,1273.0000,34.0927,54.9316
0-100,swiss42,42,pmx_0.60,15946660926826279226,1728.0000,1273.0000,35.7423,98.2998
0-100,swiss42,42,pmx_0.60,15946660926826279227,1736.0000,1273.0000,36.3708,64.3361
0-100,ulysses16,16,pmx_0.60,11352749730058000853,6859.0000,6859.0000,0.0000,53.5175
0-100,ulysses16,16,pmx_0.60,11352749730058000854,6978.0000,6859.0000,1.7349,78.8345
0-100,ulysses16,16,pmx_0.60,11352749730058000855,6875.0000,6859.0000,0.2333,59.4658
0-100,ulysses16,16,pmx_0.60,11352749730058000856,6950.0000,6859.0000,1.3267,42.9553
0-100,ulysses16,16,pmx_0.60,11352749730058000857,6895.0000,6859.0000,0.5249,53.9930
0-100,ulysses22,22,pmx_0.60,7941310915380441384,7198.0000,7013.0000,2.6380,54.7229
0-100,ulysses22,22,pmx_0.60,7941310915380441385,7239.0000,7013.0000,3.2226,49.9075
0-100,ulysses22,22,pmx_0.60,7941310915380441386,7367.0000,7013.0000,5.0478,59.5251
0-100,ulysses22,22,pmx_0.60,7941310915380441387,7092.0000,7013.0000,1.1265,64.1967
0-100,ulysses22,22,pmx_0.60,7941310915380441388,7325.0000,7013.0000,4.4489,49.8391
0-100,att48,48,budget_200x450,5489140151106971498,11591.0000,10628.0000,9.0610,75.6094
0-100,att48,48,budget_200x450,5489140151106971499,12275.0000,10628.0000,15.4968,63.9071
0-100,att48,48,budget_200x450,5489140151106971500,11224.0000,10628.0000,5.6078,80.5337
0-100,att48,48,budget_200x450,5489140151106971501,11459.0000,10628.0000,7.8190,84.1223
0-100,att48,48,budget_200x450,5489140151106971502,10994.0000,10628.0000,3.4437,80.9182
0-100,bayg29,29,budget_200x450,6008837301929254293,1670.0000,1610.0000,3.7267,60.2091
0-100,bayg29,29,budget_200x450,6008837301929254294,1610.0000,1610.0000,0.0000,45.2544
0-100,bayg29,29,budget_200x450,6008837301929254295,1663.0000,1610.0000,3.2919,83.8783
0-100,bayg29,29,budget_200x450,6008837301929254296,1751.0000,1610.0000,8.7578,78.6529
0-100,bayg29,29,budget_200x450,6008837301929254297,1695.0000,1610.0000,5.2795,119.2973
0-100,bays29,29,budget_200x450,17930225750902249617,2327.0000,2020.0000,15.1980,92.3489
0-100,bays29,29,budget_200x450,17930225750902249618,2050.0000,2020.0000,1.4851,155.9600
0-100,bays29,29,budget_200x450,17930225750902249619,2028.0000,2020.0000,0.3960,102.0191
0-100,bays29,29,budget_200x450,17930225750902249620,2207.0000,2020.0000,9.2574,151.0581
0-100,bays29,29,budget_200x450,17930225750902249621,2068.0000,2020.0000,2.3762,75.8641
0-100,berlin52,52,budget_200x450,16100505041074789288,9167.0000,7542.0000,21.5460,86.5780
0-100,berlin52,52,budget_200x450,16100505041074789289,8259.0000,7542.0000,9.5068,66.1656
0-100,berlin52,52,budget_200x450,16100505041074789290,8016.0000,7542.0000,6.2848,76.0118
0-100,berlin52,52,budget_200x450,16100505041074789291,8280.0000,7542.0000,9.7852,111.3395
0-100,berlin52,52,budget_200x450,16100505041074789292,8487.0000,7542.0000,12.5298,77.7415
0-100,brazil58,58,budget_200x450,18010777113144729372,28179.0000,25395.0000,10.9628,68.4229
0-100,brazil58,58,budget_200x450,18010777113144729373,27750.0000,25395.0000,9.2735,84.7769
0-100,brazil58,58,budget_200x450,18010777113144729374,26378.0000,25395.0000,3.8708,71.5746
0-100,brazil58,58,budget_200x450,18010777113144729375,27411.0000,25395.0000,7.9386,74.8272
0-100,brazil58,58,budget_200x450,18010777113144729376,26493.0000,25395.0000,4.3237,83.6888
0-100,burma14,14,budget_200x450,4344190092922206083,3323.0000,3323.0000,0.0000,34.5934
0-100,burma14,14,budget_200x450,4344190092922206084,3323.0000,3323.0000,0.0000,46.9954
0-100,burma14,14,budget_200x450,4344190092922206085,3323.0000,3323.0000,0.0000,41.4634
0-100,burma14,14,budget_200x450,4344190092922206086,3323.0000,3323.0000,0.0000,128.9798
0-100,burma14,14,budget_200x450,4344190092922206087,3323.0000,3323.0000,0.0000,34.1112
0-100,dantzig42,42,budget_200x450,6525299179507078560,699.0000,699.0000,0.0000,69.2141
0-100,dantzig42,42,budget_200x450,6525299179507078561,699.0000,699.0000,0.0000,53.1781
0-100,dantzig42,42,budget_200x450,6525299179507078562,699.0000,699.0000,0.0000,56.5572
0-100,dantzig42,42,budget_200x450,6525299179507078563,699.0000,699.0000,0.0000,73.7696
0-100,dantzig42,42,budget_200x450,6525299179507078564,699.0000,699.0000,0.0000,56.2777
0-100,eil51,51,budget_200x450,6696675082287795149,470.0000,426.0000,10.3286,68.7527
0-100,eil51,51,budget_200x450,6696675082287795150,444.0000,426.0000,4.2254,88.7765
0-100,eil51,51,budget_200x450,6696675082287795151,463.0000,426.0000,8.6854,73.0377
0-100,eil51,51,budget_200x450,6696675082287795152,513.0000,426.0000,20.4225,66.9131
0-100,eil51,51,budget_200x450,6696675082287795153,480.0000,426.0000,12.6761,88.9096
0-100,eil76,76,budget_200x450,8820592068102778812,674.0000,538.0000,25.2788,102.3054
0-100,eil76,76,budget_200x450,8820592068102778813,649.0000,538.0000,20.6320,89.1440
0-100,eil76,76,budget_200x450,8820592068102778814,683.0000,538.0000,26.9517,93.1745
0-100,eil76,76,budget_200x450,8820592068102778815,663.0000,538.0000,23.2342,101.2694
0-100,eil76,76,budget_200x450,8820592068102778816,666.0000,538.0000,23.7918,82.7183
0-100,fri26,26,budget_200x450,9990752386781076302,955.0000,937.0000,1.9210,51.8428
0-100,fri26,26,budget_200x450,9990752386781076303,955.0000,937.0000,1.9210,57.8554
0-100,fri26,26,budget_200x450,9990752386781076304,955.0000,937.0000,1.9210,61.6219
0-100,fri26,26,budget_200x450,9990752386781076305,955.0000,937.0000,1.9210,61.9190
0-100,fri26,26,budget_200x450,9990752386781076306,955.0000,937.0000,1.9210,46.2155
0-100,gr17,17,budget_200x450,6722989364533463698,2090.0000,2085.0000,0.2398,53.5936
0-100,gr17,17,budget_200x450,6722989364533463699,2103.0000,2085.0000,0.8633,36.9758
0-100,gr17,17,budget_200x450,6722989364533463700,2103.0000,2085.0000,0.8633,68.6566
0-100,gr17,17,budget_200x450,6722989364533463701,2103.0000,2085.0000,0.8633,77.4216
0-100,gr17,17,budget_200x450,6722989364533463702,2090.0000,2085.0000,0.2398,62.2288
0-100,gr21,21,budget_200x450,9030022175871869835,2707.0000,2707.0000,0.0000,60.2271
0-100,gr21,21,budget_200x450,9030022175871869836,2707.0000,2707.0000,0.0000,62.7348
0-100,gr21,21,budget_200x450,9030022175871869837,2707.0000,2707.0000,0.0000,65.4699
0-100,gr21,21,budget_200x450,9030022175871869838,2707.0000,2707.0000,0.0000,47.1765
0-100,gr21,21,budget_200x450,9030022175871869839,2707.0000,2707.0000,0.0000,68.6291
0-100,gr24,24,budget_200x450,9675686773702697234,1286.0000,1272.0000,1.1006,50.4824
0-100,gr24,24,budget_200x450,9675686773702697235,1346.0000,1272.0000,5.8176,65.7018
0-100,gr24,24,budget_200x450,9675686773702697236,1356.0000,1272.0000,6.6038,58.8677
0-100,gr24,24,budget_200x450,9675686773702697237,1286.0000,1272.0000,1.1006,47.3527
0-100,gr24,24,budget_200x450,9675686773702697238,1345.0000,1272.0000,5.7390,39.8915
0-100,gr48,48,budget_200x450,5435467535670887892,5607.0000,5046.0000,11.1177,71.5172
0-100,gr48,48,budget_200x450,5435467535670887893,5740.0000,5046.0000,13.7535,107.9118
0-100,gr48,48,budget_200x450,5435467535670887894,5600.0000,5046.0000,10.9790,71.2214
0-100,gr48,48,budget_200x450,5435467535670887895,5487.0000,5046.0000,8.7396,100.9368
0-100,gr48,48,budget_200x450,5435467535670887896,5507.0000,5046.0000,9.1359,64.4171
0-100,gr96,96,budget_200x450,10699005122977606557,66026.0000,55209.0000,19.5928,87.5941
0-100,gr96,96,budget_200x450,10699005122977606558,66072.0000,55209.0000,19.6761,94.3500
0-100,gr96,96,budget_200x450,10699005122977606559,64391.0000,55209.0000,16.6313,101.0328
0-100,gr96,96,budget_200x450,10699005122977606560,66824.0000,55209.0000,21.0382,131.3229
0-100,gr96,96,budget_200x450,10699005122977606561,64296.0000,55209.0000,16.4593,102.6229
0-100,hk48,48,budget_200x450,17942683732801196544,12458.0000,11461.0000,8.6991,72.7341
0-100,hk48,48,budget_200x450,17942683732801196545,12423.0000,11461.0000,8.3937,78.4830
0-100,hk48,48,budget_200x450,17942683732801196546,13004.0000,11461.0000,13.4630,76.6346
0-100,hk48,48,budget_200x450,17942683732801196547,12446.0000,11461.0000,8.5944,95.7641
0-100,hk48,48,budget_200x450,17942683732801196548,12567.0000,11461.0000,9.6501,68.9744
0-100,pr76,76,budget_200x450,3410447540017747654,149423.0000,108159.0000,38.1512,87.7959
0-100,pr76,76,budget_200x450,3410447540017747655,139552.0000,108159.0000,29.0249,77.1999
0-100,pr76,76,budget_200x450,3410447540017747656,149137.0000,108159.0000,37.8868,94.4532
0-100,pr76,76,budget_200x450,3410447540017747657,131808.0000,108159.0000,21.8650,82.6200
0-100,pr76,76,budget_200x450,3410447540017747658,147298.0000,108159.0000,36.1865,78.9347
0-100,rat99,99,budget_200x450,1166336133928733210,1545.0000,1211.0000,27.5805,121.4088
0-100,rat99,99,budget_200x450,1166336133928733211,1674.0000,1211.0000,38.2329,94.9153
0-100,rat99,99,budget_200x450,1166336133928733212,1615.0000,1211.0000,33.3609,119.2989
0-100,rat99,99,budget_200x450,1166336133928733213,1591.0000,1211.0000,31.3790,102.8830
0-100,rat99,99,budget_200x450,1166336133928733214,1554.0000,1211.0000,28.3237,105.9044
0-100,st70,70,budget_200x450,16373234612004714143,812.0000,675.0000,20.2963,88.4770
0-100,st70,70,budget_200x450,16373234612004714144,821.0000,675.0000,21.6296,85.6201
0-100,st70,70,budget_200x450,16373234612004714145,905.0000,675.0000,34.0741,92.7084
0-100,st70,70,budget_200x450,16373234612004714146,802.0000,675.0000,18.8148,81.3214
0-100,st70,70,budget_200x450,16373234612004714147,825.0000,675.0000,22.2222,75.4177
0-100,swiss42,42,budget_200x450,10585408313201622768,1310.0000,1273.0000,2.9065,55.5319
0-100,swiss42,42,budget_200x450,10585408313201622769,1489.0000,1273.0000,16.9678,61.5112
0-100,swiss42,42,budget_200x450,10585408313201622770,1351.0000,1273.0000,6.1273,56.1236
0-100,swiss42,42,budget_200x450,10585408313201622771,1428.0000,1273.0000,12.1760,66.5883
0-100,swiss42,42,budget_200x450,10585408313201622772,1440.0000,1273.0000,13.1186,70.6685
0-100,ulysses16,16,budget_200x450,809342906862485590,6870.0000,6859.0000,0.1604,38.6546
0-100,ulysses16,16,budget_200x450,809342906862485591,6875.0000,6859.0000,0.2333,52.3484
0-100,ulysses16,16,budget_200x450,809342906862485592,6859.0000,6859.0000,0.0000,39.3913
0-100,ulysses16,16,budget_200x450,809342906862485593,6949.0000,6859.0000,1.3121,50.1378
0-100,ulysses16,16,budget_200x450,809342906862485594,6895.0000,6859.0000,0.5249,57.6402
0-100,ulysses22,22,budget_200x450,15844648165894477737,7463.0000,7013.0000,6.4167,60.8122
0-100,ulysses22,22,budget_200x450,15844648165894477738,7013.0000,7013.0000,0.0000,44.6993
0-100,ulysses22,22,budget_200x450,15844648165894477739,7120.0000,7013.0000,1.5257,37.9697
0-100,ulysses22,22,budget_200x450,15844648165894477740,7114.0000,7013.0000,1.4402,32.4215
0-100,ulysses22,22,budget_200x450,15844648165894477741,7083.0000,7013.0000,0.9981,134.4468
0-100,att48,48,budget_100x1200,6011372902521568253,11476.0000,10628.0000,7.9789,171.6295
0-100,att48,48,budget_100x1200,6011372902521568254,11610.0000,10628.0000,9.2397,100.2291
0-100,att48,48,budget_100x1200,6011372902521568255,11823.0000,10628.0000,11.2439,109.8005
0-100,att48,48,budget_100x1200,6011372902521568256,12081.0000,10628.0000,13.6714,83.7691
0-100,att48,48,budget_100x1200,6011372902521568257,12236.0000,10628.0000,15.1298,98.1244
0-100,bayg29,29,budget_100x1200,634351442403222734,1779.0000,1610.0000,10.4969,72.4446
0-100,bayg29,29,budget_100x1200,634351442403222735,1730.0000,1610.0000,7.4534,123.0787
0-100,bayg29,29,budget_100x1200,634351442403222736,1634.0000,1610.0000,1.4907,146.3843
0-100,bayg29,29,budget_100x1200,634351442403222737,1713.0000,1610.0000,6.3975,166.6547
0-100,bayg29,29,budget_100x1200,634351442403222738,1835.0000,1610.0000,13.9752,76.1670
0-100,bays29,29,budget_100x1200,12555739891376218058,2149.0000,2020.0000,6.3861,55.0779
0-100,bays29,29,budget_100x1200,12555739891376218059,2091.0000,2020.0000,3.5149,93.1111
0-100,bays29,29,budget_100x1200,12555739891376218060,2047.0000,2020.0000,1.3366,87.5179
0-100,bays29,29,budget_100x1200,12555739891376218061,2202.0000,2020.0000,9.0099,64.2764
0-100,bays29,29,budget_100x1200,12555739891376218062,2128.0000,2020.0000,5.3465,72.5297
0-100,berlin52,52,budget_100x1200,18269038262605285289,8379.0000,7542.0000,11.0979,85.6526
0-100,berlin52,52,budget_100x1200,18269038262605285290,8553.0000,7542.0000,13.4049,102.8233
0-100,berlin52,52,budget_100x1200,18269038262605285291,8457.0000,7542.0000,12.1321,88.7416
0-100,berlin52,52,budget_100x1200,18269038262605285292,9052.0000,7542.0000,20.0212,94.2174
0-100,berlin52,52,budget_100x1200,18269038262605285293,8625.0000,7542.0000,14.3596,105.1469
0-100,brazil58,58,budget_100x1200,1732566260965673757,27656.0000,25395.0000,8.9033,102.8320
0-100,brazil58,58,budget_100x1200,1732566260965673758,27500.0000,25395.0000,8.2890,88.2552
0-100,brazil58,58,budget_100x1200,1732566260965673759,29403.0000,25395.0000,15.7826,97.1098
0-100,brazil58,58,budget_100x1200,1732566260965673760,26720.0000,25395.0000,5.2176,132.1445
0-100,brazil58,58,budget_100x1200,1732566260965673761,28692.0000,25395.0000,12.9829,100.3924
0-100,burma14,14,budget_100x1200,1262817295975033262,3323.0000,3323.0000,0.0000,50.9396
0-100,burma14,14,budget_100x1200,1262817295975033263,3323.0000,3323.0000,0.0000,52.8345
0-100,burma14,14,budget_100x1200,1262817295975033264,3323.0000,3323.0000,0.0000,73.6330
0-100,burma14,14,budget_100x1200,1262817295975033265,3323.0000,3323.0000,0.0000,48.1935
0-100,burma14,14,budget_100x1200,1262817295975033266,3323.0000,3323.0000,0.0000,54.9588
0-100,dantzig42,42,budget_100x1200,13901990094358780451,699.0000,699.0000,0.0000,78.2035
0-100,dantzig42,42,budget_100x1200,13901990094358780452,699.0000,699.0000,0.0000,85.0509
0-100,dantzig42,42,budget_100x1200,13901990094358780453,699.0000,699.0000,0.0000,75.1219
0-100,dantzig42,42,budget_100x1200,13901990094358780454,699.0000,699.0000,0.0000,65.0301
0-100,dantzig42,42,budget_100x1200,13901990094358780455,699.0000,699.0000,0.0000,67.6673
0-100,eil51,51,budget_100x1200,7218907833702391904,519.0000,426.0000,21.8310,82.7390
0-100,eil51,51,budget_100x1200,7218907833702391905,480.0000,426.0000,12.6761,83.1720
0-100,eil51,51,budget_100x1200,7218907833702391906,499.0000,426.0000,17.1362,87.5882
0-100,eil51,51,budget_100x1200,7218907833702391907,496.0000,426.0000,16.4319,80.6802
0-100,eil51,51,budget_100x1200,7218907833702391908,478.0000,426.0000,12.2066,89.8982
0-100,eil76,76,budget_100x1200,9342824819517375567,663.0000,538.0000,23.2342,112.0626
0-100,eil76,76,budget_100x1200,9342824819517375568,694.0000,538.0000,28.9963,114.4504
0-100,eil76,76,budget_100x1200,9342824819517375569,681.0000,538.0000,26.5799,113.0691
0-100,eil76,76,budget_100x1200,9342824819517375570,676.0000,538.0000,25.6506,123.4688
0-100,eil76,76,budget_100x1200,9342824819517375571,658.0000,538.0000,22.3048,106.2799
0-100,fri26,26,budget_100x1200,10512985138195673057,955.0000,937.0000,1.9210,65.2300
0-100,fri26,26,budget_100x1200,10512985138195673058,937.0000,937.0000,0.0000,70.7571
0-100,fri26,26,budget_100x1200,10512985138195673059,937.0000,937.0000,0.0000,63.8553
0-100,fri26,26,budget_100x1200,10512985138195673060,955.0000,937.0000,1.9210,53.1699
0-100,fri26,26,budget_100x1200,10512985138195673061,955.0000,937.0000,1.9210,72.7073
0-100,gr17,17,budget_100x1200,671937743021279555,2103.0000,2085.0000,0.8633,62.3536
0-100,gr17,17,budget_100x1200,671937743021279556,2103.0000,2085.0000,0.8633,63.7474
0-100,gr17,17,budget_100x1200,671937743021279557,2129.0000,2085.0000,2.1103,66.8597
0-100,gr17,17,budget_100x1200,671937743021279558,2103.0000,2085.0000,0.8633,61.7753
0-100,gr17,17,budget_100x1200,671937743021279559,2103.0000,2085.0000,0.8633,54.3333
0-100,gr21,21,budget_100x1200,2978970554359685692,2707.0000,2707.0000,0.0000,45.4924
0-100,gr21,21,budget_100x1200,2978970554359685693,2782.0000,2707.0000,2.7706,58.6294
0-100,gr21,21,budget_100x1200,2978970554359685694,3130.0000,2707.0000,15.6262,58.2096
0-100,gr21,21,budget_100x1200,2978970554359685695,2707.0000,2707.0000,0.0000,55.9677
0-100,gr21,21,budget_100x1200,2978970554359685696,2707.0000,2707.0000,0.0000,85.9287
0-100,gr24,24,budget_100x1200,3624635152190513091,1408.0000,1272.0000,10.6918,88.2717
0-100,gr24,24,budget_100x1200,3624635152190513092,1340.0000,1272.0000,5.3459,57.6029
0-100,gr24,24,budget_100x1200,3624635152190513093,1363.0000,1272.0000,7.1541,65.8632
0-100,gr24,24,budget_100x1200,3624635152190513094,1418.0000,1272.0000,11.4780,81.9684
0-100,gr24,24,budget_100x1200,3624635152190513095,1344.0000,1272.0000,5.6604,53.2082
0-100,gr48,48,budget_100x1200,17831159987868255365,5558.0000,5046.0000,10.1467,107.7811
0-100,gr48,48,budget_100x1200,17831159987868255366,5670.0000,5046.0000,12.3662,124.5762
0-100,gr48,48,budget_100x1200,17831159987868255367,5761.0000,5046.0000,14.1696,97.9967
0-100,gr48,48,budget_100x1200,17831159987868255368,5620.0000,5046.0000,11.3753,99.8884
0-100,gr48,48,budget_100x1200,17831159987868255369,5795.0000,5046.0000,14.8434,71.5162
0-100,gr96,96,budget_100x1200,4647953501465422414,68303.0000,55209.0000,23.7171,117.4166
0-100,gr96,96,budget_100x1200,4647953501465422415,68163.0000,55209.0000,23.4636,154.2043
0-100,gr96,96,budget_100x1200,4647953501465422416,68074.0000,55209.0000,23.3024,192.6332
0-100,gr96,96,budget_100x1200,4647953501465422417,68449.0000,55209.0000,23.9816,133.6821
0-100,gr96,96,budget_100x1200,4647953501465422418,69692.0000,55209.0000,26.2330,121.7753
0-100,hk48,48,budget_100x1200,11891632111289012401,12572.0000,11461.0000,9.6937,88.3446
0-100,hk48,48,budget_100x1200,11891632111289012402,12244.0000,11461.0000,6.8319,74.5654
0-100,hk48,48,budget_100x1200,11891632111289012403,12829.0000,11461.0000,11.9361,76.0414
0-100,hk48,48,budget_100x1200,11891632111289012404,12186.0000,11461.0000,6.3258,104.6832
0-100,hk48,48,budget_100x1200,11891632111289012405,13221.0000,11461.0000,15.3564,103.5312
0-100,pr76,76,budget_100x1200,15806139992215115127,147534.0000,108159.0000,36.4047,112.1158
0-100,pr76,76,budget_100x1200,15806139992215115128,150058.0000,108159.0000,38.7383,100.8884
0-100,pr76,76,budget_100x1200,15806139992215115129,147534.0000,108159.0000,36.4047,108.6955
0-100,pr76,76,budget_100x1200,15806139992215115130,147534.0000,108159.0000,36.4047,131.5220
0-100,pr76,76,budget_100x1200,15806139992215115131,148565.0000,108159.0000,37.3580,131.4225
0-100,rat99,99,budget_100x1200,1688568885343329965,1553.0000,1211.0000,28.2411,113.3895
0-100,rat99,99,budget_100x1200,1688568885343329966,1599.0000,1211.0000,32.0396,138.5525
0-100,rat99,99,budget_100x1200,1688568885343329967,1705.0000,1211.0000,40.7927,124.3617
0-100,rat99,99,budget_100x1200,1688568885343329968,1683.0000,1211.0000,38.9761,156.2484
0-100,rat99,99,budget_100x1200,1688568885343329969,1645.0000,1211.0000,35.8382,163.6946
0-100,st70,70,budget_100x1200,10322182990492530000,936.0000,675.0000,38.6667,126.4908
0-100,st70,70,budget_100x1200,10322182990492530001,950.0000,675.0000,40.7407,139.0744
0-100,st70,70,budget_100x1200,10322182990492530002,905.0000,675.0000,34.0741,121.3729
0-100,st70,70,budget_100x1200,10322182990492530003,845.0000,675.0000,25.1852,97.5516
0-100,st70,70,budget_100x1200,10322182990492530004,891.0000,675.0000,32.0000,104.0949
0-100,swiss42,42,budget_100x1200,7504035516254449947,1507.0000,1273.0000,18.3818,84.1827
0-100,swiss42,42,budget_100x1200,7504035516254449948,1432.0000,1273.0000,12.4902,80.1349
0-100,swiss42,42,budget_100x1200,7504035516254449949,1379.0000,1273.0000,8.3268,83.7278
0-100,swiss42,42,budget_100x1200,7504035516254449950,1540.0000,1273.0000,20.9741,73.2771
0-100,swiss42,42,budget_100x1200,7504035516254449951,1337.0000,1273.0000,5.0275,70.8897
0-100,ulysses16,16,budget_100x1200,8186033821714187481,6859.0000,6859.0000,0.0000,65.5741
0-100,ulysses16,16,budget_100x1200,8186033821714187482,6859.0000,6859.0000,0.0000,49.2754
0-100,ulysses16,16,budget_100x1200,8186033821714187483,6875.0000,6859.0000,0.2333,41.2646
0-100,ulysses16,16,budget_100x1200,8186033821714187484,6875.0000,6859.0000,0.2333,54.3313
0-100,ulysses16,16,budget_100x1200,8186033821714187485,6870.0000,6859.0000,0.1604,71.6841
0-100,ulysses22,22,budget_100x1200,4774595007036628012,7013.0000,7013.0000,0.0000,55.2459
0-100,ulysses22,22,budget_100x1200,4774595007036628013,7120.0000,7013.0000,1.5257,70.7872
0-100,ulysses22,22,budget_100x1200,4774595007036628014,7013.0000,7013.0000,0.0000,46.5116
0-100,ulysses22,22,budget_100x1200,4774595007036628015,7153.0000,7013.0000,1.9963,74.0180
0-100,ulysses22,22,budget_100x1200,4774595007036628016,7317.0000,7013.0000,4.3348,78.3976
