size_class,instance,dimension,config,seed,cost,reference_cost,gap_percent,time_ms
100-200,bier127,127,Greedy(start=0),0,135737.0000,118282.0000,14.7571,0.0362
100-200,brg180,180,Greedy(start=0),0,12360.0000,1950.0000,533.8462,0.0755
100-200,ch130,130,Greedy(start=0),0,7579.0000,6110.0000,24.0426,0.0461
100-200,ch150,150,Greedy(start=0),0,8191.0000,6528.0000,25.4749,0.0529
100-200,d198,198,Greedy(start=0),0,18240.0000,15780.0000,15.5894,0.0617
100-200,eil101,101,Greedy(start=0),0,803.0000,629.0000,27.6630,0.0218
100-200,gr120,120,Greedy(start=0),0,9351.0000,6942.0000,34.7018,0.0269
100-200,gr137,137,Greedy(start=0),0,93912.0000,69853.0000,34.4423,0.0347
100-200,kroA100,100,Greedy(start=0),0,27807.0000,21282.0000,30.6597,0.0205
100-200,kroA150,150,Greedy(start=0),0,33633.0000,26524.0000,26.8021,0.0433
100-200,kroB100,100,Greedy(start=0),0,29158.0000,22141.0000,31.6923,0.0201
100-200,kroB150,150,Greedy(start=0),0,34499.0000,26130.0000,32.0283,0.0445
100-200,kroC100,100,Greedy(start=0),0,26227.0000,20749.0000,26.4013,0.0219
100-200,kroD100,100,Greedy(start=0),0,26947.0000,21294.0000,26.5474,0.0227
100-200,kroE100,100,Greedy(start=0),0,27460.0000,22068.0000,24.4336,0.0201
100-200,lin105,105,Greedy(start=0),0,20356.0000,14379.0000,41.5676,0.0218
100-200,pr107,107,Greedy(start=0),0,46680.0000,44303.0000,5.3653,0.0227
100-200,pr124,124,Greedy(start=0),0,69297.0000,59030.0000,17.3929,0.0313
100-200,pr136,136,Greedy(start=0),0,120769.0000,96772.0000,24.7975,0.0344
100-200,pr144,144,Greedy(start=0),0,61652.0000,58537.0000,5.3214,0.0376
100-200,pr152,152,Greedy(start=0),0,85699.0000,73682.0000,16.3093,0.0393
100-200,rat195,195,Greedy(start=0),0,2752.0000,2323.0000,18.4675,0.0621
100-200,rd100,100,Greedy(start=0),0,9938.0000,7910.0000,25.6384,0.0200
100-200,si175,175,Greedy(start=0),0,22263.0000,21407.0000,3.9987,0.0500
100-200,u159,159,Greedy(start=0),0,54675.0000,42080.0000,29.9311,0.0371
100-200,bier127,127,b_150x2000_m40_x99_e5_t5,15198709637816942511,162185.0000,118282.0000,37.1172,264.0654
100-200,bier127,127,b_150x2000_m40_x99_e5_t5,15198709637816942512,156383.0000,118282.0000,32.2120,264.3401
100-200,bier127,127,b_150x2000_m40_x99_e5_t5,15198709637816942513,149274.0000,118282.0000,26.2018,271.5100
100-200,bier127,127,b_150x2000_m40_x99_e5_t5,15198709637816942514,163720.0000,118282.0000,38.4150,267.6082
100-200,bier127,127,b_150x2000_m40_x99_e5_t5,15198709637816942515,149167.0000,118282.0000,26.1113,268.1291
100-200,brg180,180,b_150x2000_m40_x99_e5_t5,7661116671589617499,2670.0000,1950.0000,36.9231,362.9389
100-200,brg180,180,b_150x2000_m40_x99_e5_t5,7661116671589617500,2750.0000,1950.0000,41.0256,354.0400
100-200,brg180,180,b_150x2000_m40_x99_e5_t5,7661116671589617501,2490.0000,1950.0000,27.6923,349.0561
100-200,brg180,180,b_150x2000_m40_x99_e5_t5,7661116671589617502,2550.0000,1950.0000,30.7692,358.0145
100-200,brg180,180,b_150x2000_m40_x99_e5_t5,7661116671589617503,2600.0000,1950.0000,33.3333,351.4203
100-200,ch130,130,b_150x2000_m40_x99_e5_t5,18157039261034557058,8281.0000,6110.0000,35.5319,275.4367
100-200,ch130,130,b_150x2000_m40_x99_e5_t5,18157039261034557059,8577.0000,6110.0000,40.3764,274.6657
100-200,ch130,130,b_150x2000_m40_x99_e5_t5,18157039261034557060,9624.0000,6110.0000,57.5123,283.0869
100-200,ch130,130,b_150x2000_m40_x99_e5_t5,18157039261034557061,10164.0000,6110.0000,66.3502,294.4290
100-200,ch130,130,b_150x2000_m40_x99_e5_t5,18157039261034557062,8458.0000,6110.0000,38.4288,276.0036
100-200,ch150,150,b_150x2000_m40_x99_e5_t5,6907019201325127312,11070.0000,6528.0000,69.5772,309.6379
100-200,ch150,150,b_150x2000_m40_x99_e5_t5,6907019201325127313,10788.0000,6528.0000,65.2574,304.3336
100-200,ch150,150,b_150x2000_m40_x99_e5_t5,6907019201325127314,9752.0000,6528.0000,49.3873,304.6157
100-200,ch150,150,b_150x2000_m40_x99_e5_t5,6907019201325127315,9624.0000,6528.0000,47.4265,305.7921
100-200,ch150,150,b_150x2000_m40_x99_e5_t5,6907019201325127316,10600.0000,6528.0000,62.3775,304.0078
100-200,d198,198,b_150x2000_m40_x99_e5_t5,17063626415034901605,20627.0000,15780.0000,30.7161,384.3228
100-200,d198,198,b_150x2000_m40_x99_e5_t5,17063626415034901606,20413.0000,15780.0000,29.3599,381.2915
100-200,d198,198,b_150x2000_m40_x99_e5_t5,17063626415034901607,20446.0000,15780.0000,29.5691,382.4935
100-200,d198,198,b_150x2000_m40_x99_e5_t5,17063626415034901608,20430.0000,15780.0000,29.4677,380.5864
100-200,d198,198,b_150x2000_m40_x99_e5_t5,17063626415034901609,20614.0000,15780.0000,30.6337,381.0076
100-200,eil101,101,b_150x2000_m40_x99_e5_t5,15053041143616010251,808.0000,629.0000,28.4579,215.5703
100-200,eil101,101,b_150x2000_m40_x99_e5_t5,15053041143616010252,907.0000,629.0000,44.1971,232.8279
100-200,eil101,101,b_150x2000_m40_x99_e5_t5,15053041143616010253,842.0000,629.0000,33.8633,214.9749
100-200,eil101,101,b_150x2000_m40_x99_e5_t5,15053041143616010254,799.0000,629.0000,27.0270,215.7141
100-200,eil101,101,b_150x2000_m40_x99_e5_t5,15053041143616010255,775.0000,629.0000,23.2114,216.6275
100-200,gr120,120,b_150x2000_m40_x99_e5_t5,2960970804520248293,10179.0000,6942.0000,46.6292,250.4931
100-200,gr120,120,b_150x2000_m40_x99_e5_t5,2960970804520248294,9544.0000,6942.0000,37.4820,249.7462
100-200,gr120,120,b_150x2000_m40_x99_e5_t5,2960970804520248295,10514.0000,6942.0000,51.4549,250.3337
100-200,gr120,120,b_150x2000_m40_x99_e5_t5,2960970804520248296,10824.0000,6942.0000,55.9205,248.6908
100-200,gr120,120,b_150x2000_m40_x99_e5_t5,2960970804520248297,9492.0000,6942.0000,36.7329,248.4150
100-200,gr137,137,b_150x2000_m40_x99_e5_t5,14214798231028757031,89299.0000,69853.0000,27.8385,276.0019
100-200,gr137,137,b_150x2000_m40_x99_e5_t5,14214798231028757032,89272.0000,69853.0000,27.7998,275.9197
100-200,gr137,137,b_150x2000_m40_x99_e5_t5,14214798231028757033,87621.0000,69853.0000,25.4363,275.7218
100-200,gr137,137,b_150x2000_m40_x99_e5_t5,14214798231028757034,91245.0000,69853.0000,30.6243,288.7022
100-200,gr137,137,b_150x2000_m40_x99_e5_t5,14214798231028757035,88950.0000,69853.0000,27.3388,299.6604
100-200,kroA100,100,b_150x2000_m40_x99_e5_t5,13931718086211282933,35465.0000,21282.0000,66.6432,223.4487
100-200,kroA100,100,b_150x2000_m40_x99_e5_t5,13931718086211282934,31421.0000,21282.0000,47.6412,218.9991
100-200,kroA100,100,b_150x2000_m40_x99_e5_t5,13931718086211282935,30176.0000,21282.0000,41.7912,214.2410
100-200,kroA100,100,b_150x2000_m40_x99_e5_t5,13931718086211282936,33600.0000,21282.0000,57.8799,220.0534
100-200,kroA100,100,b_150x2000_m40_x99_e5_t5,13931718086211282937,32542.0000,21282.0000,52.9086,214.9622
100-200,kroA150,150,b_150x2000_m40_x99_e5_t5,13476784047502035992,43250.0000,26524.0000,63.0599,306.2595
100-200,kroA150,150,b_150x2000_m40_x99_e5_t5,13476784047502035993,39493.0000,26524.0000,48.8953,310.7944
100-200,kroA150,150,b_150x2000_m40_x99_e5_t5,13476784047502035994,38873.0000,26524.0000,46.5578,314.7318
100-200,kroA150,150,b_150x2000_m40_x99_e5_t5,13476784047502035995,41751.0000,26524.0000,57.4084,312.3006
100-200,kroA150,150,b_150x2000_m40_x99_e5_t5,13476784047502035996,45537.0000,26524.0000,71.6823,314.3587
100-200,kroB100,100,b_150x2000_m40_x99_e5_t5,5722961434678178100,30820.0000,22141.0000,39.1988,214.7427
100-200,kroB100,100,b_150x2000_m40_x99_e5_t5,5722961434678178101,34687.0000,22141.0000,56.6641,232.7884
100-200,kroB100,100,b_150x2000_m40_x99_e5_t5,5722961434678178102,32295.0000,22141.0000,45.8606,220.5132
100-200,kroB100,100,b_150x2000_m40_x99_e5_t5,5722961434678178103,31724.0000,22141.0000,43.2817,235.9600
100-200,kroB100,100,b_150x2000_m40_x99_e5_t5,5722961434678178104,36119.0000,22141.0000,63.1317,225.5662
100-200,kroB150,150,b_150x2000_m40_x99_e5_t5,5268027395968931159,39131.0000,26130.0000,49.7551,306.0283
100-200,kroB150,150,b_150x2000_m40_x99_e5_t5,5268027395968931160,41733.0000,26130.0000,59.7130,300.7482
100-200,kroB150,150,b_150x2000_m40_x99_e5_t5,5268027395968931161,43244.0000,26130.0000,65.4956,301.4230
100-200,kroB150,150,b_150x2000_m40_x99_e5_t5,5268027395968931162,38767.0000,26130.0000,48.3620,303.3539
100-200,kroB150,150,b_150x2000_m40_x99_e5_t5,5268027395968931163,44969.0000,26130.0000,72.0972,303.2686
100-200,kroC100,100,b_150x2000_m40_x99_e5_t5,15960948856854624883,27966.0000,20749.0000,34.7824,216.2126
100-200,kroC100,100,b_150x2000_m40_x99_e5_t5,15960948856854624884,31380.0000,20749.0000,51.2362,210.9963
100-200,kroC100,100,b_150x2000_m40_x99_e5_t5,15960948856854624885,32067.0000,20749.0000,54.5472,229.6926
100-200,kroC100,100,b_150x2000_m40_x99_e5_t5,15960948856854624886,30314.0000,20749.0000,46.0986,211.2228
100-200,kroC100,100,b_150x2000_m40_x99_e5_t5,15960948856854624887,33044.0000,20749.0000,59.2559,211.1020
100-200,kroD100,100,b_150x2000_m40_x99_e5_t5,7752192205321520050,30702.0000,21294.0000,44.1815,213.5708
100-200,kroD100,100,b_150x2000_m40_x99_e5_t5,7752192205321520051,30635.0000,21294.0000,43.8668,213.0852
100-200,kroD100,100,b_150x2000_m40_x99_e5_t5,7752192205321520052,31192.0000,21294.0000,46.4826,211.6276
100-200,kroD100,100,b_150x2000_m40_x99_e5_t5,7752192205321520053,30805.0000,21294.0000,44.6652,216.4698
100-200,kroD100,100,b_150x2000_m40_x99_e5_t5,7752192205321520054,32658.0000,21294.0000,53.3671,212.8102
100-200,kroE100,100,b_150x2000_m40_x99_e5_t5,17990179627497966833,31570.0000,22068.0000,43.0578,215.0467
100-200,kroE100,100,b_150x2000_m40_x99_e5_t5,17990179627497966834,31583.0000,22068.0000,43.1167,214.9743
100-200,kroE100,100,b_150x2000_m40_x99_e5_t5,17990179627497966835,31748.0000,22068.0000,43.8644,213.2115
100-200,kroE100,100,b_150x2000_m40_x99_e5_t5,17990179627497966836,31974.0000,22068.0000,44.8885,214.7896
100-200,kroE100,100,b_150x2000_m40_x99_e5_t5,17990179627497966837,37980.0000,22068.0000,72.1044,214.7085
100-200,lin105,105,b_150x2000_m40_x99_e5_t5,1486254162734332094,20614.0000,14379.0000,43.3618,220.1084
100-200,lin105,105,b_150x2000_m40_x99_e5_t5,1486254162734332095,24801.0000,14379.0000,72.4807,219.3078
100-200,lin105,105,b_150x2000_m40_x99_e5_t5,1486254162734332096,22851.0000,14379.0000,58.9193,218.7319
100-200,lin105,105,b_150x2000_m40_x99_e5_t5,1486254162734332097,23576.0000,14379.0000,63.9613,219.3346
100-200,lin105,105,b_150x2000_m40_x99_e5_t5,1486254162734332098,21703.0000,14379.0000,50.9354,219.0464
100-200,pr107,107,b_150x2000_m40_x99_e5_t5,9836258750012574519,53283.0000,44303.0000,20.2695,222.5156
100-200,pr107,107,b_150x2000_m40_x99_e5_t5,9836258750012574520,52442.0000,44303.0000,18.3712,222.3167
100-200,pr107,107,b_150x2000_m40_x99_e5_t5,9836258750012574521,52338.0000,44303.0000,18.1365,223.9453
100-200,pr107,107,b_150x2000_m40_x99_e5_t5,9836258750012574522,53429.0000,44303.0000,20.5991,222.7364
100-200,pr107,107,b_150x2000_m40_x99_e5_t5,9836258750012574523,53039.0000,44303.0000,19.7188,222.7020
100-200,pr124,124,b_150x2000_m40_x99_e5_t5,16387318166181868990,93394.0000,59030.0000,58.2145,250.4662
100-200,pr124,124,b_150x2000_m40_x99_e5_t5,16387318166181868991,93036.0000,59030.0000,57.6080,250.2424
100-200,pr124,124,b_150x2000_m40_x99_e5_t5,16387318166181868992,93320.0000,59030.0000,58.0891,249.4847
100-200,pr124,124,b_150x2000_m40_x99_e5_t5,16387318166181868993,93320.0000,59030.0000,58.0891,250.1887
100-200,pr124,124,b_150x2000_m40_x99_e5_t5,16387318166181868994,96470.0000,59030.0000,63.4254,250.0346
100-200,pr136,136,b_150x2000_m40_x99_e5_t5,14267208547165964319,161005.0000,96772.0000,66.3756,269.9339
100-200,pr136,136,b_150x2000_m40_x99_e5_t5,14267208547165964320,176819.0000,96772.0000,82.7171,277.8938
100-200,pr136,136,b_150x2000_m40_x99_e5_t5,14267208547165964321,147602.0000,96772.0000,52.5255,271.0097
100-200,pr136,136,b_150x2000_m40_x99_e5_t5,14267208547165964322,174443.0000,96772.0000,80.2619,272.0808
100-200,pr136,136,b_150x2000_m40_x99_e5_t5,14267208547165964323,167825.0000,96772.0000,73.4231,269.8702
100-200,pr144,144,b_150x2000_m40_x99_e5_t5,5137298106472439244,92304.0000,58537.0000,57.6849,293.2553
100-200,pr144,144,b_150x2000_m40_x99_e5_t5,5137298106472439245,92580.0000,58537.0000,58.1564,293.0855
100-200,pr144,144,b_150x2000_m40_x99_e5_t5,5137298106472439246,92442.0000,58537.0000,57.9206,295.3806
100-200,pr144,144,b_150x2000_m40_x99_e5_t5,5137298106472439247,92526.0000,58537.0000,58.0641,293.9672
100-200,pr144,144,b_150x2000_m40_x99_e5_t5,5137298106472439248,92576.0000,58537.0000,58.1495,286.5690
100-200,pr152,152,b_150x2000_m40_x99_e5_t5,14454131739488465785,113822.0000,73682.0000,54.4773,298.7788
100-200,pr152,152,b_150x2000_m40_x99_e5_t5,14454131739488465786,134633.0000,73682.0000,82.7217,300.4380
100-200,pr152,152,b_150x2000_m40_x99_e5_t5,14454131739488465787,120093.0000,73682.0000,62.9882,299.2194
100-200,pr152,152,b_150x2000_m40_x99_e5_t5,14454131739488465788,116356.0000,73682.0000,57.9165,299.0567
100-200,pr152,152,b_150x2000_m40_x99_e5_t5,14454131739488465789,113803.0000,73682.0000,54.4516,298.6583
100-200,rat195,195,b_150x2000_m40_x99_e5_t5,16636024462271425497,3402.0000,2323.0000,46.4486,371.3460
100-200,rat195,195,b_150x2000_m40_x99_e5_t5,16636024462271425498,3321.0000,2323.0000,42.9617,369.8625
100-200,rat195,195,b_150x2000_m40_x99_e5_t5,16636024462271425499,3371.0000,2323.0000,45.1141,369.9577
100-200,rat195,195,b_150x2000_m40_x99_e5_t5,16636024462271425500,3529.0000,2323.0000,51.9156,370.5140
100-200,rat195,195,b_150x2000_m40_x99_e5_t5,16636024462271425501,3428.0000,2323.0000,47.5678,373.2996
100-200,rd100,100,b_150x2000_m40_x99_e5_t5,13997735932054357508,11316.0000,7910.0000,43.0594,211.8111
100-200,rd100,100,b_150x2000_m40_x99_e5_t5,13997735932054357509,11467.0000,7910.0000,44.9684,210.1473
100-200,rd100,100,b_150x2000_m40_x99_e5_t5,13997735932054357510,10424.0000,7910.0000,31.7826,209.9249
100-200,rd100,100,b_150x2000_m40_x99_e5_t5,13997735932054357511,11301.0000,7910.0000,42.8698,209.8155
100-200,rd100,100,b_150x2000_m40_x99_e5_t5,13997735932054357512,11734.0000,7910.0000,48.3439,212.3888
100-200,si175,175,b_150x2000_m40_x99_e5_t5,6080458693230933902,23472.0000,21407.0000,9.6464,338.0632
100-200,si175,175,b_150x2000_m40_x99_e5_t5,6080458693230933903,23023.0000,21407.0000,7.5489,336.8133
100-200,si175,175,b_150x2000_m40_x99_e5_t5,6080458693230933904,23541.0000,21407.0000,9.9687,338.8531
100-200,si175,175,b_150x2000_m40_x99_e5_t5,6080458693230933905,23472.0000,21407.0000,9.6464,341.4287
100-200,si175,175,b_150x2000_m40_x99_e5_t5,6080458693230933906,23220.0000,21407.0000,8.4692,342.7687
100-200,u159,159,b_150x2000_m40_x99_e5_t5,17059404124495081637,42981.0000,42080.0000,2.1412,358.8270
100-200,u159,159,b_150x2000_m40_x99_e5_t5,17059404124495081638,42981.0000,42080.0000,2.1412,324.3439
100-200,u159,159,b_150x2000_m40_x99_e5_t5,17059404124495081639,42981.0000,42080.0000,2.1412,330.6548
100-200,u159,159,b_150x2000_m40_x99_e5_t5,17059404124495081640,42981.0000,42080.0000,2.1412,332.5854
100-200,u159,159,b_150x2000_m40_x99_e5_t5,17059404124495081641,42981.0000,42080.0000,2.1412,341.9405
100-200,bier127,127,champ_0_100,5115746913977807750,164240.0000,118282.0000,38.8546,176.1980
100-200,bier127,127,champ_0_100,5115746913977807751,159328.0000,118282.0000,34.7018,169.0475
100-200,bier127,127,champ_0_100,5115746913977807752,167825.0000,118282.0000,41.8855,172.2542
100-200,bier127,127,champ_0_100,5115746913977807753,168398.0000,118282.0000,42.3699,177.8423
100-200,bier127,127,champ_0_100,5115746913977807754,163038.0000,118282.0000,37.8384,176.8678
100-200,brg180,180,champ_0_100,15047334024129824376,9770.0000,1950.0000,401.0256,225.7529
100-200,brg180,180,champ_0_100,15047334024129824377,2660.0000,1950.0000,36.4103,223.3774
100-200,brg180,180,champ_0_100,15047334024129824378,6400.0000,1950.0000,228.2051,219.3433
100-200,brg180,180,champ_0_100,15047334024129824379,10070.0000,1950.0000,416.4103,221.1689
100-200,brg180,180,champ_0_100,15047334024129824380,6140.0000,1950.0000,214.8718,220.1782
100-200,ch130,130,champ_0_100,10891050906222675553,9620.0000,6110.0000,57.4468,172.9948
100-200,ch130,130,champ_0_100,10891050906222675554,9225.0000,6110.0000,50.9820,172.7047
100-200,ch130,130,champ_0_100,10891050906222675555,10446.0000,6110.0000,70.9656,172.5908
100-200,ch130,130,champ_0_100,10891050906222675556,8691.0000,6110.0000,42.2422,175.0838
100-200,ch130,130,champ_0_100,10891050906222675557,9939.0000,6110.0000,62.6678,173.4642
100-200,ch150,150,champ_0_100,18087774920222797423,12086.0000,6528.0000,85.1409,192.3483
100-200,ch150,150,champ_0_100,18087774920222797424,12581.0000,6528.0000,92.7237,197.4305
100-200,ch150,150,champ_0_100,18087774920222797425,11029.0000,6528.0000,68.9491,201.3961
100-200,ch150,150,champ_0_100,18087774920222797426,12571.0000,6528.0000,92.5705,249.0823
100-200,ch150,150,champ_0_100,18087774920222797427,12207.0000,6528.0000,86.9945,267.9390
100-200,d198,198,champ_0_100,16163271813530556634,19230.0000,15780.0000,21.8631,339.4142
100-200,d198,198,champ_0_100,16163271813530556635,19902.0000,15780.0000,26.1217,296.9979
100-200,d198,198,champ_0_100,16163271813530556636,19628.0000,15780.0000,24.3853,309.2002
100-200,d198,198,champ_0_100,16163271813530556637,19421.0000,15780.0000,23.0735,316.1862
100-200,d198,198,champ_0_100,16163271813530556638,19386.0000,15780.0000,22.8517,301.1779
100-200,eil101,101,champ_0_100,3992514422446665512,741.0000,629.0000,17.8060,198.1850
100-200,eil101,101,champ_0_100,3992514422446665513,816.0000,629.0000,29.7297,183.5825
100-200,eil101,101,champ_0_100,3992514422446665514,856.0000,629.0000,36.0890,191.5366
100-200,eil101,101,champ_0_100,3992514422446665515,804.0000,629.0000,27.8219,198.2096
100-200,eil101,101,champ_0_100,3992514422446665516,789.0000,629.0000,25.4372,202.1506
100-200,gr120,120,champ_0_100,14141726523417918404,9686.0000,6942.0000,39.5275,217.0581
100-200,gr120,120,champ_0_100,14141726523417918405,9590.0000,6942.0000,38.1446,226.8988
100-200,gr120,120,champ_0_100,14141726523417918406,10004.0000,6942.0000,44.1083,225.4034
100-200,gr120,120,champ_0_100,14141726523417918407,9321.0000,6942.0000,34.2697,235.1786
100-200,gr120,120,champ_0_100,14141726523417918408,9962.0000,6942.0000,43.5033,227.0186
100-200,gr137,137,champ_0_100,6948809876216875526,81082.0000,69853.0000,16.0752,238.9408
100-200,gr137,137,champ_0_100,6948809876216875527,81662.0000,69853.0000,16.9055,234.1426
100-200,gr137,137,champ_0_100,6948809876216875528,82802.0000,69853.0000,18.5375,229.1167
100-200,gr137,137,champ_0_100,6948809876216875529,80543.0000,69853.0000,15.3036,230.3359
100-200,gr137,137,champ_0_100,6948809876216875530,81332.0000,69853.0000,16.4331,233.3423
100-200,kroA100,100,champ_0_100,3848755362372148172,30827.0000,21282.0000,44.8501,189.5287
100-200,kroA100,100,champ_0_100,3848755362372148173,30372.0000,21282.0000,42.7122,194.2895
100-200,kroA100,100,champ_0_100,3848755362372148174,25691.0000,21282.0000,20.7170,190.9259
100-200,kroA100,100,champ_0_100,3848755362372148175,26399.0000,21282.0000,24.0438,186.1176
100-200,kroA100,100,champ_0_100,3848755362372148176,28976.0000,21282.0000,36.1526,198.4453
100-200,kroA150,150,champ_0_100,3393821323662901231,51730.0000,26524.0000,95.0309,275.5050
100-200,kroA150,150,champ_0_100,3393821323662901232,52002.0000,26524.0000,96.0564,277.5056
100-200,kroA150,150,champ_0_100,3393821323662901233,49666.0000,26524.0000,87.2493,257.8506
100-200,kroA150,150,champ_0_100,3393821323662901234,51381.0000,26524.0000,93.7151,275.2022
100-200,kroA150,150,champ_0_100,3393821323662901235,54519.0000,26524.0000,105.5459,263.5106
100-200,kroB100,100,champ_0_100,14086742784548594955,29796.0000,22141.0000,34.5739,201.4569
100-200,kroB100,100,champ_0_100,14086742784548594956,30837.0000,22141.0000,39.2756,189.0604
100-200,kroB100,100,champ_0_100,14086742784548594957,29845.0000,22141.0000,34.7952,194.5492
100-200,kroB100,100,champ_0_100,14086742784548594958,30264.0000,22141.0000,36.6876,215.4187
100-200,kroB100,100,champ_0_100,14086742784548594959,29886.0000,22141.0000,34.9804,193.9725
100-200,kroB150,150,champ_0_100,13631808745839348014,45477.0000,26130.0000,74.0413,258.2413
100-200,kroB150,150,champ_0_100,13631808745839348015,52193.0000,26130.0000,99.7436,264.1519
100-200,kroB150,150,champ_0_100,13631808745839348016,49821.0000,26130.0000,90.6659,263.3746
100-200,kroB150,150,champ_0_100,13631808745839348017,48393.0000,26130.0000,85.2009,267.9848
100-200,kroB150,150,champ_0_100,13631808745839348018,45830.0000,26130.0000,75.3923,256.3729
100-200,kroC100,100,champ_0_100,5877986133015490122,32197.0000,20749.0000,55.1737,213.1165
100-200,kroC100,100,champ_0_100,5877986133015490123,26840.0000,20749.0000,29.3556,225.4537
100-200,kroC100,100,champ_0_100,5877986133015490124,29779.0000,20749.0000,43.5202,204.0893
100-200,kroC100,100,champ_0_100,5877986133015490125,30242.0000,20749.0000,45.7516,236.7894
100-200,kroC100,100,champ_0_100,5877986133015490126,24333.0000,20749.0000,17.2731,215.0503
100-200,kroD100,100,champ_0_100,16115973555191936905,27341.0000,21294.0000,28.3977,200.1637
100-200,kroD100,100,champ_0_100,16115973555191936906,29551.0000,21294.0000,38.7762,184.5985
100-200,kroD100,100,champ_0_100,16115973555191936907,27492.0000,21294.0000,29.1068,180.9029
100-200,kroD100,100,champ_0_100,16115973555191936908,27605.0000,21294.0000,29.6375,190.2035
100-200,kroD100,100,champ_0_100,16115973555191936909,28431.0000,21294.0000,33.5165,194.1491
100-200,kroE100,100,champ_0_100,7907216903658832072,28459.0000,22068.0000,28.9605,201.3587
100-200,kroE100,100,champ_0_100,7907216903658832073,28833.0000,22068.0000,30.6552,206.7940
100-200,kroE100,100,champ_0_100,7907216903658832074,28337.0000,22068.0000,28.4076,206.4788
100-200,kroE100,100,champ_0_100,7907216903658832075,30320.0000,22068.0000,37.3935,199.6057
100-200,kroE100,100,champ_0_100,7907216903658832076,31236.0000,22068.0000,41.5443,199.7636
100-200,lin105,105,champ_0_100,8872471515274538971,18850.0000,14379.0000,31.0940,215.1612
100-200,lin105,105,champ_0_100,8872471515274538972,17213.0000,14379.0000,19.7093,214.7691
100-200,lin105,105,champ_0_100,8872471515274538973,18336.0000,14379.0000,27.5193,258.3147
100-200,lin105,105,champ_0_100,8872471515274538974,19589.0000,14379.0000,36.2334,207.7072
100-200,lin105,105,champ_0_100,8872471515274538975,19643.0000,14379.0000,36.6089,202.9944
100-200,pr107,107,champ_0_100,2570270395200693014,50121.0000,44303.0000,13.1323,184.1429
100-200,pr107,107,champ_0_100,2570270395200693015,50120.0000,44303.0000,13.1300,182.6966
100-200,pr107,107,champ_0_100,2570270395200693016,50687.0000,44303.0000,14.4099,191.9103
100-200,pr107,107,champ_0_100,2570270395200693017,50327.0000,44303.0000,13.5973,182.1178
100-200,pr107,107,champ_0_100,2570270395200693018,49940.0000,44303.0000,12.7237,195.5948
100-200,pr124,124,champ_0_100,9121329811369987485,90734.0000,59030.0000,53.7083,214.9502
100-200,pr124,124,champ_0_100,9121329811369987486,90649.0000,59030.0000,53.5643,207.7709
100-200,pr124,124,champ_0_100,9121329811369987487,87346.0000,59030.0000,47.9688,224.7290
100-200,pr124,124,champ_0_100,9121329811369987488,91093.0000,59030.0000,54.3164,218.5401
100-200,pr124,124,champ_0_100,9121329811369987489,91003.0000,59030.0000,54.1640,234.4404
100-200,pr136,136,champ_0_100,7001220192354082814,134845.0000,96772.0000,39.3430,233.3639
100-200,pr136,136,champ_0_100,7001220192354082815,135544.0000,96772.0000,40.0653,238.5220
100-200,pr136,136,champ_0_100,7001220192354082816,129415.0000,96772.0000,33.7319,224.0180
100-200,pr136,136,champ_0_100,7001220192354082817,127949.0000,96772.0000,32.2170,227.8601
100-200,pr136,136,champ_0_100,7001220192354082818,126216.0000,96772.0000,30.4262,221.1738
100-200,pr144,144,champ_0_100,16318053825370109355,89793.0000,58537.0000,53.3953,229.7214
100-200,pr144,144,champ_0_100,16318053825370109356,90726.0000,58537.0000,54.9892,226.4560
100-200,pr144,144,champ_0_100,16318053825370109357,90078.0000,58537.0000,53.8822,223.6529
100-200,pr144,144,champ_0_100,16318053825370109358,89362.0000,58537.0000,52.6590,226.7227
100-200,pr144,144,champ_0_100,16318053825370109359,89150.0000,58537.0000,52.2968,282.5297
100-200,pr152,152,champ_0_100,7188143384676584280,109414.0000,73682.0000,48.4949,311.9788
100-200,pr152,152,champ_0_100,7188143384676584281,109624.0000,73682.0000,48.7799,248.5056
100-200,pr152,152,champ_0_100,7188143384676584282,111425.0000,73682.0000,51.2242,253.2486
100-200,pr152,152,champ_0_100,7188143384676584283,109847.0000,73682.0000,49.0825,248.1976
100-200,pr152,152,champ_0_100,7188143384676584284,110851.0000,73682.0000,50.4452,277.5171
100-200,rat195,195,champ_0_100,5575497741102080758,3263.0000,2323.0000,40.4649,291.1232
100-200,rat195,195,champ_0_100,5575497741102080759,3211.0000,2323.0000,38.2264,292.9427
100-200,rat195,195,champ_0_100,5575497741102080760,3284.0000,2323.0000,41.3689,307.0065
100-200,rat195,195,champ_0_100,5575497741102080761,3137.0000,2323.0000,35.0409,291.9549
100-200,rat195,195,champ_0_100,5575497741102080762,3198.0000,2323.0000,37.6668,284.9177
100-200,rd100,100,champ_0_100,6731747577242476003,9778.0000,7910.0000,23.6157,194.8052
100-200,rd100,100,champ_0_100,6731747577242476004,9643.0000,7910.0000,21.9090,226.3211
100-200,rd100,100,champ_0_100,6731747577242476005,10903.0000,7910.0000,37.8382,218.8233
100-200,rd100,100,champ_0_100,6731747577242476006,9736.0000,7910.0000,23.0847,198.4611
100-200,rd100,100,champ_0_100,6731747577242476007,10818.0000,7910.0000,36.7636,182.6679
100-200,si175,175,champ_0_100,17261214412128604013,22693.0000,21407.0000,6.0074,266.3378
100-200,si175,175,champ_0_100,17261214412128604014,22446.0000,21407.0000,4.8536,267.4674
100-200,si175,175,champ_0_100,17261214412128604015,22880.0000,21407.0000,6.8809,291.5761
100-200,si175,175,champ_0_100,17261214412128604016,23043.0000,21407.0000,7.6424,306.0259
100-200,si175,175,champ_0_100,17261214412128604017,22713.0000,21407.0000,6.1008,268.7843
100-200,u159,159,champ_0_100,16159049522990736666,42930.0000,42080.0000,2.0200,249.1103
100-200,u159,159,champ_0_100,16159049522990736667,42972.0000,42080.0000,2.1198,243.9584
100-200,u159,159,champ_0_100,16159049522990736668,42930.0000,42080.0000,2.0200,236.8046
100-200,u159,159,champ_0_100,16159049522990736669,43011.0000,42080.0000,2.2125,252.6619
100-200,u159,159,champ_0_100,16159049522990736670,42645.0000,42080.0000,1.3427,258.0014
100-200,bier127,127,L_150x3000,3295680742173657222,150219.0000,118282.0000,27.0007,580.6406
100-200,bier127,127,L_150x3000,3295680742173657223,143149.0000,118282.0000,21.0235,861.9649
100-200,bier127,127,L_150x3000,3295680742173657224,157671.0000,118282.0000,33.3009,546.8054
100-200,bier127,127,L_150x3000,3295680742173657225,155653.0000,118282.0000,31.5948,592.8844
100-200,bier127,127,L_150x3000,3295680742173657226,159512.0000,118282.0000,34.8574,551.6391
100-200,brg180,180,L_150x3000,9823291299709537656,2590.0000,1950.0000,32.8205,752.5767
100-200,brg180,180,L_150x3000,9823291299709537657,6240.0000,1950.0000,220.0000,698.9560
100-200,brg180,180,L_150x3000,9823291299709537658,2720.0000,1950.0000,39.4872,700.1476
100-200,brg180,180,L_150x3000,9823291299709537659,2590.0000,1950.0000,32.8205,751.8182
100-200,brg180,180,L_150x3000,9823291299709537660,2560.0000,1950.0000,31.2821,741.5624
100-200,ch130,130,L_150x3000,8879764953884095329,9958.0000,6110.0000,62.9787,594.9269
100-200,ch130,130,L_150x3000,8879764953884095330,8473.0000,6110.0000,38.6743,564.0821
100-200,ch130,130,L_150x3000,8879764953884095331,9588.0000,6110.0000,56.9231,600.4770
100-200,ch130,130,L_150x3000,8879764953884095332,8592.0000,6110.0000,40.6219,561.4443
100-200,ch130,130,L_150x3000,8879764953884095333,8154.0000,6110.0000,33.4534,585.9719
100-200,ch150,150,L_150x3000,16076488967884217199,10044.0000,6528.0000,53.8603,625.9354
100-200,ch150,150,L_150x3000,16076488967884217200,10219.0000,6528.0000,56.5411,650.7778
100-200,ch150,150,L_150x3000,16076488967884217201,10318.0000,6528.0000,58.0576,628.3184
100-200,ch150,150,L_150x3000,16076488967884217202,10603.0000,6528.0000,62.4234,685.4870
100-200,ch150,150,L_150x3000,16076488967884217203,10156.0000,6528.0000,55.5760,649.3278
100-200,d198,198,L_150x3000,5727620306608072666,20484.0000,15780.0000,29.8099,774.2727
100-200,d198,198,L_150x3000,5727620306608072667,20729.0000,15780.0000,31.3625,778.9008
100-200,d198,198,L_150x3000,5727620306608072668,20567.0000,15780.0000,30.3359,760.0610
100-200,d198,198,L_150x3000,5727620306608072669,20417.0000,15780.0000,29.3853,798.5095
100-200,d198,198,L_150x3000,5727620306608072670,20543.0000,15780.0000,30.1838,756.0637
100-200,eil101,101,L_150x3000,17215215771735930408,856.0000,629.0000,36.0890,476.4600
100-200,eil101,101,L_150x3000,17215215771735930409,815.0000,629.0000,29.5707,471.7184
100-200,eil101,101,L_150x3000,17215215771735930410,862.0000,629.0000,37.0429,447.1250
100-200,eil101,101,L_150x3000,17215215771735930411,906.0000,629.0000,44.0382,469.2256
100-200,eil101,101,L_150x3000,17215215771735930412,775.0000,629.0000,23.2114,472.3955
100-200,gr120,120,L_150x3000,12130440571079338180,9496.0000,6942.0000,36.7906,538.1313
100-200,gr120,120,L_150x3000,12130440571079338181,9354.0000,6942.0000,34.7450,526.1784
100-200,gr120,120,L_150x3000,12130440571079338182,10456.0000,6942.0000,50.6194,539.6761
100-200,gr120,120,L_150x3000,12130440571079338183,9363.0000,6942.0000,34.8747,524.0800
100-200,gr120,120,L_150x3000,12130440571079338184,9379.0000,6942.0000,35.1052,542.2030
100-200,gr137,137,L_150x3000,4937523923878295302,84662.0000,69853.0000,21.2002,569.2462
100-200,gr137,137,L_150x3000,4937523923878295303,86045.0000,69853.0000,23.1801,580.5976
100-200,gr137,137,L_150x3000,4937523923878295304,89947.0000,69853.0000,28.7661,586.2875
100-200,gr137,137,L_150x3000,4937523923878295305,87185.0000,69853.0000,24.8121,597.4488
100-200,gr137,137,L_150x3000,4937523923878295306,88127.0000,69853.0000,26.1607,576.8898
100-200,kroA100,100,L_150x3000,2028689190567997644,34217.0000,21282.0000,60.7791,487.1282
100-200,kroA100,100,L_150x3000,2028689190567997645,30251.0000,21282.0000,42.1436,462.5051
100-200,kroA100,100,L_150x3000,2028689190567997646,29348.0000,21282.0000,37.9006,456.6120
100-200,kroA100,100,L_150x3000,2028689190567997647,32558.0000,21282.0000,52.9837,483.2811
100-200,kroA100,100,L_150x3000,2028689190567997648,31448.0000,21282.0000,47.7681,440.0063
100-200,kroA150,150,L_150x3000,1573755151858750703,40975.0000,26524.0000,54.4827,606.9956
100-200,kroA150,150,L_150x3000,1573755151858750704,45336.0000,26524.0000,70.9244,607.7623
100-200,kroA150,150,L_150x3000,1573755151858750705,43899.0000,26524.0000,65.5067,643.9438
100-200,kroA150,150,L_150x3000,1573755151858750706,40259.0000,26524.0000,51.7833,624.9365
100-200,kroA150,150,L_150x3000,1573755151858750707,44678.0000,26524.0000,68.4437,612.0870
100-200,kroB100,100,L_150x3000,12266676612744444427,33138.0000,22141.0000,49.6680,481.4311
100-200,kroB100,100,L_150x3000,12266676612744444428,31430.0000,22141.0000,41.9538,442.7703
100-200,kroB100,100,L_150x3000,12266676612744444429,33677.0000,22141.0000,52.1024,457.1708
100-200,kroB100,100,L_150x3000,12266676612744444430,32136.0000,22141.0000,45.1425,439.7437
100-200,kroB100,100,L_150x3000,12266676612744444431,30444.0000,22141.0000,37.5006,444.9770
100-200,kroB150,150,L_150x3000,11811742574035197486,38684.0000,26130.0000,48.0444,642.4932
100-200,kroB150,150,L_150x3000,11811742574035197487,44134.0000,26130.0000,68.9016,657.5848
100-200,kroB150,150,L_150x3000,11811742574035197488,42705.0000,26130.0000,63.4328,614.3340
100-200,kroB150,150,L_150x3000,11811742574035197489,42051.0000,26130.0000,60.9300,622.1191
100-200,kroB150,150,L_150x3000,11811742574035197490,42531.0000,26130.0000,62.7669,652.8427
100-200,kroC100,100,L_150x3000,4057919961211339594,29717.0000,20749.0000,43.2214,489.8355
100-200,kroC100,100,L_150x3000,4057919961211339595,33715.0000,20749.0000,62.4898,471.2243
100-200,kroC100,100,L_150x3000,4057919961211339596,27969.0000,20749.0000,34.7969,447.2261
100-200,kroC100,100,L_150x3000,4057919961211339597,32817.0000,20749.0000,58.1618,456.6282
100-200,kroC100,100,L_150x3000,4057919961211339598,30275.0000,20749.0000,45.9106,460.0653
100-200,kroD100,100,L_150x3000,14295907383387786377,31363.0000,21294.0000,47.2856,472.9232
100-200,kroD100,100,L_150x3000,14295907383387786378,29624.0000,21294.0000,39.1190,454.7697
100-200,kroD100,100,L_150x3000,14295907383387786379,28385.0000,21294.0000,33.3005,441.6783
100-200,kroD100,100,L_150x3000,14295907383387786380,30520.0000,21294.0000,43.3268,458.5022
100-200,kroD100,100,L_150x3000,14295907383387786381,30620.0000,21294.0000,43.7964,451.7248
100-200,kroE100,100,L_150x3000,6087150731854681544,30752.0000,22068.0000,39.3511,451.2608
100-200,kroE100,100,L_150x3000,6087150731854681545,31919.0000,22068.0000,44.6393,458.0833
100-200,kroE100,100,L_150x3000,6087150731854681546,32836.0000,22068.0000,48.7946,480.4589
100-200,kroE100,100,L_150x3000,6087150731854681547,29930.0000,22068.0000,35.6262,445.2965
100-200,kroE100,100,L_150x3000,6087150731854681548,32960.0000,22068.0000,49.3565,438.4685
100-200,lin105,105,L_150x3000,3648428790854252251,19962.0000,14379.0000,38.8275,457.5089
100-200,lin105,105,L_150x3000,3648428790854252252,21618.0000,14379.0000,50.3443,485.3475
100-200,lin105,105,L_150x3000,3648428790854252253,21141.0000,14379.0000,47.0269,464.0817
100-200,lin105,105,L_150x3000,3648428790854252254,22957.0000,14379.0000,59.6564,452.7119
100-200,lin105,105,L_150x3000,3648428790854252255,21584.0000,14379.0000,50.1078,480.1662
100-200,pr107,107,L_150x3000,558984442862112790,51876.0000,44303.0000,17.0937,471.7840
100-200,pr107,107,L_150x3000,558984442862112791,52676.0000,44303.0000,18.8994,533.8238
100-200,pr107,107,L_150x3000,558984442862112792,53380.0000,44303.0000,20.4885,493.9282
100-200,pr107,107,L_150x3000,558984442862112793,51891.0000,44303.0000,17.1275,494.2893
100-200,pr107,107,L_150x3000,558984442862112794,53116.0000,44303.0000,19.8926,503.1986
100-200,pr124,124,L_150x3000,7110043859031407261,96537.0000,59030.0000,63.5389,552.9888
100-200,pr124,124,L_150x3000,7110043859031407262,96111.0000,59030.0000,62.8172,552.2676
100-200,pr124,124,L_150x3000,7110043859031407263,96537.0000,59030.0000,63.5389,538.3605
100-200,pr124,124,L_150x3000,7110043859031407264,93263.0000,59030.0000,57.9925,525.1774
100-200,pr124,124,L_150x3000,7110043859031407265,93255.0000,59030.0000,57.9790,538.2747
100-200,pr136,136,L_150x3000,4989934240015502590,202893.0000,96772.0000,109.6609,573.7872
100-200,pr136,136,L_150x3000,4989934240015502591,193889.0000,96772.0000,100.3565,578.1393
100-200,pr136,136,L_150x3000,4989934240015502592,172504.0000,96772.0000,78.2582,569.3087
100-200,pr136,136,L_150x3000,4989934240015502593,139267.0000,96772.0000,43.9125,563.0799
100-200,pr136,136,L_150x3000,4989934240015502594,194914.0000,96772.0000,101.4157,627.1016
100-200,pr144,144,L_150x3000,14306767873031529131,88834.0000,58537.0000,51.7570,568.7939
100-200,pr144,144,L_150x3000,14306767873031529132,92580.0000,58537.0000,58.1564,661.4026
100-200,pr144,144,L_150x3000,14306767873031529133,92442.0000,58537.0000,57.9206,582.0791
100-200,pr144,144,L_150x3000,14306767873031529134,92304.0000,58537.0000,57.6849,616.9451
100-200,pr144,144,L_150x3000,14306767873031529135,91094.0000,58537.0000,55.6178,584.0525
100-200,pr152,152,L_150x3000,5176857432338004056,116361.0000,73682.0000,57.9232,620.0523
100-200,pr152,152,L_150x3000,5176857432338004057,115469.0000,73682.0000,56.7126,608.7585
100-200,pr152,152,L_150x3000,5176857432338004058,128171.0000,73682.0000,73.9516,605.3145
100-200,pr152,152,L_150x3000,5176857432338004059,108687.0000,73682.0000,47.5082,613.6999
100-200,pr152,152,L_150x3000,5176857432338004060,127457.0000,73682.0000,72.9825,621.1146
100-200,rat195,195,L_150x3000,351455016681794038,3527.0000,2323.0000,51.8295,742.4850
100-200,rat195,195,L_150x3000,351455016681794039,3747.0000,2323.0000,61.3000,728.0075
100-200,rat195,195,L_150x3000,351455016681794040,3736.0000,2323.0000,60.8265,753.7067
100-200,rat195,195,L_150x3000,351455016681794041,3531.0000,2323.0000,52.0017,734.1130
100-200,rat195,195,L_150x3000,351455016681794042,3347.0000,2323.0000,44.0809,742.0733
100-200,rd100,100,L_150x3000,4720461624903895779,11801.0000,7910.0000,49.1909,454.8617
100-200,rd100,100,L_150x3000,4720461624903895780,10475.0000,7910.0000,32.4273,493.9205
100-200,rd100,100,L_150x3000,4720461624903895781,10298.0000,7910.0000,30.1896,457.7280
100-200,rd100,100,L_150x3000,4720461624903895782,10523.0000,7910.0000,33.0341,444.6344
100-200,rd100,100,L_150x3000,4720461624903895783,10242.0000,7910.0000,29.4817,511.5341
100-200,si175,175,L_150x3000,15249928459790023789,23101.0000,21407.0000,7.9133,693.4130
100-200,si175,175,L_150x3000,15249928459790023790,23175.0000,21407.0000,8.2590,727.1760
100-200,si175,175,L_150x3000,15249928459790023791,23222.0000,21407.0000,8.4785,705.4761
100-200,si175,175,L_150x3000,15249928459790023792,22713.0000,21407.0000,6.1008,705.6454
100-200,si175,175,L_150x3000,15249928459790023793,23136.0000,21407.0000,8.0768,724.9332
100-200,u159,159,L_150x3000,5723398016068252698,42981.0000,42080.0000,2.1412,632.4263
100-200,u159,159,L_150x3000,5723398016068252699,42981.0000,42080.0000,2.1412,633.5946
100-200,u159,159,L_150x3000,5723398016068252700,42981.0000,42080.0000,2.1412,646.9507
100-200,u159,159,L_150x3000,5723398016068252701,42981.0000,42080.0000,2.1412,644.6056
100-200,u159,159,L_150x3000,5723398016068252702,42981.0000,42080.0000,2.1412,640.8338
100-200,bier127,127,L_150x4000,2416560313816411707,157914.0000,118282.0000,33.5064,869.7430
100-200,bier127,127,L_150x4000,2416560313816411708,148867.0000,118282.0000,25.8577,1037.9725
100-200,bier127,127,L_150x4000,2416560313816411709,153989.0000,118282.0000,30.1880,1004.0385
100-200,bier127,127,L_150x4000,2416560313816411710,152791.0000,118282.0000,29.1752,720.7399
100-200,bier127,127,L_150x4000,2416560313816411711,151218.0000,118282.0000,27.8453,723.3706
100-200,brg180,180,L_150x4000,7281913332113131743,6110.0000,1950.0000,213.3333,949.9144
100-200,brg180,180,L_150x4000,7281913332113131744,2430.0000,1950.0000,24.6154,941.7219
100-200,brg180,180,L_150x4000,7281913332113131745,6250.0000,1950.0000,220.5128,906.6688
100-200,brg180,180,L_150x4000,7281913332113131746,2520.0000,1950.0000,29.2308,942.3774
100-200,brg180,180,L_150x4000,7281913332113131747,2560.0000,1950.0000,31.2821,915.7148
100-200,ch130,130,L_150x4000,129845026116243374,8566.0000,6110.0000,40.1964,723.4365
100-200,ch130,130,L_150x4000,129845026116243375,9918.0000,6110.0000,62.3241,730.8879
100-200,ch130,130,L_150x4000,129845026116243376,9930.0000,6110.0000,62.5205,715.7576
100-200,ch130,130,L_150x4000,129845026116243377,8849.0000,6110.0000,44.8282,708.4567
100-200,ch130,130,L_150x4000,129845026116243378,8898.0000,6110.0000,45.6301,758.3837
100-200,ch150,150,L_150x4000,7326569040116365244,10680.0000,6528.0000,63.6029,839.4727
100-200,ch150,150,L_150x4000,7326569040116365245,10279.0000,6528.0000,57.4602,772.2481
100-200,ch150,150,L_150x4000,7326569040116365246,9220.0000,6528.0000,41.2377,791.3261
100-200,ch150,150,L_150x4000,7326569040116365247,10784.0000,6528.0000,65.1961,791.1482
100-200,ch150,150,L_150x4000,7326569040116365248,10068.0000,6528.0000,54.2279,829.4693
100-200,d198,198,L_150x4000,5238382503944740553,20318.0000,15780.0000,28.7579,1007.2139
100-200,d198,198,L_150x4000,5238382503944740554,20362.0000,15780.0000,29.0368,979.2653
100-200,d198,198,L_150x4000,5238382503944740555,20617.0000,15780.0000,30.6527,1004.2540
100-200,d198,198,L_150x4000,5238382503944740556,20970.0000,15780.0000,32.8897,1009.2433
100-200,d198,198,L_150x4000,5238382503944740557,20742.0000,15780.0000,31.4449,988.2043
100-200,eil101,101,L_150x4000,14673837804139524495,827.0000,629.0000,31.4785,598.3086
100-200,eil101,101,L_150x4000,14673837804139524496,818.0000,629.0000,30.0477,602.5221
100-200,eil101,101,L_150x4000,14673837804139524497,823.0000,629.0000,30.8426,620.9706
100-200,eil101,101,L_150x4000,14673837804139524498,780.0000,629.0000,24.0064,610.1753
100-200,eil101,101,L_150x4000,14673837804139524499,779.0000,629.0000,23.8474,645.5126
100-200,gr120,120,L_150x4000,3380520643311486225,9191.0000,6942.0000,32.3970,683.5272
100-200,gr120,120,L_150x4000,3380520643311486226,9643.0000,6942.0000,38.9081,673.5057
100-200,gr120,120,L_150x4000,3380520643311486227,10494.0000,6942.0000,51.1668,702.4529
100-200,gr120,120,L_150x4000,3380520643311486228,9260.0000,6942.0000,33.3910,682.6351
100-200,gr120,120,L_150x4000,3380520643311486229,10370.0000,6942.0000,49.3806,703.0521
100-200,gr137,137,L_150x4000,14634348069819994963,87128.0000,69853.0000,24.7305,721.8338
100-200,gr137,137,L_150x4000,14634348069819994964,85035.0000,69853.0000,21.7342,746.2272
100-200,gr137,137,L_150x4000,14634348069819994965,87574.0000,69853.0000,25.3690,738.0384
100-200,gr137,137,L_150x4000,14634348069819994966,88846.0000,69853.0000,27.1900,755.5924
100-200,gr137,137,L_150x4000,14634348069819994967,87363.0000,69853.0000,25.0669,764.7781
100-200,kroA100,100,L_150x4000,1149568762210752129,27706.0000,21282.0000,30.1851,623.8129
100-200,kroA100,100,L_150x4000,1149568762210752130,29996.0000,21282.0000,40.9454,596.1815
100-200,kroA100,100,L_150x4000,1149568762210752131,33290.0000,21282.0000,56.4233,635.2229
100-200,kroA100,100,L_150x4000,1149568762210752132,36360.0000,21282.0000,70.8486,633.3119
100-200,kroA100,100,L_150x4000,1149568762210752133,30458.0000,21282.0000,43.1162,594.0712
100-200,kroA150,150,L_150x4000,694634723501505188,42981.0000,26524.0000,62.0457,839.1389
100-200,kroA150,150,L_150x4000,694634723501505189,41382.0000,26524.0000,56.0172,829.0325
100-200,kroA150,150,L_150x4000,694634723501505190,44671.0000,26524.0000,68.4173,938.1224
100-200,kroA150,150,L_150x4000,694634723501505191,43972.0000,26524.0000,65.7819,913.7745
100-200,kroA150,150,L_150x4000,694634723501505192,40733.0000,26524.0000,53.5704,837.3513
100-200,kroB100,100,L_150x4000,11387556184387198912,33745.0000,22141.0000,52.4096,597.2991
100-200,kroB100,100,L_150x4000,11387556184387198913,37162.0000,22141.0000,67.8425,643.1709
100-200,kroB100,100,L_150x4000,11387556184387198914,30011.0000,22141.0000,35.5449,630.3906
100-200,kroB100,100,L_150x4000,11387556184387198915,32494.0000,22141.0000,46.7594,630.4158
100-200,kroB100,100,L_150x4000,11387556184387198916,31512.0000,22141.0000,42.3242,608.2114
100-200,kroB150,150,L_150x4000,10932622145677951971,43424.0000,26130.0000,66.1845,856.2178
100-200,kroB150,150,L_150x4000,10932622145677951972,44858.0000,26130.0000,71.6724,831.3939
100-200,kroB150,150,L_150x4000,10932622145677951973,37667.0000,26130.0000,44.1523,809.1416
100-200,kroB150,150,L_150x4000,10932622145677951974,42389.0000,26130.0000,62.2235,793.1786
100-200,kroB150,150,L_150x4000,10932622145677951975,40284.0000,26130.0000,54.1676,786.2918
100-200,kroC100,100,L_150x4000,3178799532854094079,30548.0000,20749.0000,47.2264,675.9955
100-200,kroC100,100,L_150x4000,3178799532854094080,32783.0000,20749.0000,57.9980,621.7180
100-200,kroC100,100,L_150x4000,3178799532854094081,32462.0000,20749.0000,56.4509,610.1839
100-200,kroC100,100,L_150x4000,3178799532854094082,30011.0000,20749.0000,44.6383,593.8242
100-200,kroC100,100,L_150x4000,3178799532854094083,38160.0000,20749.0000,83.9125,573.7158
100-200,kroD100,100,L_150x4000,13416786955030540862,32605.0000,21294.0000,53.1182,561.7797
100-200,kroD100,100,L_150x4000,13416786955030540863,30953.0000,21294.0000,45.3602,607.4472
100-200,kroD100,100,L_150x4000,13416786955030540864,29398.0000,21294.0000,38.0577,596.8561
100-200,kroD100,100,L_150x4000,13416786955030540865,33795.0000,21294.0000,58.7067,602.8054
100-200,kroD100,100,L_150x4000,13416786955030540866,31376.0000,21294.0000,47.3467,591.7284
100-200,kroE100,100,L_150x4000,5208030303497436029,31176.0000,22068.0000,41.2724,699.0028
100-200,kroE100,100,L_150x4000,5208030303497436030,32822.0000,22068.0000,48.7312,646.7303
100-200,kroE100,100,L_150x4000,5208030303497436031,32178.0000,22068.0000,45.8129,601.4196
100-200,kroE100,100,L_150x4000,5208030303497436032,29023.0000,22068.0000,31.5162,598.8250
100-200,kroE100,100,L_150x4000,5208030303497436033,30289.0000,22068.0000,37.2530,643.4523
100-200,lin105,105,L_150x4000,1107050823257846338,23013.0000,14379.0000,60.0459,618.3579
100-200,lin105,105,L_150x4000,1107050823257846339,21426.0000,14379.0000,49.0090,652.6422
100-200,lin105,105,L_150x4000,1107050823257846340,21907.0000,14379.0000,52.3541,617.8105
100-200,lin105,105,L_150x4000,1107050823257846341,21668.0000,14379.0000,50.6920,635.5089
100-200,lin105,105,L_150x4000,1107050823257846342,23540.0000,14379.0000,63.7110,644.8610
100-200,pr107,107,L_150x4000,10255808588803812451,52262.0000,44303.0000,17.9649,681.7880
100-200,pr107,107,L_150x4000,10255808588803812452,53361.0000,44303.0000,20.4456,618.1400
100-200,pr107,107,L_150x4000,10255808588803812453,52086.0000,44303.0000,17.5677,639.7558
100-200,pr107,107,L_150x4000,10255808588803812454,52408.0000,44303.0000,18.2945,673.8747
100-200,pr107,107,L_150x4000,10255808588803812455,51681.0000,44303.0000,16.6535,624.2645
100-200,pr124,124,L_150x4000,16806868004973106922,93816.0000,59030.0000,58.9294,703.4016
100-200,pr124,124,L_150x4000,16806868004973106923,96462.0000,59030.0000,63.4118,678.2408
100-200,pr124,124,L_150x4000,16806868004973106924,93320.0000,59030.0000,58.0891,703.0465
100-200,pr124,124,L_150x4000,16806868004973106925,92299.0000,59030.0000,56.3595,692.4630
100-200,pr124,124,L_150x4000,16806868004973106926,93320.0000,59030.0000,58.0891,696.4840
100-200,pr136,136,L_150x4000,14686758385957202251,162717.0000,96772.0000,68.1447,768.3441
100-200,pr136,136,L_150x4000,14686758385957202252,152770.0000,96772.0000,57.8659,786.6282
100-200,pr136,136,L_150x4000,14686758385957202253,178313.0000,96772.0000,84.2609,736.2417
100-200,pr136,136,L_150x4000,14686758385957202254,193373.0000,96772.0000,99.8233,740.4992
100-200,pr136,136,L_150x4000,14686758385957202255,166375.0000,96772.0000,71.9247,768.1004
100-200,pr144,144,L_150x4000,5556847945263677176,92442.0000,58537.0000,57.9206,757.3663
100-200,pr144,144,L_150x4000,5556847945263677177,92442.0000,58537.0000,57.9206,787.3590
100-200,pr144,144,L_150x4000,5556847945263677178,92321.0000,58537.0000,57.7139,781.3021
100-200,pr144,144,L_150x4000,5556847945263677179,92304.0000,58537.0000,57.6849,773.9368
100-200,pr144,144,L_150x4000,5556847945263677180,92442.0000,58537.0000,57.9206,760.1473
100-200,pr152,152,L_150x4000,14873681578279703717,129508.0000,73682.0000,75.7661,794.8454
100-200,pr152,152,L_150x4000,14873681578279703718,129500.0000,73682.0000,75.7553,845.3856
100-200,pr152,152,L_150x4000,14873681578279703719,130399.0000,73682.0000,76.9754,805.9202
100-200,pr152,152,L_150x4000,14873681578279703720,129466.0000,73682.0000,75.7091,800.4803
100-200,pr152,152,L_150x4000,14873681578279703721,116953.0000,73682.0000,58.7267,841.6611
100-200,rat195,195,L_150x4000,16256821122794939741,3294.0000,2323.0000,41.7994,957.8036
100-200,rat195,195,L_150x4000,16256821122794939742,3688.0000,2323.0000,58.7602,947.8650
100-200,rat195,195,L_150x4000,16256821122794939743,3373.0000,2323.0000,45.2002,963.8915
100-200,rat195,195,L_150x4000,16256821122794939744,3540.0000,2323.0000,52.3892,966.8353
100-200,rat195,195,L_150x4000,16256821122794939745,3609.0000,2323.0000,55.3594,992.8206
100-200,rd100,100,L_150x4000,14417285770845595440,11163.0000,7910.0000,41.1252,572.4357
100-200,rd100,100,L_150x4000,14417285770845595441,11776.0000,7910.0000,48.8748,612.4030
100-200,rd100,100,L_150x4000,14417285770845595442,11851.0000,7910.0000,49.8230,607.8419
100-200,rd100,100,L_150x4000,14417285770845595443,11753.0000,7910.0000,48.5841,632.3999
100-200,rd100,100,L_150x4000,14417285770845595444,10597.0000,7910.0000,33.9697,602.5858
100-200,si175,175,L_150x4000,6500008532022171834,22934.0000,21407.0000,7.1332,908.7794
100-200,si175,175,L_150x4000,6500008532022171835,22775.0000,21407.0000,6.3904,953.4678
100-200,si175,175,L_150x4000,6500008532022171836,22842.0000,21407.0000,6.7034,929.1578
100-200,si175,175,L_150x4000,6500008532022171837,22985.0000,21407.0000,7.3714,907.6917
100-200,si175,175,L_150x4000,6500008532022171838,22700.0000,21407.0000,6.0401,918.1921
100-200,u159,159,L_150x4000,5234160213404920585,42981.0000,42080.0000,2.1412,810.7255
100-200,u159,159,L_150x4000,5234160213404920586,42981.0000,42080.0000,2.1412,804.2970
100-200,u159,159,L_150x4000,5234160213404920587,42981.0000,42080.0000,2.1412,911.9072
100-200,u159,159,L_150x4000,5234160213404920588,42981.0000,42080.0000,2.1412,817.2568
100-200,u159,159,L_150x4000,5234160213404920589,42981.0000,42080.0000,2.1412,955.7592
100-200,bier127,127,L_200x3000,3948155671938173144,162468.0000,118282.0000,37.3565,869.9033
100-200,bier127,127,L_200x3000,3948155671938173145,146771.0000,118282.0000,24.0857,907.3277
100-200,bier127,127,L_200x3000,3948155671938173146,156785.0000,118282.0000,32.5519,783.8806
100-200,bier127,127,L_200x3000,3948155671938173147,158354.0000,118282.0000,33.8784,732.5644
100-200,bier127,127,L_200x3000,3948155671938173148,146467.0000,118282.0000,23.8286,715.5414
100-200,brg180,180,L_200x3000,112048046608815934,2560.0000,1950.0000,31.2821,934.5991
100-200,brg180,180,L_200x3000,112048046608815935,2780.0000,1950.0000,42.5641,923.4673
100-200,brg180,180,L_200x3000,112048046608815936,2480.0000,1950.0000,27.1795,914.0949
100-200,brg180,180,L_200x3000,112048046608815937,2480.0000,1950.0000,27.1795,936.5208
100-200,brg180,180,L_200x3000,112048046608815938,2600.0000,1950.0000,33.3333,895.4253
100-200,ch130,130,L_200x3000,15705560498606746531,8572.0000,6110.0000,40.2946,784.8896
100-200,ch130,130,L_200x3000,15705560498606746532,8425.0000,6110.0000,37.8887,772.4869
100-200,ch130,130,L_200x3000,15705560498606746533,9734.0000,6110.0000,59.3126,805.6122
100-200,ch130,130,L_200x3000,15705560498606746534,8634.0000,6110.0000,41.3093,727.7581
100-200,ch130,130,L_200x3000,15705560498606746535,8837.0000,6110.0000,44.6318,820.4009
100-200,ch150,150,L_200x3000,4455540438897316785,9429.0000,6528.0000,44.4393,808.4896
100-200,ch150,150,L_200x3000,4455540438897316786,9677.0000,6528.0000,48.2384,819.9473
100-200,ch150,150,L_200x3000,4455540438897316787,10204.0000,6528.0000,56.3113,792.5776
100-200,ch150,150,L_200x3000,4455540438897316788,10076.0000,6528.0000,54.3505,816.5634
100-200,ch150,150,L_200x3000,4455540438897316789,8992.0000,6528.0000,37.7451,840.0401
100-200,d198,198,L_200x3000,5638910775852447472,20300.0000,15780.0000,28.6439,991.4635
100-200,d198,198,L_200x3000,5638910775852447473,20173.0000,15780.0000,27.8390,958.7586
100-200,d198,198,L_200x3000,5638910775852447474,20530.0000,15780.0000,30.1014,1057.4785
100-200,d198,198,L_200x3000,5638910775852447475,20191.0000,15780.0000,27.9531,1080.2255
100-200,d198,198,L_200x3000,5638910775852447476,19851.0000,15780.0000,25.7985,1000.9470
100-200,eil101,101,L_200x3000,7503972518635208686,762.0000,629.0000,21.1447,593.4643
100-200,eil101,101,L_200x3000,7503972518635208687,757.0000,629.0000,20.3498,658.2320
100-200,eil101,101,L_200x3000,7503972518635208688,772.0000,629.0000,22.7345,605.2907
100-200,eil101,101,L_200x3000,7503972518635208689,786.0000,629.0000,24.9603,614.4586
100-200,eil101,101,L_200x3000,7503972518635208690,829.0000,629.0000,31.7965,625.4090
100-200,gr120,120,L_200x3000,509492042092437766,9614.0000,6942.0000,38.4903,707.0628
100-200,gr120,120,L_200x3000,509492042092437767,9500.0000,6942.0000,36.8482,704.6975
100-200,gr120,120,L_200x3000,509492042092437768,10242.0000,6942.0000,47.5367,704.1982
100-200,gr120,120,L_200x3000,509492042092437769,9244.0000,6942.0000,33.1605,706.9914
100-200,gr120,120,L_200x3000,509492042092437770,9227.0000,6942.0000,32.9156,772.3797
100-200,gr137,137,L_200x3000,11763319468600946504,86959.0000,69853.0000,24.4886,737.5778
100-200,gr137,137,L_200x3000,11763319468600946505,87375.0000,69853.0000,25.0841,771.9833
100-200,gr137,137,L_200x3000,11763319468600946506,86203.0000,69853.0000,23.4063,739.5038
100-200,gr137,137,L_200x3000,11763319468600946507,83281.0000,69853.0000,19.2232,762.0721
100-200,gr137,137,L_200x3000,11763319468600946508,84333.0000,69853.0000,20.7292,746.7097
100-200,kroA100,100,L_200x3000,2681164120332513566,28437.0000,21282.0000,33.6200,629.0876
100-200,kroA100,100,L_200x3000,2681164120332513567,31844.0000,21282.0000,49.6288,602.7725
100-200,kroA100,100,L_200x3000,2681164120332513568,29292.0000,21282.0000,37.6374,717.5225
100-200,kroA100,100,L_200x3000,2681164120332513569,35064.0000,21282.0000,64.7590,632.6934
100-200,kroA100,100,L_200x3000,2681164120332513570,30320.0000,21282.0000,42.4678,628.3480
100-200,kroA150,150,L_200x3000,2226230081623266625,42098.0000,26524.0000,58.7166,837.5886
100-200,kroA150,150,L_200x3000,2226230081623266626,36791.0000,26524.0000,38.7083,794.2414
100-200,kroA150,150,L_200x3000,2226230081623266627,42264.0000,26524.0000,59.3425,806.4265
100-200,kroA150,150,L_200x3000,2226230081623266628,43785.0000,26524.0000,65.0769,807.1600
100-200,kroA150,150,L_200x3000,2226230081623266629,39850.0000,26524.0000,50.2413,839.3526
100-200,kroB100,100,L_200x3000,12919151542508960349,33022.0000,22141.0000,49.1441,594.4706
100-200,kroB100,100,L_200x3000,12919151542508960350,30784.0000,22141.0000,39.0362,645.5939
100-200,kroB100,100,L_200x3000,12919151542508960351,31761.0000,22141.0000,43.4488,613.6610
100-200,kroB100,100,L_200x3000,12919151542508960352,34220.0000,22141.0000,54.5549,610.5802
100-200,kroB100,100,L_200x3000,12919151542508960353,29488.0000,22141.0000,33.1828,640.1028
100-200,kroB150,150,L_200x3000,12464217503799713408,43373.0000,26130.0000,65.9893,836.2888
100-200,kroB150,150,L_200x3000,12464217503799713409,36998.0000,26130.0000,41.5920,789.4927
100-200,kroB150,150,L_200x3000,12464217503799713410,38957.0000,26130.0000,49.0892,686.1901
100-200,kroB150,150,L_200x3000,12464217503799713411,41450.0000,26130.0000,58.6299,844.5853
100-200,kroB150,150,L_200x3000,12464217503799713412,41213.0000,26130.0000,57.7229,814.6119
100-200,kroC100,100,L_200x3000,4710394890975855516,28655.0000,20749.0000,38.1030,635.7025
100-200,kroC100,100,L_200x3000,4710394890975855517,29661.0000,20749.0000,42.9515,641.5254
100-200,kroC100,100,L_200x3000,4710394890975855518,28660.0000,20749.0000,38.1271,652.1174
100-200,kroC100,100,L_200x3000,4710394890975855519,31901.0000,20749.0000,53.7472,627.3362
100-200,kroC100,100,L_200x3000,4710394890975855520,28609.0000,20749.0000,37.8813,607.1585
100-200,kroD100,100,L_200x3000,14948382313152302299,31166.0000,21294.0000,46.3605,617.5838
100-200,kroD100,100,L_200x3000,14948382313152302300,30216.0000,21294.0000,41.8991,596.5938
100-200,kroD100,100,L_200x3000,14948382313152302301,28829.0000,21294.0000,35.3856,623.3132
100-200,kroD100,100,L_200x3000,14948382313152302302,31459.0000,21294.0000,47.7365,619.1342
100-200,kroD100,100,L_200x3000,14948382313152302303,25523.0000,21294.0000,19.8601,613.2060
100-200,kroE100,100,L_200x3000,6739625661619197466,32166.0000,22068.0000,45.7586,678.5916
100-200,kroE100,100,L_200x3000,6739625661619197467,29683.0000,22068.0000,34.5070,622.6690
100-200,kroE100,100,L_200x3000,6739625661619197468,33161.0000,22068.0000,50.2674,610.8825
100-200,kroE100,100,L_200x3000,6739625661619197469,31851.0000,22068.0000,44.3312,629.7446
100-200,kroE100,100,L_200x3000,6739625661619197470,32230.0000,22068.0000,46.0486,612.8273
100-200,lin105,105,L_200x3000,12383929611463082145,20927.0000,14379.0000,45.5386,626.9407
100-200,lin105,105,L_200x3000,12383929611463082146,23200.0000,14379.0000,61.3464,601.6319
100-200,lin105,105,L_200x3000,12383929611463082147,22634.0000,14379.0000,57.4101,627.6439
100-200,lin105,105,L_200x3000,12383929611463082148,20720.0000,14379.0000,44.0990,663.9719
100-200,lin105,105,L_200x3000,12383929611463082149,22635.0000,14379.0000,57.4171,648.1828
100-200,pr107,107,L_200x3000,7384779987584763992,52630.0000,44303.0000,18.7956,682.5206
100-200,pr107,107,L_200x3000,7384779987584763993,52859.0000,44303.0000,19.3125,639.3350
100-200,pr107,107,L_200x3000,7384779987584763994,51858.0000,44303.0000,17.0530,663.4066
100-200,pr107,107,L_200x3000,7384779987584763995,53107.0000,44303.0000,19.8722,639.9577
100-200,pr107,107,L_200x3000,7384779987584763996,53225.0000,44303.0000,20.1386,654.5655
100-200,pr124,124,L_200x3000,13935839403754058463,93301.0000,59030.0000,58.0569,700.8216
100-200,pr124,124,L_200x3000,13935839403754058464,85927.0000,59030.0000,45.5650,835.7795
100-200,pr124,124,L_200x3000,13935839403754058465,93479.0000,59030.0000,58.3585,790.1231
100-200,pr124,124,L_200x3000,13935839403754058466,90765.0000,59030.0000,53.7608,707.2844
100-200,pr124,124,L_200x3000,13935839403754058467,94290.0000,59030.0000,59.7323,696.7564
100-200,pr136,136,L_200x3000,11815729784738153792,144998.0000,96772.0000,49.8347,767.7946
100-200,pr136,136,L_200x3000,11815729784738153793,155155.0000,96772.0000,60.3305,826.9975
100-200,pr136,136,L_200x3000,11815729784738153794,153917.0000,96772.0000,59.0512,771.6452
100-200,pr136,136,L_200x3000,11815729784738153795,167644.0000,96772.0000,73.2361,760.7267
100-200,pr136,136,L_200x3000,11815729784738153796,152375.0000,96772.0000,57.4577,762.6318
100-200,pr144,144,L_200x3000,2685819344044628717,92337.0000,58537.0000,57.7413,892.2491
100-200,pr144,144,L_200x3000,2685819344044628718,92482.0000,58537.0000,57.9890,778.7062
100-200,pr144,144,L_200x3000,2685819344044628719,92442.0000,58537.0000,57.9206,802.5762
100-200,pr144,144,L_200x3000,2685819344044628720,92203.0000,58537.0000,57.5123,820.6387
100-200,pr144,144,L_200x3000,2685819344044628721,90867.0000,58537.0000,55.2300,807.2839
100-200,pr152,152,L_200x3000,12002652977060655258,122991.0000,73682.0000,66.9214,856.5245
100-200,pr152,152,L_200x3000,12002652977060655259,118989.0000,73682.0000,61.4899,833.9654
100-200,pr152,152,L_200x3000,12002652977060655260,126617.0000,73682.0000,71.8425,813.9044
100-200,pr152,152,L_200x3000,12002652977060655261,113018.0000,73682.0000,53.3862,806.6004
100-200,pr152,152,L_200x3000,12002652977060655262,129314.0000,73682.0000,75.5028,832.7624
100-200,rat195,195,L_200x3000,9086955837290623932,3054.0000,2323.0000,31.4679,1074.7622
100-200,rat195,195,L_200x3000,9086955837290623933,3613.0000,2323.0000,55.5316,1000.7899
100-200,rat195,195,L_200x3000,9086955837290623934,3379.0000,2323.0000,45.4585,1072.1928
100-200,rat195,195,L_200x3000,9086955837290623935,3105.0000,2323.0000,33.6634,1048.6212
100-200,rat195,195,L_200x3000,9086955837290623936,3487.0000,2323.0000,50.1076,1030.0414
100-200,rd100,100,L_200x3000,11546257169626546981,10717.0000,7910.0000,35.4867,710.7387
100-200,rd100,100,L_200x3000,11546257169626546982,9803.0000,7910.0000,23.9317,683.2713
100-200,rd100,100,L_200x3000,11546257169626546983,11383.0000,7910.0000,43.9064,631.6416
100-200,rd100,100,L_200x3000,11546257169626546984,11824.0000,7910.0000,49.4817,650.2298
100-200,rd100,100,L_200x3000,11546257169626546985,11429.0000,7910.0000,44.4880,619.6825
100-200,si175,175,L_200x3000,3628979930803123375,23027.0000,21407.0000,7.5676,981.1399
100-200,si175,175,L_200x3000,3628979930803123376,23135.0000,21407.0000,8.0721,936.7119
100-200,si175,175,L_200x3000,3628979930803123377,23235.0000,21407.0000,8.5393,987.6368
100-200,si175,175,L_200x3000,3628979930803123378,23219.0000,21407.0000,8.4645,932.4469
100-200,si175,175,L_200x3000,3628979930803123379,22700.0000,21407.0000,6.0401,923.6616
100-200,u159,159,L_200x3000,5634688485312627504,42981.0000,42080.0000,2.1412,835.0269
100-200,u159,159,L_200x3000,5634688485312627505,42981.0000,42080.0000,2.1412,885.8699
100-200,u159,159,L_200x3000,5634688485312627506,42981.0000,42080.0000,2.1412,905.2207
100-200,u159,159,L_200x3000,5634688485312627507,42981.0000,42080.0000,2.1412,852.7153
100-200,u159,159,L_200x3000,5634688485312627508,42981.0000,42080.0000,2.1412,832.1595
100-200,bier127,127,L_300x2000,9751322083920248680,141690.0000,118282.0000,19.7900,897.4024
100-200,bier127,127,L_300x2000,9751322083920248681,153093.0000,118282.0000,29.4305,934.4729
100-200,bier127,127,L_300x2000,9751322083920248682,142699.0000,118282.0000,20.6430,715.7112
100-200,bier127,127,L_300x2000,9751322083920248683,153779.0000,118282.0000,30.0105,732.9366
100-200,bier127,127,L_300x2000,9751322083920248684,142532.0000,118282.0000,20.5019,714.3783
100-200,brg180,180,L_300x2000,7197089039719194990,6190.0000,1950.0000,217.4359,972.1886
100-200,brg180,180,L_300x2000,7197089039719194991,2440.0000,1950.0000,25.1282,947.0105
100-200,brg180,180,L_300x2000,7197089039719194992,2830.0000,1950.0000,45.1282,1043.1312
100-200,brg180,180,L_300x2000,7197089039719194993,2520.0000,1950.0000,29.2308,951.7876
100-200,brg180,180,L_300x2000,7197089039719194994,2440.0000,1950.0000,25.1282,916.8259
100-200,ch130,130,L_300x2000,8859717608387985843,8632.0000,6110.0000,41.2766,720.5459
100-200,ch130,130,L_300x2000,8859717608387985844,8648.0000,6110.0000,41.5385,744.3371
100-200,ch130,130,L_300x2000,8859717608387985845,8700.0000,6110.0000,42.3895,772.3551
100-200,ch130,130,L_300x2000,8859717608387985846,7443.0000,6110.0000,21.8167,804.8661
100-200,ch130,130,L_300x2000,8859717608387985847,8701.0000,6110.0000,42.4059,787.6868
100-200,ch150,150,L_300x2000,16056441622388107713,8800.0000,6528.0000,34.8039,870.9340
100-200,ch150,150,L_300x2000,16056441622388107714,10247.0000,6528.0000,56.9700,869.4845
100-200,ch150,150,L_300x2000,16056441622388107715,9175.0000,6528.0000,40.5484,846.0700
100-200,ch150,150,L_300x2000,16056441622388107716,9204.0000,6528.0000,40.9926,817.1496
100-200,ch150,150,L_300x2000,16056441622388107717,9350.0000,6528.0000,43.2292,893.6267
100-200,d198,198,L_300x2000,1643836905973926816,20395.0000,15780.0000,29.2459,986.6617
100-200,d198,198,L_300x2000,1643836905973926817,19733.0000,15780.0000,25.0507,953.1805
100-200,d198,198,L_300x2000,1643836905973926818,20452.0000,15780.0000,29.6071,928.6407
100-200,d198,198,L_300x2000,1643836905973926819,20640.0000,15780.0000,30.7985,925.1955
100-200,d198,198,L_300x2000,1643836905973926820,19493.0000,15780.0000,23.5298,987.8622
100-200,eil101,101,L_300x2000,14589013511745587742,757.0000,629.0000,20.3498,615.8445
100-200,eil101,101,L_300x2000,14589013511745587743,833.0000,629.0000,32.4324,663.9061
100-200,eil101,101,L_300x2000,14589013511745587744,802.0000,629.0000,27.5040,694.7969
100-200,eil101,101,L_300x2000,14589013511745587745,821.0000,629.0000,30.5246,644.0608
100-200,eil101,101,L_300x2000,14589013511745587746,797.0000,629.0000,26.7091,652.8501
100-200,gr120,120,L_300x2000,12110393225583228694,9118.0000,6942.0000,31.3454,704.6629
100-200,gr120,120,L_300x2000,12110393225583228695,8809.0000,6942.0000,26.8943,730.9458
100-200,gr120,120,L_300x2000,12110393225583228696,8851.0000,6942.0000,27.4993,763.8584
100-200,gr120,120,L_300x2000,12110393225583228697,8314.0000,6942.0000,19.7638,713.9657
100-200,gr120,120,L_300x2000,12110393225583228698,8839.0000,6942.0000,27.3264,713.0139
100-200,gr137,137,L_300x2000,4917476578382185816,86891.0000,69853.0000,24.3912,730.2382
100-200,gr137,137,L_300x2000,4917476578382185817,87160.0000,69853.0000,24.7763,757.2723
100-200,gr137,137,L_300x2000,4917476578382185818,87337.0000,69853.0000,25.0297,782.6714
100-200,gr137,137,L_300x2000,4917476578382185819,89134.0000,69853.0000,27.6023,783.8104
100-200,gr137,137,L_300x2000,4917476578382185820,83565.0000,69853.0000,19.6298,785.9667
100-200,kroA100,100,L_300x2000,8484330532314589102,27638.0000,21282.0000,29.8656,635.3590
100-200,kroA100,100,L_300x2000,8484330532314589103,29243.0000,21282.0000,37.4072,613.8876
100-200,kroA100,100,L_300x2000,8484330532314589104,28263.0000,21282.0000,32.8024,646.2257
100-200,kroA100,100,L_300x2000,8484330532314589105,29422.0000,21282.0000,38.2483,670.7436
100-200,kroA100,100,L_300x2000,8484330532314589106,29301.0000,21282.0000,37.6797,604.7917
100-200,kroA150,150,L_300x2000,8029396493605342161,37094.0000,26524.0000,39.8507,831.1420
100-200,kroA150,150,L_300x2000,8029396493605342162,39152.0000,26524.0000,47.6097,846.8993
100-200,kroA150,150,L_300x2000,8029396493605342163,35146.0000,26524.0000,32.5064,819.7650
100-200,kroA150,150,L_300x2000,8029396493605342164,39054.0000,26524.0000,47.2402,797.4327
100-200,kroA150,150,L_300x2000,8029396493605342165,39299.0000,26524.0000,48.1639,807.7659
100-200,kroB100,100,L_300x2000,275573880781484269,29538.0000,22141.0000,33.4086,605.0874
100-200,kroB100,100,L_300x2000,275573880781484270,29162.0000,22141.0000,31.7104,624.7193
100-200,kroB100,100,L_300x2000,275573880781484271,28722.0000,22141.0000,29.7231,624.4992
100-200,kroB100,100,L_300x2000,275573880781484272,29265.0000,22141.0000,32.1756,616.4404
100-200,kroB100,100,L_300x2000,275573880781484273,26234.0000,22141.0000,18.4861,698.2423
100-200,kroB150,150,L_300x2000,18267383915781788944,37078.0000,26130.0000,41.8982,867.4992
100-200,kroB150,150,L_300x2000,18267383915781788945,41359.0000,26130.0000,58.2817,809.4954
100-200,kroB150,150,L_300x2000,18267383915781788946,37353.0000,26130.0000,42.9506,795.3643
100-200,kroB150,150,L_300x2000,18267383915781788947,37483.0000,26130.0000,43.4481,830.9433
100-200,kroB150,150,L_300x2000,18267383915781788948,38252.0000,26130.0000,46.3911,864.1579
100-200,kroC100,100,L_300x2000,10513561302957931052,30153.0000,20749.0000,45.3227,611.4326
100-200,kroC100,100,L_300x2000,10513561302957931053,26906.0000,20749.0000,29.6737,690.0892
100-200,kroC100,100,L_300x2000,10513561302957931054,26450.0000,20749.0000,27.4760,638.3279
100-200,kroC100,100,L_300x2000,10513561302957931055,27646.0000,20749.0000,33.2402,643.9982
100-200,kroC100,100,L_300x2000,10513561302957931056,26880.0000,20749.0000,29.5484,605.5565
100-200,kroD100,100,L_300x2000,2304804651424826219,30932.0000,21294.0000,45.2616,628.0516
100-200,kroD100,100,L_300x2000,2304804651424826220,26988.0000,21294.0000,26.7399,601.5515
100-200,kroD100,100,L_300x2000,2304804651424826221,31161.0000,21294.0000,46.3370,632.3898
100-200,kroD100,100,L_300x2000,2304804651424826222,29626.0000,21294.0000,39.1284,610.0183
100-200,kroD100,100,L_300x2000,2304804651424826223,30612.0000,21294.0000,43.7588,719.6830
100-200,kroE100,100,L_300x2000,12542792073601273002,29316.0000,22068.0000,32.8439,607.4570
100-200,kroE100,100,L_300x2000,12542792073601273003,28660.0000,22068.0000,29.8713,636.5635
100-200,kroE100,100,L_300x2000,12542792073601273004,27598.0000,22068.0000,25.0589,655.5355
100-200,kroE100,100,L_300x2000,12542792073601273005,29437.0000,22068.0000,33.3922,612.8295
100-200,kroE100,100,L_300x2000,12542792073601273006,27993.0000,22068.0000,26.8488,637.4650
100-200,lin105,105,L_300x2000,1022226530863909585,18689.0000,14379.0000,29.9743,685.7649
100-200,lin105,105,L_300x2000,1022226530863909586,22438.0000,14379.0000,56.0470,670.4247
100-200,lin105,105,L_300x2000,1022226530863909587,20734.0000,14379.0000,44.1964,642.8439
100-200,lin105,105,L_300x2000,1022226530863909588,20442.0000,14379.0000,42.1657,631.0790
100-200,lin105,105,L_300x2000,1022226530863909589,21036.0000,14379.0000,46.2967,645.6386
100-200,pr107,107,L_300x2000,538937097366003304,51847.0000,44303.0000,17.0282,644.1535
100-200,pr107,107,L_300x2000,538937097366003305,52757.0000,44303.0000,19.0822,680.5191
100-200,pr107,107,L_300x2000,538937097366003306,53482.0000,44303.0000,20.7187,652.2489
100-200,pr107,107,L_300x2000,538937097366003307,52489.0000,44303.0000,18.4773,666.7171
100-200,pr107,107,L_300x2000,538937097366003308,51515.0000,44303.0000,16.2788,654.1907
100-200,pr124,124,L_300x2000,7089996513535297775,93109.0000,59030.0000,57.7317,710.3956
100-200,pr124,124,L_300x2000,7089996513535297776,96171.0000,59030.0000,62.9189,723.4851
100-200,pr124,124,L_300x2000,7089996513535297777,96119.0000,59030.0000,62.8308,693.0978
100-200,pr124,124,L_300x2000,7089996513535297778,85218.0000,59030.0000,44.3639,717.9131
100-200,pr124,124,L_300x2000,7089996513535297779,93320.0000,59030.0000,58.0891,748.8987
100-200,pr136,136,L_300x2000,4969886894519393104,145219.0000,96772.0000,50.0630,786.9986
100-200,pr136,136,L_300x2000,4969886894519393105,137800.0000,96772.0000,42.3966,761.3324
100-200,pr136,136,L_300x2000,4969886894519393106,153589.0000,96772.0000,58.7122,773.7544
100-200,pr136,136,L_300x2000,4969886894519393107,134377.0000,96772.0000,38.8594,782.8277
100-200,pr136,136,L_300x2000,4969886894519393108,134253.0000,96772.0000,38.7312,738.6607
100-200,pr144,144,L_300x2000,14286720527535419645,92194.0000,58537.0000,57.4970,777.1899
100-200,pr144,144,L_300x2000,14286720527535419646,92580.0000,58537.0000,58.1564,833.5150
100-200,pr144,144,L_300x2000,14286720527535419647,91005.0000,58537.0000,55.4658,760.6728
100-200,pr144,144,L_300x2000,14286720527535419648,92580.0000,58537.0000,58.1564,812.0467
100-200,pr144,144,L_300x2000,14286720527535419649,92580.0000,58537.0000,58.1564,765.1906
100-200,pr152,152,L_300x2000,5156810086841894570,122395.0000,73682.0000,66.1125,851.9682
100-200,pr152,152,L_300x2000,5156810086841894571,120856.0000,73682.0000,64.0238,793.7791
100-200,pr152,152,L_300x2000,5156810086841894572,132456.0000,73682.0000,79.7671,895.9384
100-200,pr152,152,L_300x2000,5156810086841894573,120410.0000,73682.0000,63.4185,782.8853
100-200,pr152,152,L_300x2000,5156810086841894574,111977.0000,73682.0000,51.9733,883.0099
100-200,rat195,195,L_300x2000,16171996830401002988,3423.0000,2323.0000,47.3526,989.5620
100-200,rat195,195,L_300x2000,16171996830401002989,3441.0000,2323.0000,48.1274,986.7813
100-200,rat195,195,L_300x2000,16171996830401002990,3315.0000,2323.0000,42.7034,960.0864
100-200,rat195,195,L_300x2000,16171996830401002991,3466.0000,2323.0000,49.2036,1019.7827
100-200,rat195,195,L_300x2000,16171996830401002992,3348.0000,2323.0000,44.1240,1081.1936
100-200,rd100,100,L_300x2000,4700414279407786293,9731.0000,7910.0000,23.0215,638.6002
100-200,rd100,100,L_300x2000,4700414279407786294,10897.0000,7910.0000,37.7623,673.3485
100-200,rd100,100,L_300x2000,4700414279407786295,10250.0000,7910.0000,29.5828,640.2031
100-200,rd100,100,L_300x2000,4700414279407786296,10450.0000,7910.0000,32.1113,603.8155
100-200,rd100,100,L_300x2000,4700414279407786297,11395.0000,7910.0000,44.0582,687.2479
100-200,si175,175,L_300x2000,15229881114293914303,23055.0000,21407.0000,7.6984,924.4638
100-200,si175,175,L_300x2000,15229881114293914304,22472.0000,21407.0000,4.9750,905.6941
100-200,si175,175,L_300x2000,15229881114293914305,22721.0000,21407.0000,6.1382,945.6420
100-200,si175,175,L_300x2000,15229881114293914306,22881.0000,21407.0000,6.8856,916.7828
100-200,si175,175,L_300x2000,15229881114293914307,22853.0000,21407.0000,6.7548,898.2064
100-200,u159,159,L_300x2000,1639614615434106848,42712.0000,42080.0000,1.5019,855.3750
100-200,u159,159,L_300x2000,1639614615434106849,42981.0000,42080.0000,2.1412,853.0786
100-200,u159,159,L_300x2000,1639614615434106850,42603.0000,42080.0000,1.2429,833.9001
100-200,u159,159,L_300x2000,1639614615434106851,42972.0000,42080.0000,2.1198,848.4705
100-200,u159,159,L_300x2000,1639614615434106852,42712.0000,42080.0000,1.5019,942.0662
100-200,bier127,127,L_250x3000,8219726725798487243,156506.0000,118282.0000,32.3160,1025.9481
100-200,bier127,127,L_250x3000,8219726725798487244,153584.0000,118282.0000,29.8456,940.4814
100-200,bier127,127,L_250x3000,8219726725798487245,150681.0000,118282.0000,27.3913,875.1436
100-200,bier127,127,L_250x3000,8219726725798487246,150953.0000,118282.0000,27.6213,916.7490
100-200,bier127,127,L_250x3000,8219726725798487247,157469.0000,118282.0000,33.1301,916.8726
100-200,brg180,180,L_250x3000,14366954325223510799,2600.0000,1950.0000,33.3333,1144.7411
100-200,brg180,180,L_250x3000,14366954325223510800,2510.0000,1950.0000,28.7179,1165.3611
100-200,brg180,180,L_250x3000,14366954325223510801,2590.0000,1950.0000,32.8205,1133.4522
100-200,brg180,180,L_250x3000,14366954325223510802,2570.0000,1950.0000,31.7949,1165.8886
100-200,brg180,180,L_250x3000,14366954325223510803,2710.0000,1950.0000,38.9744,1215.2510
100-200,ch130,130,L_250x3000,11730746209607034302,8158.0000,6110.0000,33.5188,969.5918
100-200,ch130,130,L_250x3000,11730746209607034303,9242.0000,6110.0000,51.2602,1078.9588
100-200,ch130,130,L_250x3000,11730746209607034304,8585.0000,6110.0000,40.5074,1027.7918
100-200,ch130,130,L_250x3000,11730746209607034305,10007.0000,6110.0000,63.7807,1010.2733
100-200,ch130,130,L_250x3000,11730746209607034306,8695.0000,6110.0000,42.3077,994.9400
100-200,ch150,150,L_250x3000,480726149897604556,9696.0000,6528.0000,48.5294,1032.7760
100-200,ch150,150,L_250x3000,480726149897604557,8684.0000,6528.0000,33.0270,756.1416
100-200,ch150,150,L_250x3000,480726149897604558,8795.0000,6528.0000,34.7273,750.8206
100-200,ch150,150,L_250x3000,480726149897604559,10551.0000,6528.0000,61.6268,752.9868
100-200,ch150,150,L_250x3000,480726149897604560,10248.0000,6528.0000,56.9853,753.3587
100-200,d198,198,L_250x3000,1243308634066219897,20184.0000,15780.0000,27.9087,958.5303
100-200,d198,198,L_250x3000,1243308634066219898,19909.0000,15780.0000,26.1660,962.3286
100-200,d198,198,L_250x3000,1243308634066219899,20819.0000,15780.0000,31.9328,955.8303
100-200,d198,198,L_250x3000,1243308634066219900,19603.0000,15780.0000,24.2269,954.8693
100-200,d198,198,L_250x3000,1243308634066219901,20263.0000,15780.0000,28.4094,951.8083
100-200,eil101,101,L_250x3000,3312134723540351935,774.0000,629.0000,23.0525,539.5145
100-200,eil101,101,L_250x3000,3312134723540351936,761.0000,629.0000,20.9857,542.1713
100-200,eil101,101,L_250x3000,3312134723540351937,792.0000,629.0000,25.9141,541.4173
100-200,eil101,101,L_250x3000,3312134723540351938,802.0000,629.0000,27.5040,540.0401
100-200,eil101,101,L_250x3000,3312134723540351939,776.0000,629.0000,23.3704,536.6294
100-200,gr120,120,L_250x3000,14981421826802277153,9766.0000,6942.0000,40.6799,621.1039
100-200,gr120,120,L_250x3000,14981421826802277154,8675.0000,6942.0000,24.9640,636.4905
100-200,gr120,120,L_250x3000,14981421826802277155,9112.0000,6942.0000,31.2590,624.5629
100-200,gr120,120,L_250x3000,14981421826802277156,10313.0000,6942.0000,48.5595,625.8371
100-200,gr120,120,L_250x3000,14981421826802277157,9326.0000,6942.0000,34.3417,622.6030
100-200,gr137,137,L_250x3000,7788505179601234275,86457.0000,69853.0000,23.7699,689.6765
100-200,gr137,137,L_250x3000,7788505179601234276,85370.0000,69853.0000,22.2138,691.1250
100-200,gr137,137,L_250x3000,7788505179601234277,83666.0000,69853.0000,19.7744,690.0734
100-200,gr137,137,L_250x3000,7788505179601234278,86608.0000,69853.0000,23.9861,688.2964
100-200,gr137,137,L_250x3000,7788505179601234279,88703.0000,69853.0000,26.9852,691.5889
100-200,kroA100,100,L_250x3000,6952735174192827665,32217.0000,21282.0000,51.3814,536.8129
100-200,kroA100,100,L_250x3000,6952735174192827666,30804.0000,21282.0000,44.7420,541.5591
100-200,kroA100,100,L_250x3000,6952735174192827667,28800.0000,21282.0000,35.3256,539.6883
100-200,kroA100,100,L_250x3000,6952735174192827668,29980.0000,21282.0000,40.8702,529.7156
100-200,kroA100,100,L_250x3000,6952735174192827669,28876.0000,21282.0000,35.6827,535.7444
100-200,kroA150,150,L_250x3000,6497801135483580724,39465.0000,26524.0000,48.7898,753.8755
100-200,kroA150,150,L_250x3000,6497801135483580725,41546.0000,26524.0000,56.6355,757.4086
100-200,kroA150,150,L_250x3000,6497801135483580726,41000.0000,26524.0000,54.5770,749.5690
100-200,kroA150,150,L_250x3000,6497801135483580727,37827.0000,26524.0000,42.6142,751.1873
100-200,kroA150,150,L_250x3000,6497801135483580728,41198.0000,26524.0000,55.3235,756.3146
100-200,kroB100,100,L_250x3000,17190722596369274448,28037.0000,22141.0000,26.6293,534.7141
100-200,kroB100,100,L_250x3000,17190722596369274449,29088.0000,22141.0000,31.3762,537.0275
100-200,kroB100,100,L_250x3000,17190722596369274450,31634.0000,22141.0000,42.8752,534.6632
100-200,kroB100,100,L_250x3000,17190722596369274451,30441.0000,22141.0000,37.4870,537.7395
100-200,kroB100,100,L_250x3000,17190722596369274452,31298.0000,22141.0000,41.3577,532.5581
100-200,kroB150,150,L_250x3000,16735788557660027507,38061.0000,26130.0000,45.6602,749.4341
100-200,kroB150,150,L_250x3000,16735788557660027508,37114.0000,26130.0000,42.0360,753.0163
100-200,kroB150,150,L_250x3000,16735788557660027509,38088.0000,26130.0000,45.7635,750.5794
100-200,kroB150,150,L_250x3000,16735788557660027510,36165.0000,26130.0000,38.4041,749.0175
100-200,kroB150,150,L_250x3000,16735788557660027511,37180.0000,26130.0000,42.2886,754.9101
100-200,kroC100,100,L_250x3000,8981965944836169615,29618.0000,20749.0000,42.7442,535.5596
100-200,kroC100,100,L_250x3000,8981965944836169616,29414.0000,20749.0000,41.7610,532.2940
100-200,kroC100,100,L_250x3000,8981965944836169617,27689.0000,20749.0000,33.4474,541.4931
100-200,kroC100,100,L_250x3000,8981965944836169618,27132.0000,20749.0000,30.7629,534.1634
100-200,kroC100,100,L_250x3000,8981965944836169619,28369.0000,20749.0000,36.7247,540.2183
100-200,kroD100,100,L_250x3000,773209293303064782,31736.0000,21294.0000,49.0373,540.0999
100-200,kroD100,100,L_250x3000,773209293303064783,28563.0000,21294.0000,34.1364,535.5335
100-200,kroD100,100,L_250x3000,773209293303064784,27539.0000,21294.0000,29.3275,534.1763
100-200,kroD100,100,L_250x3000,773209293303064785,26731.0000,21294.0000,25.5330,536.4587
100-200,kroD100,100,L_250x3000,773209293303064786,28733.0000,21294.0000,34.9347,535.0479
100-200,kroE100,100,L_250x3000,11011196715479511565,27986.0000,22068.0000,26.8171,539.0434
100-200,kroE100,100,L_250x3000,11011196715479511566,30851.0000,22068.0000,39.7997,535.6788
100-200,kroE100,100,L_250x3000,11011196715479511567,25920.0000,22068.0000,17.4551,539.5685
100-200,kroE100,100,L_250x3000,11011196715479511568,28530.0000,22068.0000,29.2822,538.1543
100-200,kroE100,100,L_250x3000,11011196715479511569,28518.0000,22068.0000,29.2278,545.0563
100-200,lin105,105,L_250x3000,8192091816368225394,21941.0000,14379.0000,52.5906,552.8549
100-200,lin105,105,L_250x3000,8192091816368225395,20117.0000,14379.0000,39.9054,554.2983
100-200,lin105,105,L_250x3000,8192091816368225396,21783.0000,14379.0000,51.4918,551.7517
100-200,lin105,105,L_250x3000,8192091816368225397,21347.0000,14379.0000,48.4596,552.9186
100-200,lin105,105,L_250x3000,8192091816368225398,19288.0000,14379.0000,34.1401,552.3686
100-200,pr107,107,L_250x3000,3409965698585051763,51663.0000,44303.0000,16.6129,562.1787
100-200,pr107,107,L_250x3000,3409965698585051764,51272.0000,44303.0000,15.7303,562.4742
100-200,pr107,107,L_250x3000,3409965698585051765,52716.0000,44303.0000,18.9897,565.6744
100-200,pr107,107,L_250x3000,3409965698585051766,50732.0000,44303.0000,14.5114,563.0341
100-200,pr107,107,L_250x3000,3409965698585051767,52417.0000,44303.0000,18.3148,569.7140
100-200,pr124,124,L_250x3000,9961025114754346234,90623.0000,59030.0000,53.5202,637.1617
100-200,pr124,124,L_250x3000,9961025114754346235,93263.0000,59030.0000,57.9925,640.0463
100-200,pr124,124,L_250x3000,9961025114754346236,90453.0000,59030.0000,53.2323,632.0709
100-200,pr124,124,L_250x3000,9961025114754346237,93142.0000,59030.0000,57.7876,640.1864
100-200,pr124,124,L_250x3000,9961025114754346238,90749.0000,59030.0000,53.7337,634.5879
100-200,pr136,136,L_250x3000,7840915495738441563,150267.0000,96772.0000,55.2794,695.4012
100-200,pr136,136,L_250x3000,7840915495738441564,163581.0000,96772.0000,69.0375,689.0081
100-200,pr136,136,L_250x3000,7840915495738441565,149074.0000,96772.0000,54.0466,707.6146
100-200,pr136,136,L_250x3000,7840915495738441566,171932.0000,96772.0000,77.6671,699.1506
100-200,pr136,136,L_250x3000,7840915495738441567,180491.0000,96772.0000,86.5116,694.6511
100-200,pr144,144,L_250x3000,17157749128754468104,92580.0000,58537.0000,58.1564,732.7252
100-200,pr144,144,L_250x3000,17157749128754468105,92580.0000,58537.0000,58.1564,733.4734
100-200,pr144,144,L_250x3000,17157749128754468106,92304.0000,58537.0000,57.6849,727.0186
100-200,pr144,144,L_250x3000,17157749128754468107,92078.0000,58537.0000,57.2988,728.2023
100-200,pr144,144,L_250x3000,17157749128754468108,92041.0000,58537.0000,57.2356,722.6455
100-200,pr152,152,L_250x3000,8027838688060943029,107512.0000,73682.0000,45.9135,762.8344
100-200,pr152,152,L_250x3000,8027838688060943030,116068.0000,73682.0000,57.5256,758.3532
100-200,pr152,152,L_250x3000,8027838688060943031,123269.0000,73682.0000,67.2987,762.2568
100-200,pr152,152,L_250x3000,8027838688060943032,125129.0000,73682.0000,69.8230,756.3739
100-200,pr152,152,L_250x3000,8027838688060943033,123319.0000,73682.0000,67.3665,755.9209
100-200,rat195,195,L_250x3000,4895118042195767181,3331.0000,2323.0000,43.3922,938.4115
100-200,rat195,195,L_250x3000,4895118042195767182,3440.0000,2323.0000,48.0844,944.1972
100-200,rat195,195,L_250x3000,4895118042195767183,3144.0000,2323.0000,35.3422,949.4015
100-200,rat195,195,L_250x3000,4895118042195767184,3646.0000,2323.0000,56.9522,954.2772
100-200,rat195,195,L_250x3000,4895118042195767185,3576.0000,2323.0000,53.9389,950.4690
100-200,rd100,100,L_250x3000,7571442880626834752,10595.0000,7910.0000,33.9444,540.0401
100-200,rd100,100,L_250x3000,7571442880626834753,10310.0000,7910.0000,30.3413,536.2077
100-200,rd100,100,L_250x3000,7571442880626834754,10062.0000,7910.0000,27.2061,541.7410
100-200,rd100,100,L_250x3000,7571442880626834755,11061.0000,7910.0000,39.8357,532.4875
100-200,rd100,100,L_250x3000,7571442880626834756,9944.0000,7910.0000,25.7143,549.1744
100-200,si175,175,L_250x3000,18100909715512962762,23107.0000,21407.0000,7.9413,854.3588
100-200,si175,175,L_250x3000,18100909715512962763,22688.0000,21407.0000,5.9840,854.2043
100-200,si175,175,L_250x3000,18100909715512962764,23060.0000,21407.0000,7.7218,852.0660
100-200,si175,175,L_250x3000,18100909715512962765,23026.0000,21407.0000,7.5629,856.6980
100-200,si175,175,L_250x3000,18100909715512962766,22913.0000,21407.0000,7.0351,854.0204
100-200,u159,159,L_250x3000,1239086343526399929,42972.0000,42080.0000,2.1198,793.5264
100-200,u159,159,L_250x3000,1239086343526399930,42981.0000,42080.0000,2.1412,790.5124
100-200,u159,159,L_250x3000,1239086343526399931,42981.0000,42080.0000,2.1412,792.3453
100-200,u159,159,L_250x3000,1239086343526399932,42981.0000,42080.0000,2.1412,790.1806
100-200,u159,159,L_250x3000,1239086343526399933,42970.0000,42080.0000,2.1150,789.6282
100-200,bier127,127,L_150x6000,658319457101920677,150554.0000,118282.0000,27.2839,767.8628
100-200,bier127,127,L_150x6000,658319457101920678,153405.0000,118282.0000,29.6943,762.8741
100-200,bier127,127,L_150x6000,658319457101920679,156511.0000,118282.0000,32.3202,760.8723
100-200,bier127,127,L_150x6000,658319457101920680,148690.0000,118282.0000,25.7081,765.6771
100-200,bier127,127,L_150x6000,658319457101920681,161206.0000,118282.0000,36.2895,762.5539
100-200,brg180,180,L_150x6000,2199157396920319917,2650.0000,1950.0000,35.8974,1034.2524
100-200,brg180,180,L_150x6000,2199157396920319918,2650.0000,1950.0000,35.8974,1026.8845
100-200,brg180,180,L_150x6000,2199157396920319919,2530.0000,1950.0000,29.7436,1027.8196
100-200,brg180,180,L_150x6000,2199157396920319920,2560.0000,1950.0000,31.2821,1032.8344
100-200,brg180,180,L_150x6000,2199157396920319921,2640.0000,1950.0000,35.3846,1031.3298
100-200,ch130,130,L_150x6000,1076749244290091080,8905.0000,6110.0000,45.7447,785.2408
100-200,ch130,130,L_150x6000,1076749244290091081,8194.0000,6110.0000,34.1080,774.9375
100-200,ch130,130,L_150x6000,1076749244290091082,10056.0000,6110.0000,64.5827,778.2306
100-200,ch130,130,L_150x6000,1076749244290091083,8427.0000,6110.0000,37.9214,778.0327
100-200,ch130,130,L_150x6000,1076749244290091084,8574.0000,6110.0000,40.3273,778.2661
100-200,ch150,150,L_150x6000,8273473258290212950,10690.0000,6528.0000,63.7561,885.9712
100-200,ch150,150,L_150x6000,8273473258290212951,10170.0000,6528.0000,55.7904,879.1290
100-200,ch150,150,L_150x6000,8273473258290212952,9560.0000,6528.0000,46.4461,882.3992
100-200,ch150,150,L_150x6000,8273473258290212953,10682.0000,6528.0000,63.6336,879.3808
100-200,ch150,150,L_150x6000,8273473258290212954,9760.0000,6528.0000,49.5098,885.6063
100-200,d198,198,L_150x6000,4259906898618076327,20288.0000,15780.0000,28.5678,1129.4699
100-200,d198,198,L_150x6000,4259906898618076328,20673.0000,15780.0000,31.0076,1127.9392
100-200,d198,198,L_150x6000,4259906898618076329,20530.0000,15780.0000,30.1014,1127.8054
100-200,d198,198,L_150x6000,4259906898618076330,20416.0000,15780.0000,29.3790,1127.3094
100-200,d198,198,L_150x6000,4259906898618076331,20457.0000,15780.0000,29.6388,1126.0604
100-200,eil101,101,L_150x6000,9591081868946712669,819.0000,629.0000,30.2067,637.6270
100-200,eil101,101,L_150x6000,9591081868946712670,817.0000,629.0000,29.8887,635.0684
100-200,eil101,101,L_150x6000,9591081868946712671,806.0000,629.0000,28.1399,638.7259
100-200,eil101,101,L_150x6000,9591081868946712672,858.0000,629.0000,36.4070,637.0936
100-200,eil101,101,L_150x6000,9591081868946712673,851.0000,629.0000,35.2941,634.8592
100-200,gr120,120,L_150x6000,4327424861485333931,11000.0000,6942.0000,58.4558,732.7078
100-200,gr120,120,L_150x6000,4327424861485333932,9778.0000,6942.0000,40.8528,729.9566
100-200,gr120,120,L_150x6000,4327424861485333933,9877.0000,6942.0000,42.2789,727.4554
100-200,gr120,120,L_150x6000,4327424861485333934,9586.0000,6942.0000,38.0870,726.1319
100-200,gr120,120,L_150x6000,4327424861485333935,10024.0000,6942.0000,44.3964,730.3663
100-200,gr137,137,L_150x6000,15581252287993842669,87708.0000,69853.0000,25.5608,815.6169
100-200,gr137,137,L_150x6000,15581252287993842670,86450.0000,69853.0000,23.7599,816.4113
100-200,gr137,137,L_150x6000,15581252287993842671,89329.0000,69853.0000,27.8814,812.9558
100-200,gr137,137,L_150x6000,15581252287993842672,87512.0000,69853.0000,25.2802,812.1340
100-200,gr137,137,L_150x6000,15581252287993842673,82124.0000,69853.0000,17.5669,808.5303
100-200,kroA100,100,L_150x6000,17838071979205812715,27235.0000,21282.0000,27.9720,623.4353
100-200,kroA100,100,L_150x6000,17838071979205812716,30871.0000,21282.0000,45.0569,626.8478
100-200,kroA100,100,L_150x6000,17838071979205812717,31028.0000,21282.0000,45.7946,624.4511
100-200,kroA100,100,L_150x6000,17838071979205812718,33200.0000,21282.0000,56.0004,625.2095
100-200,kroA100,100,L_150x6000,17838071979205812719,30571.0000,21282.0000,43.6472,635.1991
100-200,kroA150,150,L_150x6000,17383137940496565774,39588.0000,26524.0000,49.2535,892.5202
100-200,kroA150,150,L_150x6000,17383137940496565775,40859.0000,26524.0000,54.0454,883.4051
100-200,kroA150,150,L_150x6000,17383137940496565776,41762.0000,26524.0000,57.4499,892.3381
100-200,kroA150,150,L_150x6000,17383137940496565777,44139.0000,26524.0000,66.4116,880.2998
100-200,kroA150,150,L_150x6000,17383137940496565778,45172.0000,26524.0000,70.3061,885.6001
100-200,kroB100,100,L_150x6000,9629315327672707882,30123.0000,22141.0000,36.0508,628.0297
100-200,kroB100,100,L_150x6000,9629315327672707883,36107.0000,22141.0000,63.0775,627.8190
100-200,kroB100,100,L_150x6000,9629315327672707884,30404.0000,22141.0000,37.3199,629.0153
100-200,kroB100,100,L_150x6000,9629315327672707885,32616.0000,22141.0000,47.3104,625.8955
100-200,kroB100,100,L_150x6000,9629315327672707886,28584.0000,22141.0000,29.0999,626.8673
100-200,kroB150,150,L_150x6000,9174381288963460941,42118.0000,26130.0000,61.1864,882.3031
100-200,kroB150,150,L_150x6000,9174381288963460942,39770.0000,26130.0000,52.2005,886.8688
100-200,kroB150,150,L_150x6000,9174381288963460943,40145.0000,26130.0000,53.6357,883.5213
100-200,kroB150,150,L_150x6000,9174381288963460944,44381.0000,26130.0000,69.8469,883.2580
100-200,kroB150,150,L_150x6000,9174381288963460945,48360.0000,26130.0000,85.0746,881.7985
100-200,kroC100,100,L_150x6000,1420558676139603049,28185.0000,20749.0000,35.8379,628.2899
100-200,kroC100,100,L_150x6000,1420558676139603050,34873.0000,20749.0000,68.0708,637.9596
100-200,kroC100,100,L_150x6000,1420558676139603051,30425.0000,20749.0000,46.6336,632.2392
100-200,kroC100,100,L_150x6000,1420558676139603052,31637.0000,20749.0000,52.4748,626.6542
100-200,kroC100,100,L_150x6000,1420558676139603053,30312.0000,20749.0000,46.0890,629.5525
100-200,kroD100,100,L_150x6000,11658546098316049832,29562.0000,21294.0000,38.8278,627.2505
100-200,kroD100,100,L_150x6000,11658546098316049833,31874.0000,21294.0000,49.6854,629.2961
100-200,kroD100,100,L_150x6000,11658546098316049834,30875.0000,21294.0000,44.9939,632.2608
100-200,kroD100,100,L_150x6000,11658546098316049835,29396.0000,21294.0000,38.0483,624.7987
100-200,kroD100,100,L_150x6000,11658546098316049836,30736.0000,21294.0000,44.3411,631.6704
100-200,kroE100,100,L_150x6000,3449789446782944999,29813.0000,22068.0000,35.0961,630.3016
100-200,kroE100,100,L_150x6000,3449789446782945000,29902.0000,22068.0000,35.4994,633.5721
100-200,kroE100,100,L_150x6000,3449789446782945001,29977.0000,22068.0000,35.8392,630.3934
100-200,kroE100,100,L_150x6000,3449789446782945002,33480.0000,22068.0000,51.7129,629.5443
100-200,kroE100,100,L_150x6000,3449789446782945003,31901.0000,22068.0000,44.5577,640.4970
100-200,lin105,105,L_150x6000,14471038961774586128,24068.0000,14379.0000,67.3830,652.9834
100-200,lin105,105,L_150x6000,14471038961774586129,19364.0000,14379.0000,34.6686,659.0996
100-200,lin105,105,L_150x6000,14471038961774586130,23125.0000,14379.0000,60.8248,656.0852
100-200,lin105,105,L_150x6000,14471038961774586131,21540.0000,14379.0000,49.8018,659.2069
100-200,lin105,105,L_150x6000,14471038961774586132,22749.0000,14379.0000,58.2099,653.1475
100-200,pr107,107,L_150x6000,11202712806977660157,52080.0000,44303.0000,17.5541,662.0986
100-200,pr107,107,L_150x6000,11202712806977660158,53413.0000,44303.0000,20.5629,662.0505
100-200,pr107,107,L_150x6000,11202712806977660159,51056.0000,44303.0000,15.2428,659.9872
100-200,pr107,107,L_150x6000,11202712806977660160,53289.0000,44303.0000,20.2831,668.7912
100-200,pr107,107,L_150x6000,11202712806977660161,53128.0000,44303.0000,19.9196,666.5293
100-200,pr124,124,L_150x6000,17753772223146954628,96072.0000,59030.0000,62.7511,750.8305
100-200,pr124,124,L_150x6000,17753772223146954629,93929.0000,59030.0000,59.1208,752.1422
100-200,pr124,124,L_150x6000,17753772223146954630,92307.0000,59030.0000,56.3730,754.6040
100-200,pr124,124,L_150x6000,17753772223146954631,93320.0000,59030.0000,58.0891,745.8265
100-200,pr124,124,L_150x6000,17753772223146954632,93263.0000,59030.0000,57.9925,753.3165
100-200,pr136,136,L_150x6000,15633662604131049957,147841.0000,96772.0000,52.7725,822.0037
100-200,pr136,136,L_150x6000,15633662604131049958,152735.0000,96772.0000,57.8297,812.1957
100-200,pr136,136,L_150x6000,15633662604131049959,173145.0000,96772.0000,78.9206,814.1731
100-200,pr136,136,L_150x6000,15633662604131049960,169993.0000,96772.0000,75.6634,809.3221
100-200,pr136,136,L_150x6000,15633662604131049961,157751.0000,96772.0000,63.0131,809.6275
100-200,pr144,144,L_150x6000,6503752163437524882,92041.0000,58537.0000,57.2356,854.5370
100-200,pr144,144,L_150x6000,6503752163437524883,92482.0000,58537.0000,57.9890,852.5678
100-200,pr144,144,L_150x6000,6503752163437524884,92304.0000,58537.0000,57.6849,854.5448
100-200,pr144,144,L_150x6000,6503752163437524885,92580.0000,58537.0000,58.1564,871.5585
100-200,pr144,144,L_150x6000,6503752163437524886,92580.0000,58537.0000,58.1564,859.7201
100-200,pr152,152,L_150x6000,15820585796453551423,122794.0000,73682.0000,66.6540,904.9476
100-200,pr152,152,L_150x6000,15820585796453551424,132265.0000,73682.0000,79.5079,902.3795
100-200,pr152,152,L_150x6000,15820585796453551425,121581.0000,73682.0000,65.0077,899.6228
100-200,pr152,152,L_150x6000,15820585796453551426,116461.0000,73682.0000,58.0590,918.9090
100-200,pr152,152,L_150x6000,15820585796453551427,117195.0000,73682.0000,59.0551,893.8599
100-200,rat195,195,L_150x6000,11174065187602127915,3332.0000,2323.0000,43.4352,1122.0405
100-200,rat195,195,L_150x6000,11174065187602127916,3186.0000,2323.0000,37.1502,1119.4495
100-200,rat195,195,L_150x6000,11174065187602127917,3230.0000,2323.0000,39.0443,1111.9927
100-200,rat195,195,L_150x6000,11174065187602127918,3421.0000,2323.0000,47.2665,1122.4656
100-200,rat195,195,L_150x6000,11174065187602127919,3227.0000,2323.0000,38.9152,1112.9075
100-200,rd100,100,L_150x6000,15364189989019443146,9970.0000,7910.0000,26.0430,629.9793
100-200,rd100,100,L_150x6000,15364189989019443147,9591.0000,7910.0000,21.2516,627.1455
100-200,rd100,100,L_150x6000,15364189989019443148,12143.0000,7910.0000,53.5145,629.5753
100-200,rd100,100,L_150x6000,15364189989019443149,10639.0000,7910.0000,34.5006,630.8324
100-200,rd100,100,L_150x6000,15364189989019443150,10978.0000,7910.0000,38.7863,634.9684
100-200,si175,175,L_150x6000,7446912750196019540,23240.0000,21407.0000,8.5626,1015.9604
100-200,si175,175,L_150x6000,7446912750196019541,22832.0000,21407.0000,6.6567,1017.1430
100-200,si175,175,L_150x6000,7446912750196019542,23352.0000,21407.0000,9.0858,1018.8708
100-200,si175,175,L_150x6000,7446912750196019543,23016.0000,21407.0000,7.5162,1012.7158
100-200,si175,175,L_150x6000,7446912750196019544,23358.0000,21407.0000,9.1138,1006.1086
100-200,u159,159,L_150x6000,4255684608078256359,42981.0000,42080.0000,2.1412,935.4505
100-200,u159,159,L_150x6000,4255684608078256360,42981.0000,42080.0000,2.1412,943.3453
100-200,u159,159,L_150x6000,4255684608078256361,42981.0000,42080.0000,2.1412,930.7757
100-200,u159,159,L_150x6000,4255684608078256362,42939.0000,42080.0000,2.0413,941.6401
100-200,u159,159,L_150x6000,4255684608078256363,42972.0000,42080.0000,2.1198,935.1874
100-200,bier127,127,L_300x3000,8872201655563003165,147089.0000,118282.0000,24.3545,787.4808
100-200,bier127,127,L_300x3000,8872201655563003166,162697.0000,118282.0000,37.5501,791.4265
100-200,bier127,127,L_300x3000,8872201655563003167,138761.0000,118282.0000,17.3137,800.0366
100-200,bier127,127,L_300x3000,8872201655563003168,144941.0000,118282.0000,22.5385,786.3530
100-200,bier127,127,L_300x3000,8872201655563003169,148689.0000,118282.0000,25.7072,808.5600
100-200,brg180,180,L_300x3000,4655711072122789077,2470.0000,1950.0000,26.6667,1066.6358
100-200,brg180,180,L_300x3000,4655711072122789078,6160.0000,1950.0000,215.8974,1072.1377
100-200,brg180,180,L_300x3000,4655711072122789079,2470.0000,1950.0000,26.6667,1063.0030
100-200,brg180,180,L_300x3000,4655711072122789080,2560.0000,1950.0000,31.2821,1063.2721
100-200,brg180,180,L_300x3000,4655711072122789081,2580.0000,1950.0000,32.3077,1070.5311
100-200,ch130,130,L_300x3000,109797680620133888,7795.0000,6110.0000,27.5777,811.1702
100-200,ch130,130,L_300x3000,109797680620133889,8005.0000,6110.0000,31.0147,805.1382
100-200,ch130,130,L_300x3000,109797680620133890,8043.0000,6110.0000,31.6367,804.8053
100-200,ch130,130,L_300x3000,109797680620133891,8573.0000,6110.0000,40.3110,805.6235
100-200,ch130,130,L_300x3000,109797680620133892,7865.0000,6110.0000,28.7234,804.1773
100-200,ch150,150,L_300x3000,7306521694620255758,8683.0000,6528.0000,33.0116,916.9908
100-200,ch150,150,L_300x3000,7306521694620255759,10106.0000,6528.0000,54.8100,909.9909
100-200,ch150,150,L_300x3000,7306521694620255760,8483.0000,6528.0000,29.9479,919.2699
100-200,ch150,150,L_300x3000,7306521694620255761,9242.0000,6528.0000,41.5748,911.9193
100-200,ch150,150,L_300x3000,7306521694620255762,9215.0000,6528.0000,41.1612,910.6936
100-200,d198,198,L_300x3000,1154599103310594703,20252.0000,15780.0000,28.3397,1159.1265
100-200,d198,198,L_300x3000,1154599103310594704,20382.0000,15780.0000,29.1635,1157.3042
100-200,d198,198,L_300x3000,1154599103310594705,20235.0000,15780.0000,28.2319,1151.8575
100-200,d198,198,L_300x3000,1154599103310594706,20791.0000,15780.0000,31.7554,1160.7223
100-200,d198,198,L_300x3000,1154599103310594707,20259.0000,15780.0000,28.3840,1152.3105
100-200,eil101,101,L_300x3000,12047635544149181829,767.0000,629.0000,21.9396,655.4008
100-200,eil101,101,L_300x3000,12047635544149181830,789.0000,629.0000,25.4372,659.2054
100-200,eil101,101,L_300x3000,12047635544149181831,792.0000,629.0000,25.9141,659.2165
100-200,eil101,101,L_300x3000,12047635544149181832,784.0000,629.0000,24.6423,656.7317
100-200,eil101,101,L_300x3000,12047635544149181833,746.0000,629.0000,18.6010,658.8649
100-200,gr120,120,L_300x3000,3360473297815376739,8733.0000,6942.0000,25.7995,753.9495
100-200,gr120,120,L_300x3000,3360473297815376740,9034.0000,6942.0000,30.1354,752.8302
100-200,gr120,120,L_300x3000,3360473297815376741,8675.0000,6942.0000,24.9640,763.0330
100-200,gr120,120,L_300x3000,3360473297815376742,9244.0000,6942.0000,33.1605,755.1183
100-200,gr120,120,L_300x3000,3360473297815376743,9464.0000,6942.0000,36.3296,752.4788
100-200,gr137,137,L_300x3000,14614300724323885477,83448.0000,69853.0000,19.4623,833.7080
100-200,gr137,137,L_300x3000,14614300724323885478,85350.0000,69853.0000,22.1852,838.4900
100-200,gr137,137,L_300x3000,14614300724323885479,84273.0000,69853.0000,20.6434,844.2074
100-200,gr137,137,L_300x3000,14614300724323885480,86667.0000,69853.0000,24.0705,839.3341
100-200,gr137,137,L_300x3000,14614300724323885481,84044.0000,69853.0000,20.3155,841.7954
100-200,kroA100,100,L_300x3000,7605210103957343587,28094.0000,21282.0000,32.0083,647.7483
100-200,kroA100,100,L_300x3000,7605210103957343588,28318.0000,21282.0000,33.0608,647.2538
100-200,kroA100,100,L_300x3000,7605210103957343589,29028.0000,21282.0000,36.3970,652.7235
100-200,kroA100,100,L_300x3000,7605210103957343590,28687.0000,21282.0000,34.7947,655.1932
100-200,kroA100,100,L_300x3000,7605210103957343591,27325.0000,21282.0000,28.3949,652.9424
100-200,kroA150,150,L_300x3000,7150276065248096646,38666.0000,26524.0000,45.7774,910.7841
100-200,kroA150,150,L_300x3000,7150276065248096647,35791.0000,26524.0000,34.9382,914.0209
100-200,kroA150,150,L_300x3000,7150276065248096648,42107.0000,26524.0000,58.7506,908.6158
100-200,kroA150,150,L_300x3000,7150276065248096649,38175.0000,26524.0000,43.9263,917.7719
100-200,kroA150,150,L_300x3000,7150276065248096650,38345.0000,26524.0000,44.5672,913.0021
100-200,kroB100,100,L_300x3000,17843197526133790370,27348.0000,22141.0000,23.5175,653.6971
100-200,kroB100,100,L_300x3000,17843197526133790371,28211.0000,22141.0000,27.4152,648.3350
100-200,kroB100,100,L_300x3000,17843197526133790372,27793.0000,22141.0000,25.5273,647.6918
100-200,kroB100,100,L_300x3000,17843197526133790373,30981.0000,22141.0000,39.9259,644.7276
100-200,kroB100,100,L_300x3000,17843197526133790374,27223.0000,22141.0000,22.9529,647.4047
100-200,kroB150,150,L_300x3000,17388263487424543429,35862.0000,26130.0000,37.2445,904.0879
100-200,kroB150,150,L_300x3000,17388263487424543430,36299.0000,26130.0000,38.9170,911.2849
100-200,kroB150,150,L_300x3000,17388263487424543431,37240.0000,26130.0000,42.5182,906.3439
100-200,kroB150,150,L_300x3000,17388263487424543432,36121.0000,26130.0000,38.2357,910.6213
100-200,kroB150,150,L_300x3000,17388263487424543433,40107.0000,26130.0000,53.4902,906.8227
100-200,kroC100,100,L_300x3000,9634440874600685537,29484.0000,20749.0000,42.0984,643.3503
100-200,kroC100,100,L_300x3000,9634440874600685538,29251.0000,20749.0000,40.9755,644.8943
100-200,kroC100,100,L_300x3000,9634440874600685539,32231.0000,20749.0000,55.3376,648.5340
100-200,kroC100,100,L_300x3000,9634440874600685540,27207.0000,20749.0000,31.1244,647.8499
100-200,kroC100,100,L_300x3000,9634440874600685541,28079.0000,20749.0000,35.3270,646.4664
100-200,kroD100,100,L_300x3000,1425684223067580704,25216.0000,21294.0000,18.4183,648.1196
100-200,kroD100,100,L_300x3000,1425684223067580705,28656.0000,21294.0000,34.5731,650.6380
100-200,kroD100,100,L_300x3000,1425684223067580706,28431.0000,21294.0000,33.5165,650.9876
100-200,kroD100,100,L_300x3000,1425684223067580707,27144.0000,21294.0000,27.4725,649.2069
100-200,kroD100,100,L_300x3000,1425684223067580708,28773.0000,21294.0000,35.1226,653.2046
100-200,kroE100,100,L_300x3000,11663671645244027487,26871.0000,22068.0000,21.7645,648.5116
100-200,kroE100,100,L_300x3000,11663671645244027488,29253.0000,22068.0000,32.5585,645.3081
100-200,kroE100,100,L_300x3000,11663671645244027489,31401.0000,22068.0000,42.2920,649.4493
100-200,kroE100,100,L_300x3000,11663671645244027490,29724.0000,22068.0000,34.6928,649.4379
100-200,kroE100,100,L_300x3000,11663671645244027491,28286.0000,22068.0000,28.1765,647.9688
100-200,lin105,105,L_300x3000,16927592636977055288,18451.0000,14379.0000,28.3191,668.1644
100-200,lin105,105,L_300x3000,16927592636977055289,18844.0000,14379.0000,31.0522,666.1969
100-200,lin105,105,L_300x3000,16927592636977055290,20457.0000,14379.0000,42.2700,666.0241
100-200,lin105,105,L_300x3000,16927592636977055291,20170.0000,14379.0000,40.2740,676.0580
100-200,lin105,105,L_300x3000,16927592636977055292,20702.0000,14379.0000,43.9739,687.6168
100-200,pr107,107,L_300x3000,10235761243307702965,51162.0000,44303.0000,15.4820,681.6951
100-200,pr107,107,L_300x3000,10235761243307702966,52845.0000,44303.0000,19.2809,676.6205
100-200,pr107,107,L_300x3000,10235761243307702967,52120.0000,44303.0000,17.6444,679.6067
100-200,pr107,107,L_300x3000,10235761243307702968,51233.0000,44303.0000,15.6423,681.8906
100-200,pr107,107,L_300x3000,10235761243307702969,51905.0000,44303.0000,17.1591,678.1536
100-200,pr124,124,L_300x3000,16786820659476997436,86982.0000,59030.0000,47.3522,774.2136
100-200,pr124,124,L_300x3000,16786820659476997437,89330.0000,59030.0000,51.3298,767.9260
100-200,pr124,124,L_300x3000,16786820659476997438,90854.0000,59030.0000,53.9116,774.1927
100-200,pr124,124,L_300x3000,16786820659476997439,93093.0000,59030.0000,57.7046,770.6860
100-200,pr124,124,L_300x3000,16786820659476997440,96119.0000,59030.0000,62.8308,770.4601
100-200,pr136,136,L_300x3000,14666711040461092765,135581.0000,96772.0000,40.1035,831.5433
100-200,pr136,136,L_300x3000,14666711040461092766,132357.0000,96772.0000,36.7720,831.5537
100-200,pr136,136,L_300x3000,14666711040461092767,131404.0000,96772.0000,35.7872,846.2703
100-200,pr136,136,L_300x3000,14666711040461092768,172670.0000,96772.0000,78.4297,834.2604
100-200,pr136,136,L_300x3000,14666711040461092769,137047.0000,96772.0000,41.6184,833.2358
100-200,pr144,144,L_300x3000,5536800599767567690,92580.0000,58537.0000,58.1564,875.5203
100-200,pr144,144,L_300x3000,5536800599767567691,92416.0000,58537.0000,57.8762,873.0239
100-200,pr144,144,L_300x3000,5536800599767567692,91798.0000,58537.0000,56.8205,876.9665
100-200,pr144,144,L_300x3000,5536800599767567693,92442.0000,58537.0000,57.9206,883.2635
100-200,pr144,144,L_300x3000,5536800599767567694,85733.0000,58537.0000,46.4595,875.3526
100-200,pr152,152,L_300x3000,14853634232783594231,117796.0000,73682.0000,59.8708,916.3943
100-200,pr152,152,L_300x3000,14853634232783594232,132883.0000,73682.0000,80.3466,914.5903
100-200,pr152,152,L_300x3000,14853634232783594233,118111.0000,73682.0000,60.2983,920.1840
100-200,pr152,152,L_300x3000,14853634232783594234,135213.0000,73682.0000,83.5089,919.2585
100-200,pr152,152,L_300x3000,14853634232783594235,115264.0000,73682.0000,56.4344,918.2019
100-200,rat195,195,L_300x3000,13630618862804597075,3409.0000,2323.0000,46.7499,1131.3476
100-200,rat195,195,L_300x3000,13630618862804597076,3438.0000,2323.0000,47.9983,1139.3475
100-200,rat195,195,L_300x3000,13630618862804597077,3257.0000,2323.0000,40.2066,1135.5192
100-200,rat195,195,L_300x3000,13630618862804597078,3615.0000,2323.0000,55.6177,1139.8743
100-200,rat195,195,L_300x3000,13630618862804597079,3415.0000,2323.0000,47.0082,1139.1517
100-200,rd100,100,L_300x3000,14397238425349485954,10217.0000,7910.0000,29.1656,651.8011
100-200,rd100,100,L_300x3000,14397238425349485955,10172.0000,7910.0000,28.5967,648.9462
100-200,rd100,100,L_300x3000,14397238425349485956,10744.0000,7910.0000,35.8281,650.2963
100-200,rd100,100,L_300x3000,14397238425349485957,11009.0000,7910.0000,39.1783,653.9724
100-200,rd100,100,L_300x3000,14397238425349485958,10048.0000,7910.0000,27.0291,649.1236
100-200,si175,175,L_300x3000,6479961186526062348,22913.0000,21407.0000,7.0351,1039.2890
100-200,si175,175,L_300x3000,6479961186526062349,22396.0000,21407.0000,4.6200,1047.7999
100-200,si175,175,L_300x3000,6479961186526062350,22932.0000,21407.0000,7.1238,1041.8439
100-200,si175,175,L_300x3000,6479961186526062351,22863.0000,21407.0000,6.8015,1041.0021
100-200,si175,175,L_300x3000,6479961186526062352,23236.0000,21407.0000,8.5439,1037.7960
100-200,u159,159,L_300x3000,1150376812770774735,42981.0000,42080.0000,2.1412,954.6057
100-200,u159,159,L_300x3000,1150376812770774736,42981.0000,42080.0000,2.1412,954.3752
100-200,u159,159,L_300x3000,1150376812770774737,42719.0000,42080.0000,1.5185,954.2344
100-200,u159,159,L_300x3000,1150376812770774738,42981.0000,42080.0000,2.1412,955.0456
100-200,u159,159,L_300x3000,1150376812770774739,42928.0000,42080.0000,2.0152,952.1835
100-200,bier127,127,L_150x8000,17346822674096981263,162621.0000,118282.0000,37.4858,1026.0855
100-200,bier127,127,L_150x8000,17346822674096981264,150006.0000,118282.0000,26.8206,1027.6015
100-200,bier127,127,L_150x8000,17346822674096981265,163037.0000,118282.0000,37.8375,1019.9647
100-200,bier127,127,L_150x8000,17346822674096981266,152596.0000,118282.0000,29.0103,1023.8701
100-200,bier127,127,L_150x8000,17346822674096981267,144362.0000,118282.0000,22.0490,1020.4854
100-200,brg180,180,L_150x8000,15563145535437059707,2680.0000,1950.0000,37.4359,1374.9117
100-200,brg180,180,L_150x8000,15563145535437059708,6300.0000,1950.0000,223.0769,1379.7638
100-200,brg180,180,L_150x8000,15563145535437059709,2550.0000,1950.0000,30.7692,1381.7239
100-200,brg180,180,L_150x8000,15563145535437059710,2540.0000,1950.0000,30.2564,1381.9067
100-200,brg180,180,L_150x8000,15563145535437059711,6080.0000,1950.0000,211.7949,1379.2895
100-200,ch130,130,L_150x8000,2023653462463938786,9035.0000,6110.0000,47.8723,1044.5335
100-200,ch130,130,L_150x8000,2023653462463938787,9568.0000,6110.0000,56.5957,1045.6219
100-200,ch130,130,L_150x8000,2023653462463938788,8905.0000,6110.0000,45.7447,1040.1948
100-200,ch130,130,L_150x8000,2023653462463938789,9883.0000,6110.0000,61.7512,1040.3960
100-200,ch130,130,L_150x8000,2023653462463938790,9185.0000,6110.0000,50.3273,1041.0543
100-200,ch150,150,L_150x8000,9220377476464060656,10178.0000,6528.0000,55.9130,1179.0553
100-200,ch150,150,L_150x8000,9220377476464060657,9986.0000,6528.0000,52.9718,1177.6552
100-200,ch150,150,L_150x8000,9220377476464060658,9980.0000,6528.0000,52.8799,1193.6945
100-200,ch150,150,L_150x8000,9220377476464060659,10880.0000,6528.0000,66.6667,1192.7525
100-200,ch150,150,L_150x8000,9220377476464060660,9771.0000,6528.0000,49.6783,1181.6013
100-200,d198,198,L_150x8000,3281431293291412101,20426.0000,15780.0000,29.4423,1528.4115
100-200,d198,198,L_150x8000,3281431293291412102,20432.0000,15780.0000,29.4804,1513.4729
100-200,d198,198,L_150x8000,3281431293291412103,20338.0000,15780.0000,28.8847,1506.6341
100-200,d198,198,L_150x8000,3281431293291412104,20522.0000,15780.0000,30.0507,1516.5711
100-200,d198,198,L_150x8000,3281431293291412105,20194.0000,15780.0000,27.9721,1511.3559
100-200,eil101,101,L_150x8000,4508325933753900843,799.0000,629.0000,27.0270,845.0839
100-200,eil101,101,L_150x8000,4508325933753900844,890.0000,629.0000,41.4944,851.0714
100-200,eil101,101,L_150x8000,4508325933753900845,800.0000,629.0000,27.1860,848.7081
100-200,eil101,101,L_150x8000,4508325933753900846,814.0000,629.0000,29.4118,846.1435
100-200,eil101,101,L_150x8000,4508325933753900847,816.0000,629.0000,29.7297,848.2800
100-200,gr120,120,L_150x8000,5274329079659181637,9548.0000,6942.0000,37.5396,980.2334
100-200,gr120,120,L_150x8000,5274329079659181638,9921.0000,6942.0000,42.9127,973.0992
100-200,gr120,120,L_150x8000,5274329079659181639,10177.0000,6942.0000,46.6004,977.3727
100-200,gr120,120,L_150x8000,5274329079659181640,9413.0000,6942.0000,35.5949,974.7403
100-200,gr120,120,L_150x8000,5274329079659181641,9669.0000,6942.0000,39.2826,984.2756
100-200,gr137,137,L_150x8000,16528156506167690375,85072.0000,69853.0000,21.7872,1087.5187
100-200,gr137,137,L_150x8000,16528156506167690376,88410.0000,69853.0000,26.5658,1106.7701
100-200,gr137,137,L_150x8000,16528156506167690377,86985.0000,69853.0000,24.5258,1092.9907
100-200,gr137,137,L_150x8000,16528156506167690378,87304.0000,69853.0000,24.9825,1091.7403
100-200,gr137,137,L_150x8000,16528156506167690379,86383.0000,69853.0000,23.6640,1113.5404
100-200,kroA100,100,L_150x8000,16079831122491321685,28974.0000,21282.0000,36.1432,874.1555
100-200,kroA100,100,L_150x8000,16079831122491321686,28796.0000,21282.0000,35.3068,937.9529
100-200,kroA100,100,L_150x8000,16079831122491321687,30809.0000,21282.0000,44.7655,880.1399
100-200,kroA100,100,L_150x8000,16079831122491321688,30739.0000,21282.0000,44.4366,862.5683
100-200,kroA100,100,L_150x8000,16079831122491321689,32323.0000,21282.0000,51.8795,844.8781
100-200,kroA150,150,L_150x8000,15624897083782074744,43955.0000,26524.0000,65.7178,1211.4684
100-200,kroA150,150,L_150x8000,15624897083782074745,42404.0000,26524.0000,59.8703,1443.4441
100-200,kroA150,150,L_150x8000,15624897083782074746,43134.0000,26524.0000,62.6225,1742.4542
100-200,kroA150,150,L_150x8000,15624897083782074747,39748.0000,26524.0000,49.8567,1701.7431
100-200,kroA150,150,L_150x8000,15624897083782074748,40735.0000,26524.0000,53.5779,1650.0784
100-200,kroB100,100,L_150x8000,7871074470958216852,30923.0000,22141.0000,39.6640,1281.1225
100-200,kroB100,100,L_150x8000,7871074470958216853,28498.0000,22141.0000,28.7114,1203.1636
100-200,kroB100,100,L_150x8000,7871074470958216854,30529.0000,22141.0000,37.8845,1145.4462
100-200,kroB100,100,L_150x8000,7871074470958216855,30849.0000,22141.0000,39.3298,1235.2233
100-200,kroB100,100,L_150x8000,7871074470958216856,29119.0000,22141.0000,31.5162,1229.8471
100-200,kroB150,150,L_150x8000,7416140432248969911,37232.0000,26130.0000,42.4876,1644.2665
100-200,kroB150,150,L_150x8000,7416140432248969912,43100.0000,26130.0000,64.9445,1597.9214
100-200,kroB150,150,L_150x8000,7416140432248969913,38728.0000,26130.0000,48.2128,1772.2129
100-200,kroB150,150,L_150x8000,7416140432248969914,42788.0000,26130.0000,63.7505,1571.6206
100-200,kroB150,150,L_150x8000,7416140432248969915,40334.0000,26130.0000,54.3590,1627.5199
100-200,kroC100,100,L_150x8000,18109061893134663635,28543.0000,20749.0000,37.5633,1158.3372
100-200,kroC100,100,L_150x8000,18109061893134663636,31219.0000,20749.0000,50.4603,1218.4900
100-200,kroC100,100,L_150x8000,18109061893134663637,32021.0000,20749.0000,54.3255,1293.7096
100-200,kroC100,100,L_150x8000,18109061893134663638,29744.0000,20749.0000,43.3515,1232.5055
100-200,kroC100,100,L_150x8000,18109061893134663639,28204.0000,20749.0000,35.9294,1203.3218
100-200,kroD100,100,L_150x8000,9900305241601558802,30466.0000,21294.0000,43.0732,1254.1098
100-200,kroD100,100,L_150x8000,9900305241601558803,31889.0000,21294.0000,49.7558,1242.5290
100-200,kroD100,100,L_150x8000,9900305241601558804,34180.0000,21294.0000,60.5147,1211.3889
100-200,kroD100,100,L_150x8000,9900305241601558805,31067.0000,21294.0000,45.8956,1252.4692
100-200,kroD100,100,L_150x8000,9900305241601558806,28216.0000,21294.0000,32.5068,1421.8690
100-200,kroE100,100,L_150x8000,1691548590068453969,31591.0000,22068.0000,43.1530,1245.4521
100-200,kroE100,100,L_150x8000,1691548590068453970,29495.0000,22068.0000,33.6551,1255.5902
100-200,kroE100,100,L_150x8000,1691548590068453971,33450.0000,22068.0000,51.5769,1152.6034
100-200,kroE100,100,L_150x8000,1691548590068453972,29367.0000,22068.0000,33.0750,1207.4713
100-200,kroE100,100,L_150x8000,1691548590068453973,29492.0000,22068.0000,33.6415,1265.5805
100-200,lin105,105,L_150x8000,9388283026581774302,19632.0000,14379.0000,36.5324,1266.8089
100-200,lin105,105,L_150x8000,9388283026581774303,21662.0000,14379.0000,50.6503,1214.7181
100-200,lin105,105,L_150x8000,9388283026581774304,22313.0000,14379.0000,55.1777,1221.4575
100-200,lin105,105,L_150x8000,9388283026581774305,19697.0000,14379.0000,36.9845,1207.3198
100-200,lin105,105,L_150x8000,9388283026581774306,22466.0000,14379.0000,56.2417,1269.9449
100-200,pr107,107,L_150x8000,12149617025151507863,51634.0000,44303.0000,16.5474,1308.2335
100-200,pr107,107,L_150x8000,12149617025151507864,52617.0000,44303.0000,18.7662,1295.1135
100-200,pr107,107,L_150x8000,12149617025151507865,52752.0000,44303.0000,19.0709,1231.5278
100-200,pr107,107,L_150x8000,12149617025151507866,53414.0000,44303.0000,20.5652,1337.0797
100-200,pr107,107,L_150x8000,12149617025151507867,52156.0000,44303.0000,17.7257,1266.7244
100-200,pr124,124,L_150x8000,253932367611250718,96111.0000,59030.0000,62.8172,1450.7488
100-200,pr124,124,L_150x8000,253932367611250719,92935.0000,59030.0000,57.4369,1358.9232
100-200,pr124,124,L_150x8000,253932367611250720,92890.0000,59030.0000,57.3607,1356.5115
100-200,pr124,124,L_150x8000,253932367611250721,96282.0000,59030.0000,63.1069,1439.7070
100-200,pr124,124,L_150x8000,253932367611250722,95608.0000,59030.0000,61.9651,1403.2973
100-200,pr136,136,L_150x8000,16580566822304897663,149766.0000,96772.0000,54.7617,1481.1443
100-200,pr136,136,L_150x8000,16580566822304897664,168380.0000,96772.0000,73.9966,1549.5571
100-200,pr136,136,L_150x8000,16580566822304897665,146377.0000,96772.0000,51.2597,1617.2408
100-200,pr136,136,L_150x8000,16580566822304897666,150339.0000,96772.0000,55.3538,1556.8230
100-200,pr136,136,L_150x8000,16580566822304897667,143123.0000,96772.0000,47.8971,1545.2798
100-200,pr144,144,L_150x8000,7450656381611372588,92197.0000,58537.0000,57.5021,1614.6399
100-200,pr144,144,L_150x8000,7450656381611372589,92442.0000,58537.0000,57.9206,1551.3124
100-200,pr144,144,L_150x8000,7450656381611372590,92442.0000,58537.0000,57.9206,1553.7358
100-200,pr144,144,L_150x8000,7450656381611372591,88834.0000,58537.0000,51.7570,1605.1102
100-200,pr144,144,L_150x8000,7450656381611372592,90009.0000,58537.0000,53.7643,1556.4306
100-200,pr152,152,L_150x8000,16767490014627399129,130466.0000,73682.0000,77.0663,1673.1819
100-200,pr152,152,L_150x8000,16767490014627399130,125443.0000,73682.0000,70.2492,1641.8738
100-200,pr152,152,L_150x8000,16767490014627399131,126185.0000,73682.0000,71.2562,1572.3609
100-200,pr152,152,L_150x8000,16767490014627399132,118110.0000,73682.0000,60.2970,1648.3181
100-200,pr152,152,L_150x8000,16767490014627399133,119594.0000,73682.0000,62.3110,1649.8273
100-200,rat195,195,L_150x8000,6091309252409316089,3568.0000,2323.0000,53.5945,1933.8863
100-200,rat195,195,L_150x8000,6091309252409316090,3512.0000,2323.0000,51.1838,2062.7618
100-200,rat195,195,L_150x8000,6091309252409316091,3336.0000,2323.0000,43.6074,2144.2612
100-200,rat195,195,L_150x8000,6091309252409316092,3468.0000,2323.0000,49.2897,2132.7673
100-200,rat195,195,L_150x8000,6091309252409316093,3717.0000,2323.0000,60.0086,2047.2038
100-200,rd100,100,L_150x8000,16311094207193290852,11322.0000,7910.0000,43.1353,1206.6995
100-200,rd100,100,L_150x8000,16311094207193290853,10466.0000,7910.0000,32.3135,1221.4452
100-200,rd100,100,L_150x8000,16311094207193290854,10115.0000,7910.0000,27.8761,1258.9594
100-200,rd100,100,L_150x8000,16311094207193290855,11035.0000,7910.0000,39.5070,1342.1315
100-200,rd100,100,L_150x8000,16311094207193290856,11575.0000,7910.0000,46.3338,1292.2487
100-200,si175,175,L_150x8000,8393816968369867246,23010.0000,21407.0000,7.4882,1745.0653
100-200,si175,175,L_150x8000,8393816968369867247,23157.0000,21407.0000,8.1749,1961.9825
100-200,si175,175,L_150x8000,8393816968369867248,23120.0000,21407.0000,8.0021,1872.6423
100-200,si175,175,L_150x8000,8393816968369867249,23093.0000,21407.0000,7.8759,1849.3406
100-200,si175,175,L_150x8000,8393816968369867250,23047.0000,21407.0000,7.6610,1830.3611
100-200,u159,159,L_150x8000,3277209002751592133,42981.0000,42080.0000,2.1412,1657.5978
100-200,u159,159,L_150x8000,3277209002751592134,42981.0000,42080.0000,2.1412,1695.3618
100-200,u159,159,L_150x8000,3277209002751592135,42981.0000,42080.0000,2.1412,1733.9327
100-200,u159,159,L_150x8000,3277209002751592136,42981.0000,42080.0000,2.1412,1669.9927
100-200,u159,159,L_150x8000,3277209002751592137,42981.0000,42080.0000,2.1412,1731.4397
100-200,bier127,127,L_400x3000,13796247639187833186,141275.0000,118282.0000,19.4391,1766.5901
100-200,bier127,127,L_400x3000,13796247639187833187,145614.0000,118282.0000,23.1075,1431.0545
100-200,bier127,127,L_400x3000,13796247639187833188,149675.0000,118282.0000,26.5408,1531.6392
100-200,bier127,127,L_400x3000,13796247639187833189,141861.0000,118282.0000,19.9346,1506.4043
100-200,bier127,127,L_400x3000,13796247639187833190,144439.0000,118282.0000,22.1141,1569.0576
100-200,brg180,180,L_400x3000,9199374097636762220,2390.0000,1950.0000,22.5641,1954.4600
100-200,brg180,180,L_400x3000,9199374097636762221,2390.0000,1950.0000,22.5641,1998.3902
100-200,brg180,180,L_400x3000,9199374097636762222,2370.0000,1950.0000,21.5385,2001.6581
100-200,brg180,180,L_400x3000,9199374097636762223,2380.0000,1950.0000,22.0513,2041.9519
100-200,brg180,180,L_400x3000,9199374097636762224,2550.0000,1950.0000,30.7692,1986.2404
100-200,ch130,130,L_400x3000,2960778936343072861,8482.0000,6110.0000,38.8216,1600.4304
100-200,ch130,130,L_400x3000,2960778936343072862,7504.0000,6110.0000,22.8151,1552.5127
100-200,ch130,130,L_400x3000,2960778936343072863,8165.0000,6110.0000,33.6334,1564.9176
100-200,ch130,130,L_400x3000,2960778936343072864,7692.0000,6110.0000,25.8920,1575.6304
100-200,ch130,130,L_400x3000,2960778936343072865,7935.0000,6110.0000,29.8691,1561.7071
100-200,ch150,150,L_400x3000,10157502950343194731,8605.0000,6528.0000,31.8168,1670.1092
100-200,ch150,150,L_400x3000,10157502950343194732,9532.0000,6528.0000,46.0172,1738.0821
100-200,ch150,150,L_400x3000,10157502950343194733,8992.0000,6528.0000,37.7451,1710.3452
100-200,ch150,150,L_400x3000,10157502950343194734,8674.0000,6528.0000,32.8738,1698.1432
100-200,ch150,150,L_400x3000,10157502950343194735,9286.0000,6528.0000,42.2488,1672.0754
100-200,d198,198,L_400x3000,15117031504478293550,20476.0000,15780.0000,29.7592,2242.7532
100-200,d198,198,L_400x3000,15117031504478293551,20053.0000,15780.0000,27.0786,2195.5669
100-200,d198,198,L_400x3000,15117031504478293552,19565.0000,15780.0000,23.9861,2125.1588
100-200,d198,198,L_400x3000,15117031504478293553,20027.0000,15780.0000,26.9138,2164.1519
100-200,d198,198,L_400x3000,15117031504478293554,20173.0000,15780.0000,27.8390,2138.0368
100-200,eil101,101,L_400x3000,16591298569663154972,780.0000,629.0000,24.0064,1380.4056
100-200,eil101,101,L_400x3000,16591298569663154973,726.0000,629.0000,15.4213,1293.0536
100-200,eil101,101,L_400x3000,16591298569663154974,779.0000,629.0000,23.8474,1308.0500
100-200,eil101,101,L_400x3000,16591298569663154975,778.0000,629.0000,23.6884,1242.3513
100-200,eil101,101,L_400x3000,16591298569663154976,770.0000,629.0000,22.4165,1254.4853
100-200,gr120,120,L_400x3000,6211454553538315712,8434.0000,6942.0000,21.4924,1457.2801
100-200,gr120,120,L_400x3000,6211454553538315713,8878.0000,6942.0000,27.8882,1412.1739
100-200,gr120,120,L_400x3000,6211454553538315714,8060.0000,6942.0000,16.1049,1494.8933
100-200,gr120,120,L_400x3000,6211454553538315715,8929.0000,6942.0000,28.6229,1450.7128
100-200,gr120,120,L_400x3000,6211454553538315716,8892.0000,6942.0000,28.0899,1444.0663
100-200,gr137,137,L_400x3000,17465281980046824450,83726.0000,69853.0000,19.8603,1533.7284
100-200,gr137,137,L_400x3000,17465281980046824451,82623.0000,69853.0000,18.2812,1659.2116
100-200,gr137,137,L_400x3000,17465281980046824452,83275.0000,69853.0000,19.2146,1579.1597
100-200,gr137,137,L_400x3000,17465281980046824453,83122.0000,69853.0000,18.9956,1780.6951
100-200,gr137,137,L_400x3000,17465281980046824454,81419.0000,69853.0000,16.5576,1684.2962
100-200,kroA100,100,L_400x3000,12529256087582173608,29953.0000,21282.0000,40.7434,1412.1460
100-200,kroA100,100,L_400x3000,12529256087582173609,30083.0000,21282.0000,41.3542,1380.8247
100-200,kroA100,100,L_400x3000,12529256087582173610,24223.0000,21282.0000,13.8192,1263.0932
100-200,kroA100,100,L_400x3000,12529256087582173611,26331.0000,21282.0000,23.7243,1270.9730
100-200,kroA100,100,L_400x3000,12529256087582173612,25215.0000,21282.0000,18.4804,1275.8870
100-200,kroA150,150,L_400x3000,12074322048872926667,35657.0000,26524.0000,34.4330,1661.3990
100-200,kroA150,150,L_400x3000,12074322048872926668,33950.0000,26524.0000,27.9973,1724.9116
100-200,kroA150,150,L_400x3000,12074322048872926669,38484.0000,26524.0000,45.0912,1633.8891
100-200,kroA150,150,L_400x3000,12074322048872926670,36390.0000,26524.0000,37.1965,1653.8479
100-200,kroA150,150,L_400x3000,12074322048872926671,34362.0000,26524.0000,29.5506,1745.3181
100-200,kroB100,100,L_400x3000,4320499436049068775,27277.0000,22141.0000,23.1968,1325.6378
100-200,kroB100,100,L_400x3000,4320499436049068776,30957.0000,22141.0000,39.8175,1192.6465
100-200,kroB100,100,L_400x3000,4320499436049068777,28284.0000,22141.0000,27.7449,1288.5924
100-200,kroB100,100,L_400x3000,4320499436049068778,29558.0000,22141.0000,33.4989,1237.2377
100-200,kroB100,100,L_400x3000,4320499436049068779,25713.0000,22141.0000,16.1330,1299.7463
100-200,kroB150,150,L_400x3000,3865565397339821834,37987.0000,26130.0000,45.3770,1649.7476
100-200,kroB150,150,L_400x3000,3865565397339821835,36544.0000,26130.0000,39.8546,1819.9319
100-200,kroB150,150,L_400x3000,3865565397339821836,37280.0000,26130.0000,42.6713,1703.0086
100-200,kroB150,150,L_400x3000,3865565397339821837,40494.0000,26130.0000,54.9713,1726.7033
100-200,kroB150,150,L_400x3000,3865565397339821838,37458.0000,26130.0000,43.3525,1821.7309
100-200,kroC100,100,L_400x3000,14558486858225515558,27279.0000,20749.0000,31.4714,1388.5070
100-200,kroC100,100,L_400x3000,14558486858225515559,25489.0000,20749.0000,22.8445,1232.2703
100-200,kroC100,100,L_400x3000,14558486858225515560,26048.0000,20749.0000,25.5386,1299.2854
100-200,kroC100,100,L_400x3000,14558486858225515561,28505.0000,20749.0000,37.3801,1296.5462
100-200,kroC100,100,L_400x3000,14558486858225515562,25840.0000,20749.0000,24.5361,1260.2519
100-200,kroD100,100,L_400x3000,6349730206692410725,25544.0000,21294.0000,19.9587,1272.6510
100-200,kroD100,100,L_400x3000,6349730206692410726,25741.0000,21294.0000,20.8838,1275.7572
100-200,kroD100,100,L_400x3000,6349730206692410727,26291.0000,21294.0000,23.4667,1225.1728
100-200,kroD100,100,L_400x3000,6349730206692410728,28202.0000,21294.0000,32.4411,1449.9080
100-200,kroD100,100,L_400x3000,6349730206692410729,26534.0000,21294.0000,24.6079,1249.2703
100-200,kroE100,100,L_400x3000,16587717628868857508,28248.0000,22068.0000,28.0044,1259.1003
100-200,kroE100,100,L_400x3000,16587717628868857509,27191.0000,22068.0000,23.2146,1243.6394
100-200,kroE100,100,L_400x3000,16587717628868857510,28039.0000,22068.0000,27.0573,1349.1957
100-200,kroE100,100,L_400x3000,16587717628868857511,29664.0000,22068.0000,34.4209,1267.4624
100-200,kroE100,100,L_400x3000,16587717628868857512,26544.0000,22068.0000,20.2828,1239.2321
100-200,lin105,105,L_400x3000,3024511588781476815,18458.0000,14379.0000,28.3678,1242.7989
100-200,lin105,105,L_400x3000,3024511588781476816,19256.0000,14379.0000,33.9175,1379.5052
100-200,lin105,105,L_400x3000,3024511588781476817,18016.0000,14379.0000,25.2938,1243.2943
100-200,lin105,105,L_400x3000,3024511588781476818,20472.0000,14379.0000,42.3743,1286.3141
100-200,lin105,105,L_400x3000,3024511588781476819,18743.0000,14379.0000,30.3498,1333.2678
100-200,pr107,107,L_400x3000,13086742499030641938,51883.0000,44303.0000,17.1095,1338.7500
100-200,pr107,107,L_400x3000,13086742499030641939,51031.0000,44303.0000,15.1863,1343.4752
100-200,pr107,107,L_400x3000,13086742499030641940,52676.0000,44303.0000,18.8994,1345.4991
100-200,pr107,107,L_400x3000,13086742499030641941,50368.0000,44303.0000,13.6898,1350.2308
100-200,pr107,107,L_400x3000,13086742499030641942,53326.0000,44303.0000,20.3666,1289.4632
100-200,pr124,124,L_400x3000,1191057841490384793,93093.0000,59030.0000,57.7046,1458.1500
100-200,pr124,124,L_400x3000,1191057841490384794,93256.0000,59030.0000,57.9807,1533.3724
100-200,pr124,124,L_400x3000,1191057841490384795,91719.0000,59030.0000,55.3769,1501.0503
100-200,pr124,124,L_400x3000,1191057841490384796,82869.0000,59030.0000,40.3846,1424.6515
100-200,pr124,124,L_400x3000,1191057841490384797,84321.0000,59030.0000,42.8443,1538.1171
100-200,pr136,136,L_400x3000,17517692296184031738,145685.0000,96772.0000,50.5446,1549.5225
100-200,pr136,136,L_400x3000,17517692296184031739,137148.0000,96772.0000,41.7228,1624.2068
100-200,pr136,136,L_400x3000,17517692296184031740,144335.0000,96772.0000,49.1495,1597.5316
100-200,pr136,136,L_400x3000,17517692296184031741,113302.0000,96772.0000,17.0814,1604.8059
100-200,pr136,136,L_400x3000,17517692296184031742,121209.0000,96772.0000,25.2521,1500.6910
100-200,pr144,144,L_400x3000,8387781855490506663,92442.0000,58537.0000,57.9206,1709.7443
100-200,pr144,144,L_400x3000,8387781855490506664,92203.0000,58537.0000,57.5123,1595.1414
100-200,pr144,144,L_400x3000,8387781855490506665,90207.0000,58537.0000,54.1025,1661.8990
100-200,pr144,144,L_400x3000,8387781855490506666,92304.0000,58537.0000,57.6849,1784.6672
100-200,pr144,144,L_400x3000,8387781855490506667,87943.0000,58537.0000,50.2349,1751.3157
100-200,pr152,152,L_400x3000,17704615488506533204,113026.0000,73682.0000,53.3970,1752.4273
100-200,pr152,152,L_400x3000,17704615488506533205,108584.0000,73682.0000,47.3684,1721.8361
100-200,pr152,152,L_400x3000,17704615488506533206,105590.0000,73682.0000,43.3050,1596.6116
100-200,pr152,152,L_400x3000,17704615488506533207,124184.0000,73682.0000,68.5405,1768.2164
100-200,pr152,152,L_400x3000,17704615488506533208,123470.0000,73682.0000,67.5715,1674.9592
100-200,rat195,195,L_400x3000,18174281888318570218,3415.0000,2323.0000,47.0082,2187.9283
100-200,rat195,195,L_400x3000,18174281888318570219,3221.0000,2323.0000,38.6569,2284.8804
100-200,rat195,195,L_400x3000,18174281888318570220,3264.0000,2323.0000,40.5080,1851.3283
100-200,rat195,195,L_400x3000,18174281888318570221,3558.0000,2323.0000,53.1640,1526.1738
100-200,rat195,195,L_400x3000,18174281888318570222,3337.0000,2323.0000,43.6505,1511.3586
100-200,rd100,100,L_400x3000,17248219681072424927,9731.0000,7910.0000,23.0215,885.5026
100-200,rd100,100,L_400x3000,17248219681072424928,10264.0000,7910.0000,29.7598,890.5829
100-200,rd100,100,L_400x3000,17248219681072424929,9868.0000,7910.0000,24.7535,957.9611
100-200,rd100,100,L_400x3000,17248219681072424930,9909.0000,7910.0000,25.2718,897.2942
100-200,rd100,100,L_400x3000,17248219681072424931,10347.0000,7910.0000,30.8091,873.3811
100-200,si175,175,L_400x3000,9330942442249001321,22689.0000,21407.0000,5.9887,1381.6660
100-200,si175,175,L_400x3000,9330942442249001322,22568.0000,21407.0000,5.4235,1552.7223
100-200,si175,175,L_400x3000,9330942442249001323,22869.0000,21407.0000,6.8295,1890.4488
100-200,si175,175,L_400x3000,9330942442249001324,22640.0000,21407.0000,5.7598,2025.7168
100-200,si175,175,L_400x3000,9330942442249001325,22580.0000,21407.0000,5.4795,2024.9794
100-200,u159,159,L_400x3000,15112809213938473582,42981.0000,42080.0000,2.1412,1843.2939
100-200,u159,159,L_400x3000,15112809213938473583,42670.0000,42080.0000,1.4021,1857.7301
100-200,u159,159,L_400x3000,15112809213938473584,42981.0000,42080.0000,2.1412,1760.9289
100-200,u159,159,L_400x3000,15112809213938473585,42972.0000,42080.0000,2.1198,1809.9933
100-200,u159,159,L_400x3000,15112809213938473586,42981.0000,42080.0000,2.1412,1965.0148
100-200,bier127,127,R_t3,8237481843534749446,132397.0000,118282.0000,11.9333,846.6926
100-200,bier127,127,R_t3,8237481843534749447,134388.0000,118282.0000,13.6166,827.5136
100-200,bier127,127,R_t3,8237481843534749448,143087.0000,118282.0000,20.9711,779.0879
100-200,bier127,127,R_t3,8237481843534749449,137659.0000,118282.0000,16.3820,720.8427
100-200,bier127,127,R_t3,8237481843534749450,134381.0000,118282.0000,13.6107,726.2630
100-200,brg180,180,R_t3,7748792368379139320,2370.0000,1950.0000,21.5385,979.7884
100-200,brg180,180,R_t3,7748792368379139321,2560.0000,1950.0000,31.2821,931.3148
100-200,brg180,180,R_t3,7748792368379139322,2470.0000,1950.0000,26.6667,1041.2041
100-200,brg180,180,R_t3,7748792368379139323,2360.0000,1950.0000,21.0256,988.8965
100-200,brg180,180,R_t3,7748792368379139324,2510.0000,1950.0000,28.7179,918.1856
100-200,ch130,130,R_t3,7455780681606034913,6849.0000,6110.0000,12.0949,716.3672
100-200,ch130,130,R_t3,7455780681606034914,7407.0000,6110.0000,21.2275,744.4982
100-200,ch130,130,R_t3,7455780681606034915,7037.0000,6110.0000,15.1718,722.9524
100-200,ch130,130,R_t3,7455780681606034916,7818.0000,6110.0000,27.9542,803.2449
100-200,ch130,130,R_t3,7455780681606034917,7251.0000,6110.0000,18.6743,749.0788
100-200,ch150,150,R_t3,14652504695606156783,8701.0000,6528.0000,33.2874,854.8809
100-200,ch150,150,R_t3,14652504695606156784,8006.0000,6528.0000,22.6409,812.3085
100-200,ch150,150,R_t3,14652504695606156785,8161.0000,6528.0000,25.0153,840.0436
100-200,ch150,150,R_t3,14652504695606156786,8123.0000,6528.0000,24.4332,819.0966
100-200,ch150,150,R_t3,14652504695606156787,8473.0000,6528.0000,29.7947,835.7153
100-200,d198,198,R_t3,2337194031483589466,18545.0000,15780.0000,17.5222,1011.1245
100-200,d198,198,R_t3,2337194031483589467,18948.0000,15780.0000,20.0760,1027.9594
100-200,d198,198,R_t3,2337194031483589468,18229.0000,15780.0000,15.5196,1039.3318
100-200,d198,198,R_t3,2337194031483589469,19370.0000,15780.0000,22.7503,1035.9699
100-200,d198,198,R_t3,2337194031483589470,18593.0000,15780.0000,17.8264,1041.5749
100-200,eil101,101,R_t3,15140716840405532072,717.0000,629.0000,13.9905,643.5456
100-200,eil101,101,R_t3,15140716840405532073,698.0000,629.0000,10.9698,630.7372
100-200,eil101,101,R_t3,15140716840405532074,714.0000,629.0000,13.5135,633.4931
100-200,eil101,101,R_t3,15140716840405532075,693.0000,629.0000,10.1749,650.3911
100-200,eil101,101,R_t3,15140716840405532076,732.0000,629.0000,16.3752,686.0625
100-200,gr120,120,R_t3,10706456298801277764,8321.0000,6942.0000,19.8646,919.5719
100-200,gr120,120,R_t3,10706456298801277765,8153.0000,6942.0000,17.4445,681.4998
100-200,gr120,120,R_t3,10706456298801277766,8089.0000,6942.0000,16.5226,679.5568
100-200,gr120,120,R_t3,10706456298801277767,8138.0000,6942.0000,17.2285,752.3477
100-200,gr120,120,R_t3,10706456298801277768,8341.0000,6942.0000,20.1527,672.0831
100-200,gr137,137,R_t3,3513539651600234886,78219.0000,69853.0000,11.9766,710.1468
100-200,gr137,137,R_t3,3513539651600234887,77884.0000,69853.0000,11.4970,868.7452
100-200,gr137,137,R_t3,3513539651600234888,76181.0000,69853.0000,9.0590,604.5731
100-200,gr137,137,R_t3,3513539651600234889,80390.0000,69853.0000,15.0845,563.3260
100-200,gr137,137,R_t3,3513539651600234890,78749.0000,69853.0000,12.7353,578.9776
100-200,kroA100,100,R_t3,6970490291929089868,25213.0000,21282.0000,18.4710,446.7410
100-200,kroA100,100,R_t3,6970490291929089869,25791.0000,21282.0000,21.1869,470.2714
100-200,kroA100,100,R_t3,6970490291929089870,24303.0000,21282.0000,14.1951,461.7424
100-200,kroA100,100,R_t3,6970490291929089871,23511.0000,21282.0000,10.4736,431.0417
100-200,kroA100,100,R_t3,6970490291929089872,25716.0000,21282.0000,20.8345,466.5755
100-200,kroA150,150,R_t3,6515556253219842927,36850.0000,26524.0000,38.9308,620.8581
100-200,kroA150,150,R_t3,6515556253219842928,34129.0000,26524.0000,28.6721,608.1244
100-200,kroA150,150,R_t3,6515556253219842929,35660.0000,26524.0000,34.4443,610.0673
100-200,kroA150,150,R_t3,6515556253219842930,32831.0000,26524.0000,23.7785,784.7886
100-200,kroA150,150,R_t3,6515556253219842931,35508.0000,26524.0000,33.8712,880.5343
100-200,kroB100,100,R_t3,17208477714105536651,26073.0000,22141.0000,17.7589,599.7334
100-200,kroB100,100,R_t3,17208477714105536652,26275.0000,22141.0000,18.6712,654.1863
100-200,kroB100,100,R_t3,17208477714105536653,24936.0000,22141.0000,12.6236,675.6192
100-200,kroB100,100,R_t3,17208477714105536654,24324.0000,22141.0000,9.8595,605.0811
100-200,kroB100,100,R_t3,17208477714105536655,26180.0000,22141.0000,18.2422,625.1070
100-200,kroB150,150,R_t3,16753543675396289710,34967.0000,26130.0000,33.8194,860.4161
100-200,kroB150,150,R_t3,16753543675396289711,33337.0000,26130.0000,27.5813,905.1664
100-200,kroB150,150,R_t3,16753543675396289712,34367.0000,26130.0000,31.5232,837.4463
100-200,kroB150,150,R_t3,16753543675396289713,31024.0000,26130.0000,18.7294,833.4239
100-200,kroB150,150,R_t3,16753543675396289714,36185.0000,26130.0000,38.4807,808.5968
100-200,kroC100,100,R_t3,8999721062572431818,25344.0000,20749.0000,22.1456,597.7346
100-200,kroC100,100,R_t3,8999721062572431819,24884.0000,20749.0000,19.9287,657.1059
100-200,kroC100,100,R_t3,8999721062572431820,24453.0000,20749.0000,17.8515,666.4437
100-200,kroC100,100,R_t3,8999721062572431821,25149.0000,20749.0000,21.2058,627.0848
100-200,kroC100,100,R_t3,8999721062572431822,24845.0000,20749.0000,19.7407,636.5132
100-200,kroD100,100,R_t3,790964411039326985,25222.0000,21294.0000,18.4465,647.8022
100-200,kroD100,100,R_t3,790964411039326986,26146.0000,21294.0000,22.7858,657.4088
100-200,kroD100,100,R_t3,790964411039326987,24766.0000,21294.0000,16.3051,669.4150
100-200,kroD100,100,R_t3,790964411039326988,28271.0000,21294.0000,32.7651,659.9659
100-200,kroD100,100,R_t3,790964411039326989,26340.0000,21294.0000,23.6968,655.5076
100-200,kroE100,100,R_t3,11028951833215773768,26008.0000,22068.0000,17.8539,620.6580
100-200,kroE100,100,R_t3,11028951833215773769,27022.0000,22068.0000,22.4488,678.7070
100-200,kroE100,100,R_t3,11028951833215773770,25529.0000,22068.0000,15.6833,652.7464
100-200,kroE100,100,R_t3,11028951833215773771,27019.0000,22068.0000,22.4352,624.0423
100-200,kroE100,100,R_t3,11028951833215773772,27101.0000,22068.0000,22.8068,638.9767
100-200,lin105,105,R_t3,1573929859523853915,17260.0000,14379.0000,20.0362,639.3216
100-200,lin105,105,R_t3,1573929859523853916,16593.0000,14379.0000,15.3975,666.6953
100-200,lin105,105,R_t3,1573929859523853917,17570.0000,14379.0000,22.1921,645.6313
100-200,lin105,105,R_t3,1573929859523853918,16568.0000,14379.0000,15.2236,651.6303
100-200,lin105,105,R_t3,1573929859523853919,17991.0000,14379.0000,25.1200,708.7044
100-200,pr107,107,R_t3,17581744244293603990,49615.0000,44303.0000,11.9902,591.4335
100-200,pr107,107,R_t3,17581744244293603991,49217.0000,44303.0000,11.0918,609.8503
100-200,pr107,107,R_t3,17581744244293603992,49422.0000,44303.0000,11.5545,658.3881
100-200,pr107,107,R_t3,17581744244293603993,49651.0000,44303.0000,12.0714,649.6104
100-200,pr107,107,R_t3,17581744244293603994,50209.0000,44303.0000,13.3309,657.0485
100-200,pr124,124,R_t3,5686059586753346845,86993.0000,59030.0000,47.3708,706.0585
100-200,pr124,124,R_t3,5686059586753346846,87763.0000,59030.0000,48.6752,705.2448
100-200,pr124,124,R_t3,5686059586753346847,89535.0000,59030.0000,51.6771,686.7573
100-200,pr124,124,R_t3,5686059586753346848,89541.0000,59030.0000,51.6873,702.1910
100-200,pr124,124,R_t3,5686059586753346849,79663.0000,59030.0000,34.9534,709.1258
100-200,pr136,136,R_t3,3565949967737442174,122400.0000,96772.0000,26.4829,768.5047
100-200,pr136,136,R_t3,3565949967737442175,118744.0000,96772.0000,22.7049,774.5286
100-200,pr136,136,R_t3,3565949967737442176,120502.0000,96772.0000,24.5216,768.8538
100-200,pr136,136,R_t3,3565949967737442177,116319.0000,96772.0000,20.1990,770.2270
100-200,pr136,136,R_t3,3565949967737442178,128106.0000,96772.0000,32.3792,783.5804
100-200,pr144,144,R_t3,12882783600753468715,89574.0000,58537.0000,53.0212,752.5364
100-200,pr144,144,R_t3,12882783600753468716,75398.0000,58537.0000,28.8040,801.5761
100-200,pr144,144,R_t3,12882783600753468717,87089.0000,58537.0000,48.7760,800.6103
100-200,pr144,144,R_t3,12882783600753468718,89737.0000,58537.0000,53.2996,838.4875
100-200,pr144,144,R_t3,12882783600753468719,88622.0000,58537.0000,51.3948,786.3527
100-200,pr152,152,R_t3,3752873160059943640,95759.0000,73682.0000,29.9625,808.0110
100-200,pr152,152,R_t3,3752873160059943641,96219.0000,73682.0000,30.5868,812.1038
100-200,pr152,152,R_t3,3752873160059943642,104035.0000,73682.0000,41.1946,844.2018
100-200,pr152,152,R_t3,3752873160059943643,93944.0000,73682.0000,27.4993,810.4272
100-200,pr152,152,R_t3,3752873160059943644,93564.0000,73682.0000,26.9835,885.7972
100-200,rat195,195,R_t3,16723700159060947318,2866.0000,2323.0000,23.3749,1051.4496
100-200,rat195,195,R_t3,16723700159060947319,2831.0000,2323.0000,21.8683,976.6246
100-200,rat195,195,R_t3,16723700159060947320,3250.0000,2323.0000,39.9053,995.3279
100-200,rat195,195,R_t3,16723700159060947321,2892.0000,2323.0000,24.4942,988.1028
100-200,rat195,195,R_t3,16723700159060947322,2838.0000,2323.0000,22.1696,1024.0710
100-200,rd100,100,R_t3,3296477352625835363,9024.0000,7910.0000,14.0834,639.7046
100-200,rd100,100,R_t3,3296477352625835364,9446.0000,7910.0000,19.4185,611.0613
100-200,rd100,100,R_t3,3296477352625835365,9169.0000,7910.0000,15.9166,637.9526
100-200,rd100,100,R_t3,3296477352625835366,9801.0000,7910.0000,23.9064,644.1599
100-200,rd100,100,R_t3,3296477352625835367,9767.0000,7910.0000,23.4766,620.2651
100-200,si175,175,R_t3,13825944187511963373,22372.0000,21407.0000,4.5079,940.4020
100-200,si175,175,R_t3,13825944187511963374,22467.0000,21407.0000,4.9517,936.8939
100-200,si175,175,R_t3,13825944187511963375,22195.0000,21407.0000,3.6810,925.9053
100-200,si175,175,R_t3,13825944187511963376,22507.0000,21407.0000,5.1385,911.2350
100-200,si175,175,R_t3,13825944187511963377,22257.0000,21407.0000,3.9707,890.5486
100-200,u159,159,R_t3,2332971740943769498,42603.0000,42080.0000,1.2429,838.9121
100-200,u159,159,R_t3,2332971740943769499,42603.0000,42080.0000,1.2429,835.3094
100-200,u159,159,R_t3,2332971740943769500,42603.0000,42080.0000,1.2429,849.7433
100-200,u159,159,R_t3,2332971740943769501,42603.0000,42080.0000,1.2429,890.0275
100-200,u159,159,R_t3,2332971740943769502,42603.0000,42080.0000,1.2429,872.4777
100-200,bier127,127,R_t8,5791292830218088881,157099.0000,118282.0000,32.8173,913.0771
100-200,bier127,127,R_t8,5791292830218088882,163384.0000,118282.0000,38.1309,918.7469
100-200,bier127,127,R_t8,5791292830218088883,171627.0000,118282.0000,45.0998,817.5334
100-200,bier127,127,R_t8,5791292830218088884,159767.0000,118282.0000,35.0730,793.9001
100-200,bier127,127,R_t8,5791292830218088885,167739.0000,118282.0000,41.8128,773.2826
100-200,brg180,180,R_t8,689377156937961905,2620.0000,1950.0000,34.3590,1025.1751
100-200,brg180,180,R_t8,689377156937961906,6270.0000,1950.0000,221.5385,997.8961
100-200,brg180,180,R_t8,689377156937961907,2560.0000,1950.0000,31.2821,1000.0253
100-200,brg180,180,R_t8,689377156937961908,2610.0000,1950.0000,33.8462,1006.6144
100-200,brg180,180,R_t8,689377156937961909,9580.0000,1950.0000,391.2821,966.7586
100-200,ch130,130,R_t8,7120262335355193076,10288.0000,6110.0000,68.3797,770.7685
100-200,ch130,130,R_t8,7120262335355193077,9633.0000,6110.0000,57.6596,772.3106
100-200,ch130,130,R_t8,7120262335355193078,10173.0000,6110.0000,66.4975,775.4205
100-200,ch130,130,R_t8,7120262335355193079,10154.0000,6110.0000,66.1866,775.0999
100-200,ch130,130,R_t8,7120262335355193080,8900.0000,6110.0000,45.6628,768.9893
100-200,ch150,150,R_t8,14316986349355314946,10006.0000,6528.0000,53.2782,902.6173
100-200,ch150,150,R_t8,14316986349355314947,10436.0000,6528.0000,59.8652,845.0016
100-200,ch150,150,R_t8,14316986349355314948,10071.0000,6528.0000,54.2739,834.1466
100-200,ch150,150,R_t8,14316986349355314949,10927.0000,6528.0000,67.3866,882.0529
100-200,ch150,150,R_t8,14316986349355314950,12171.0000,6528.0000,86.4430,860.7261
100-200,d198,198,R_t8,12050856800488995723,20895.0000,15780.0000,32.4144,1103.8224
100-200,d198,198,R_t8,12050856800488995724,21035.0000,15780.0000,33.3016,1051.3000
100-200,d198,198,R_t8,12050856800488995725,20615.0000,15780.0000,30.6401,1079.2357
100-200,d198,198,R_t8,12050856800488995726,20495.0000,15780.0000,29.8796,1051.4694
100-200,d198,198,R_t8,12050856800488995727,20994.0000,15780.0000,33.0418,1042.6365
100-200,eil101,101,R_t8,8081301628964354657,912.0000,629.0000,44.9921,659.1584
100-200,eil101,101,R_t8,8081301628964354658,900.0000,629.0000,43.0843,663.6302
100-200,eil101,101,R_t8,8081301628964354659,868.0000,629.0000,37.9968,710.9820
100-200,eil101,101,R_t8,8081301628964354660,860.0000,629.0000,36.7250,668.6386
100-200,eil101,101,R_t8,8081301628964354661,888.0000,629.0000,41.1765,681.7789
100-200,gr120,120,R_t8,10370937952550435927,10473.0000,6942.0000,50.8643,721.9408
100-200,gr120,120,R_t8,10370937952550435928,9656.0000,6942.0000,39.0954,751.4114
100-200,gr120,120,R_t8,10370937952550435929,9847.0000,6942.0000,41.8467,752.1816
100-200,gr120,120,R_t8,10370937952550435930,10448.0000,6942.0000,50.5042,751.1403
100-200,gr120,120,R_t8,10370937952550435931,9577.0000,6942.0000,37.9574,753.0115
100-200,gr137,137,R_t8,3178021305349393049,87664.0000,69853.0000,25.4978,749.1207
100-200,gr137,137,R_t8,3178021305349393050,89884.0000,69853.0000,28.6759,779.4766
100-200,gr137,137,R_t8,3178021305349393051,88181.0000,69853.0000,26.2380,765.0016
100-200,gr137,137,R_t8,3178021305349393052,90197.0000,69853.0000,29.1240,776.8761
100-200,gr137,137,R_t8,3178021305349393053,89080.0000,69853.0000,27.5249,862.0988
100-200,kroA100,100,R_t8,4524301278612429303,38952.0000,21282.0000,83.0279,639.7642
100-200,kroA100,100,R_t8,4524301278612429304,32991.0000,21282.0000,55.0183,642.1912
100-200,kroA100,100,R_t8,4524301278612429305,30584.0000,21282.0000,43.7083,643.1349
100-200,kroA100,100,R_t8,4524301278612429306,35216.0000,21282.0000,65.4732,659.7324
100-200,kroA100,100,R_t8,4524301278612429307,32531.0000,21282.0000,52.8569,652.3141
100-200,kroA150,150,R_t8,4069367239903182362,43983.0000,26524.0000,65.8234,892.1062
100-200,kroA150,150,R_t8,4069367239903182363,45989.0000,26524.0000,73.3864,867.5712
100-200,kroA150,150,R_t8,4069367239903182364,42936.0000,26524.0000,61.8760,876.0319
100-200,kroA150,150,R_t8,4069367239903182365,45706.0000,26524.0000,72.3194,911.0000
100-200,kroA150,150,R_t8,4069367239903182366,48198.0000,26524.0000,81.7147,844.5399
100-200,kroB100,100,R_t8,14762288700788876086,35898.0000,22141.0000,62.1336,630.3495
100-200,kroB100,100,R_t8,14762288700788876087,37157.0000,22141.0000,67.8199,659.4053
100-200,kroB100,100,R_t8,14762288700788876088,35884.0000,22141.0000,62.0704,656.1460
100-200,kroB100,100,R_t8,14762288700788876089,33154.0000,22141.0000,49.7403,664.0913
100-200,kroB100,100,R_t8,14762288700788876090,37856.0000,22141.0000,70.9769,646.4866
100-200,kroB150,150,R_t8,14307354662079629145,47987.0000,26130.0000,83.6471,848.0680
100-200,kroB150,150,R_t8,14307354662079629146,49335.0000,26130.0000,88.8060,871.4086
100-200,kroB150,150,R_t8,14307354662079629147,46454.0000,26130.0000,77.7803,894.5353
100-200,kroB150,150,R_t8,14307354662079629148,47889.0000,26130.0000,83.2721,933.6971
100-200,kroB150,150,R_t8,14307354662079629149,47484.0000,26130.0000,81.7222,848.0959
100-200,kroC100,100,R_t8,6553532049255771253,33908.0000,20749.0000,63.4199,630.6499
100-200,kroC100,100,R_t8,6553532049255771254,37570.0000,20749.0000,81.0690,678.3915
100-200,kroC100,100,R_t8,6553532049255771255,39518.0000,20749.0000,90.4574,656.0212
100-200,kroC100,100,R_t8,6553532049255771256,30420.0000,20749.0000,46.6095,666.9605
100-200,kroC100,100,R_t8,6553532049255771257,32711.0000,20749.0000,57.6510,609.7071
100-200,kroD100,100,R_t8,16791519471432218036,29846.0000,21294.0000,40.1615,673.2174
100-200,kroD100,100,R_t8,16791519471432218037,37100.0000,21294.0000,74.2275,619.2294
100-200,kroD100,100,R_t8,16791519471432218038,36551.0000,21294.0000,71.6493,661.5831
100-200,kroD100,100,R_t8,16791519471432218039,31630.0000,21294.0000,48.5395,658.2595
100-200,kroD100,100,R_t8,16791519471432218040,33620.0000,21294.0000,57.8849,655.7934
100-200,kroE100,100,R_t8,8582762819899113203,37345.0000,22068.0000,69.2269,660.5997
100-200,kroE100,100,R_t8,8582762819899113204,36271.0000,22068.0000,64.3602,661.4562
100-200,kroE100,100,R_t8,8582762819899113205,38103.0000,22068.0000,72.6618,648.6710
100-200,kroE100,100,R_t8,8582762819899113206,34599.0000,22068.0000,56.7836,662.1447
100-200,kroE100,100,R_t8,8582762819899113207,35172.0000,22068.0000,59.3801,684.7254
100-200,lin105,105,R_t8,12961258721792228116,23014.0000,14379.0000,60.0529,608.3018
100-200,lin105,105,R_t8,12961258721792228117,24143.0000,14379.0000,67.9046,656.6929
100-200,lin105,105,R_t8,12961258721792228118,24485.0000,14379.0000,70.2831,655.7266
100-200,lin105,105,R_t8,12961258721792228119,21526.0000,14379.0000,49.7044,678.8108
100-200,lin105,105,R_t8,12961258721792228120,21632.0000,14379.0000,50.4416,668.1545
100-200,pr107,107,R_t8,17246225898042762153,53513.0000,44303.0000,20.7887,674.5136
100-200,pr107,107,R_t8,17246225898042762154,54084.0000,44303.0000,22.0775,689.3584
100-200,pr107,107,R_t8,17246225898042762155,52715.0000,44303.0000,18.9874,702.7844
100-200,pr107,107,R_t8,17246225898042762156,54015.0000,44303.0000,21.9218,699.5425
100-200,pr107,107,R_t8,17246225898042762157,54638.0000,44303.0000,23.3280,652.1037
100-200,pr124,124,R_t8,5350541240502505008,90927.0000,59030.0000,54.0352,768.0746
100-200,pr124,124,R_t8,5350541240502505009,96537.0000,59030.0000,63.5389,747.5224
100-200,pr124,124,R_t8,5350541240502505010,87836.0000,59030.0000,48.7989,698.2551
100-200,pr124,124,R_t8,5350541240502505011,96537.0000,59030.0000,63.5389,681.6746
100-200,pr124,124,R_t8,5350541240502505012,96119.0000,59030.0000,62.8308,679.3085
100-200,pr136,136,R_t8,3230431621486600337,203914.0000,96772.0000,110.7159,799.5566
100-200,pr136,136,R_t8,3230431621486600338,175437.0000,96772.0000,81.2890,810.2655
100-200,pr136,136,R_t8,3230431621486600339,209930.0000,96772.0000,116.9326,741.7176
100-200,pr136,136,R_t8,3230431621486600340,187518.0000,96772.0000,93.7730,880.1098
100-200,pr136,136,R_t8,3230431621486600341,224629.0000,96772.0000,132.1219,772.4770
100-200,pr144,144,R_t8,12547265254502626878,92442.0000,58537.0000,57.9206,897.0051
100-200,pr144,144,R_t8,12547265254502626879,92442.0000,58537.0000,57.9206,788.1702
100-200,pr144,144,R_t8,12547265254502626880,92442.0000,58537.0000,57.9206,829.4566
100-200,pr144,144,R_t8,12547265254502626881,92580.0000,58537.0000,58.1564,909.5795
100-200,pr144,144,R_t8,12547265254502626882,92442.0000,58537.0000,57.9206,903.2170
100-200,pr152,152,R_t8,3417354813809101803,122787.0000,73682.0000,66.6445,871.1629
100-200,pr152,152,R_t8,3417354813809101804,120705.0000,73682.0000,63.8188,858.9051
100-200,pr152,152,R_t8,3417354813809101805,135403.0000,73682.0000,83.7667,883.5920
100-200,pr152,152,R_t8,3417354813809101806,127519.0000,73682.0000,73.0667,836.4932
100-200,pr152,152,R_t8,3417354813809101807,112050.0000,73682.0000,52.0724,842.4476
100-200,rat195,195,R_t8,9664284947619769903,3410.0000,2323.0000,46.7929,1106.0606
100-200,rat195,195,R_t8,9664284947619769904,3661.0000,2323.0000,57.5979,1097.2586
100-200,rat195,195,R_t8,9664284947619769905,3891.0000,2323.0000,67.4989,1036.1410
100-200,rat195,195,R_t8,9664284947619769906,3361.0000,2323.0000,44.6836,1019.0765
100-200,rat195,195,R_t8,9664284947619769907,3465.0000,2323.0000,49.1606,1041.2524
100-200,rd100,100,R_t8,2960959006374993526,11513.0000,7910.0000,45.5499,649.8423
100-200,rd100,100,R_t8,2960959006374993527,12756.0000,7910.0000,61.2642,698.3879
100-200,rd100,100,R_t8,2960959006374993528,12000.0000,7910.0000,51.7067,646.0318
100-200,rd100,100,R_t8,2960959006374993529,11837.0000,7910.0000,49.6460,639.3156
100-200,rd100,100,R_t8,2960959006374993530,11923.0000,7910.0000,50.7332,652.1349
100-200,si175,175,R_t8,13490425841261121536,22720.0000,21407.0000,6.1335,941.8390
100-200,si175,175,R_t8,13490425841261121537,22905.0000,21407.0000,6.9977,928.7268
100-200,si175,175,R_t8,13490425841261121538,23459.0000,21407.0000,9.5856,917.4030
100-200,si175,175,R_t8,13490425841261121539,22797.0000,21407.0000,6.4932,1023.0501
100-200,si175,175,R_t8,13490425841261121540,23103.0000,21407.0000,7.9226,916.9576
100-200,u159,159,R_t8,12046634509949175755,42981.0000,42080.0000,2.1412,874.8399
100-200,u159,159,R_t8,12046634509949175756,42981.0000,42080.0000,2.1412,884.1166
100-200,u159,159,R_t8,12046634509949175757,42981.0000,42080.0000,2.1412,974.7884
100-200,u159,159,R_t8,12046634509949175758,42981.0000,42080.0000,2.1412,935.5788
100-200,u159,159,R_t8,12046634509949175759,42981.0000,42080.0000,2.1412,908.0760
100-200,bier127,127,R_e10,2691976199266580821,149586.0000,118282.0000,26.4656,763.0400
100-200,bier127,127,R_e10,2691976199266580822,155987.0000,118282.0000,31.8772,814.4759
100-200,bier127,127,R_e10,2691976199266580823,153322.0000,118282.0000,29.6241,690.2894
100-200,bier127,127,R_e10,2691976199266580824,155774.0000,118282.0000,31.6971,744.2580
100-200,bier127,127,R_e10,2691976199266580825,172168.0000,118282.0000,45.5572,765.8800
100-200,brg180,180,R_e10,8973793826540343869,5980.0000,1950.0000,206.6667,925.0143
100-200,brg180,180,R_e10,8973793826540343870,5910.0000,1950.0000,203.0769,979.8120
100-200,brg180,180,R_e10,8973793826540343871,2700.0000,1950.0000,38.4615,914.9307
100-200,brg180,180,R_e10,8973793826540343872,2640.0000,1950.0000,35.3846,859.0475
100-200,brg180,180,R_e10,8973793826540343873,2530.0000,1950.0000,29.7436,976.2567
100-200,ch130,130,R_e10,2818242109283485304,9394.0000,6110.0000,53.7480,737.1079
100-200,ch130,130,R_e10,2818242109283485305,8921.0000,6110.0000,46.0065,756.2273
100-200,ch130,130,R_e10,2818242109283485306,9535.0000,6110.0000,56.0556,698.3642
100-200,ch130,130,R_e10,2818242109283485307,9620.0000,6110.0000,57.4468,710.9564
100-200,ch130,130,R_e10,2818242109283485308,9047.0000,6110.0000,48.0687,731.4601
100-200,ch150,150,R_e10,10014966123283607174,11245.0000,6528.0000,72.2580,795.2827
100-200,ch150,150,R_e10,10014966123283607175,10105.0000,6528.0000,54.7947,847.0443
100-200,ch150,150,R_e10,10014966123283607176,11029.0000,6528.0000,68.9491,776.5864
100-200,ch150,150,R_e10,10014966123283607177,9767.0000,6528.0000,49.6170,777.5781
100-200,ch150,150,R_e10,10014966123283607178,10708.0000,6528.0000,64.0319,807.2591
100-200,d198,198,R_e10,9201720146288516791,20759.0000,15780.0000,31.5526,955.4623
100-200,d198,198,R_e10,9201720146288516792,20316.0000,15780.0000,28.7452,958.3133
100-200,d198,198,R_e10,9201720146288516793,20343.0000,15780.0000,28.9163,966.6280
100-200,d198,198,R_e10,9201720146288516794,19685.0000,15780.0000,24.7465,983.5355
100-200,d198,198,R_e10,9201720146288516795,20350.0000,15780.0000,28.9607,978.2932
100-200,eil101,101,R_e10,16365718298566736621,880.0000,629.0000,39.9046,572.9001
100-200,eil101,101,R_e10,16365718298566736622,846.0000,629.0000,34.4992,611.3997
100-200,eil101,101,R_e10,16365718298566736623,857.0000,629.0000,36.2480,604.2024
100-200,eil101,101,R_e10,16365718298566736624,839.0000,629.0000,33.3863,584.2392
100-200,eil101,101,R_e10,16365718298566736625,835.0000,629.0000,32.7504,616.0147
100-200,gr120,120,R_e10,6068917726478728155,9706.0000,6942.0000,39.8156,691.4402
100-200,gr120,120,R_e10,6068917726478728156,9816.0000,6942.0000,41.4002,713.1470
100-200,gr120,120,R_e10,6068917726478728157,9796.0000,6942.0000,41.1121,659.7932
100-200,gr120,120,R_e10,6068917726478728158,9672.0000,6942.0000,39.3258,691.1913
100-200,gr120,120,R_e10,6068917726478728159,9564.0000,6942.0000,37.7701,670.8542
100-200,gr137,137,R_e10,17322745152987236893,87089.0000,69853.0000,24.6747,715.1263
100-200,gr137,137,R_e10,17322745152987236894,90256.0000,69853.0000,29.2085,750.5039
100-200,gr137,137,R_e10,17322745152987236895,87174.0000,69853.0000,24.7964,720.4665
100-200,gr137,137,R_e10,17322745152987236896,89483.0000,69853.0000,28.1019,690.8903
100-200,gr137,137,R_e10,17322745152987236897,87628.0000,69853.0000,25.4463,758.4607
100-200,kroA100,100,R_e10,1424984647660921243,31209.0000,21282.0000,46.6451,634.1662
100-200,kroA100,100,R_e10,1424984647660921244,29205.0000,21282.0000,37.2286,668.9490
100-200,kroA100,100,R_e10,1424984647660921245,29747.0000,21282.0000,39.7754,701.0227
100-200,kroA100,100,R_e10,1424984647660921246,30825.0000,21282.0000,44.8407,551.8150
100-200,kroA100,100,R_e10,1424984647660921247,31627.0000,21282.0000,48.6092,630.4499
100-200,kroA150,150,R_e10,970050608951674302,44044.0000,26524.0000,66.0534,771.3511
100-200,kroA150,150,R_e10,970050608951674303,44582.0000,26524.0000,68.0817,689.4186
100-200,kroA150,150,R_e10,970050608951674304,47264.0000,26524.0000,78.1933,570.4468
100-200,kroA150,150,R_e10,970050608951674305,44952.0000,26524.0000,69.4767,571.2841
100-200,kroA150,150,R_e10,970050608951674306,39513.0000,26524.0000,48.9707,574.2316
100-200,kroB100,100,R_e10,11662972069837368026,30980.0000,22141.0000,39.9214,413.1991
100-200,kroB100,100,R_e10,11662972069837368027,32236.0000,22141.0000,45.5941,405.2138
100-200,kroB100,100,R_e10,11662972069837368028,29363.0000,22141.0000,32.6182,404.7564
100-200,kroB100,100,R_e10,11662972069837368029,33575.0000,22141.0000,51.6418,406.2600
100-200,kroB100,100,R_e10,11662972069837368030,29048.0000,22141.0000,31.1955,406.4239
100-200,kroB150,150,R_e10,11208038031128121085,38863.0000,26130.0000,48.7294,567.5421
100-200,kroB150,150,R_e10,11208038031128121086,42215.0000,26130.0000,61.5576,572.3201
100-200,kroB150,150,R_e10,11208038031128121087,47510.0000,26130.0000,81.8217,567.9313
100-200,kroB150,150,R_e10,11208038031128121088,40133.0000,26130.0000,53.5897,566.1316
100-200,kroB150,150,R_e10,11208038031128121089,40474.0000,26130.0000,54.8948,573.8906
100-200,kroC100,100,R_e10,3454215418304263193,31470.0000,20749.0000,51.6700,405.2837
100-200,kroC100,100,R_e10,3454215418304263194,29899.0000,20749.0000,44.0985,406.6893
100-200,kroC100,100,R_e10,3454215418304263195,30386.0000,20749.0000,46.4456,406.4365
100-200,kroC100,100,R_e10,3454215418304263196,37859.0000,20749.0000,82.4618,408.3720
100-200,kroC100,100,R_e10,3454215418304263197,32264.0000,20749.0000,55.4967,410.2660
100-200,kroD100,100,R_e10,13692202840480709976,29031.0000,21294.0000,36.3342,406.1948
100-200,kroD100,100,R_e10,13692202840480709977,29762.0000,21294.0000,39.7671,405.8562
100-200,kroD100,100,R_e10,13692202840480709978,32567.0000,21294.0000,52.9398,405.6679
100-200,kroD100,100,R_e10,13692202840480709979,33339.0000,21294.0000,56.5652,405.6644
100-200,kroD100,100,R_e10,13692202840480709980,28123.0000,21294.0000,32.0701,407.5951
100-200,kroE100,100,R_e10,5483446188947605143,33599.0000,22068.0000,52.2521,407.8790
100-200,kroE100,100,R_e10,5483446188947605144,32101.0000,22068.0000,45.4640,408.3864
100-200,kroE100,100,R_e10,5483446188947605145,29037.0000,22068.0000,31.5797,432.6084
100-200,kroE100,100,R_e10,5483446188947605146,30720.0000,22068.0000,39.2061,441.6992
100-200,kroE100,100,R_e10,5483446188947605147,35028.0000,22068.0000,58.7276,423.5766
100-200,lin105,105,R_e10,2798931317685058464,21903.0000,14379.0000,52.3263,438.5232
100-200,lin105,105,R_e10,2798931317685058465,20936.0000,14379.0000,45.6012,443.0319
100-200,lin105,105,R_e10,2798931317685058466,20942.0000,14379.0000,45.6430,434.5133
100-200,lin105,105,R_e10,2798931317685058467,22612.0000,14379.0000,57.2571,438.6962
100-200,lin105,105,R_e10,2798931317685058468,23745.0000,14379.0000,65.1367,421.9463
100-200,pr107,107,R_e10,12944205671971054381,52559.0000,44303.0000,18.6353,425.6307
100-200,pr107,107,R_e10,12944205671971054382,51486.0000,44303.0000,16.2133,435.7572
100-200,pr107,107,R_e10,12944205671971054383,52605.0000,44303.0000,18.7391,437.0022
100-200,pr107,107,R_e10,12944205671971054384,52033.0000,44303.0000,17.4480,450.7344
100-200,pr107,107,R_e10,12944205671971054385,52973.0000,44303.0000,19.5698,486.4060
100-200,pr124,124,R_e10,1048521014430797236,92841.0000,59030.0000,57.2777,522.0972
100-200,pr124,124,R_e10,1048521014430797237,93648.0000,59030.0000,58.6448,697.4346
100-200,pr124,124,R_e10,1048521014430797238,93068.0000,59030.0000,57.6622,727.2609
100-200,pr124,124,R_e10,1048521014430797239,96537.0000,59030.0000,63.5389,709.0409
100-200,pr124,124,R_e10,1048521014430797240,93320.0000,59030.0000,58.0891,790.1658
100-200,pr136,136,R_e10,17375155469124444181,188338.0000,96772.0000,94.6203,784.4405
100-200,pr136,136,R_e10,17375155469124444182,174875.0000,96772.0000,80.7083,775.7095
100-200,pr136,136,R_e10,17375155469124444183,182511.0000,96772.0000,88.5990,743.0957
100-200,pr136,136,R_e10,17375155469124444184,173461.0000,96772.0000,79.2471,784.8266
100-200,pr136,136,R_e10,17375155469124444185,176047.0000,96772.0000,81.9194,735.4038
100-200,pr144,144,R_e10,8245245028430919106,92580.0000,58537.0000,58.1564,795.4457
100-200,pr144,144,R_e10,8245245028430919107,90146.0000,58537.0000,53.9983,776.6181
100-200,pr144,144,R_e10,8245245028430919108,92203.0000,58537.0000,57.5123,778.8130
100-200,pr144,144,R_e10,8245245028430919109,92442.0000,58537.0000,57.9206,805.9622
100-200,pr144,144,R_e10,8245245028430919110,92580.0000,58537.0000,58.1564,752.3656
100-200,pr152,152,R_e10,17562078661446945647,128893.0000,73682.0000,74.9315,802.6203
100-200,pr152,152,R_e10,17562078661446945648,126999.0000,73682.0000,72.3610,789.0590
100-200,pr152,152,R_e10,17562078661446945649,115100.0000,73682.0000,56.2118,832.2795
100-200,pr152,152,R_e10,17562078661446945650,122614.0000,73682.0000,66.4097,809.4930
100-200,pr152,152,R_e10,17562078661446945651,131372.0000,73682.0000,78.2959,846.1110
100-200,rat195,195,R_e10,17948701617222151867,3425.0000,2323.0000,47.4387,1013.1031
100-200,rat195,195,R_e10,17948701617222151868,3215.0000,2323.0000,38.3986,1042.5626
100-200,rat195,195,R_e10,17948701617222151869,3268.0000,2323.0000,40.6802,954.2914
100-200,rat195,195,R_e10,17948701617222151870,3687.0000,2323.0000,58.7172,967.4469
100-200,rat195,195,R_e10,17948701617222151871,3351.0000,2323.0000,44.2531,903.9138
100-200,rd100,100,R_e10,17105682854012837370,10925.0000,7910.0000,38.1163,560.2413
100-200,rd100,100,R_e10,17105682854012837371,11137.0000,7910.0000,40.7965,627.5046
100-200,rd100,100,R_e10,17105682854012837372,11839.0000,7910.0000,49.6713,604.7630
100-200,rd100,100,R_e10,17105682854012837373,11192.0000,7910.0000,41.4918,603.3633
100-200,rd100,100,R_e10,17105682854012837374,11191.0000,7910.0000,41.4791,559.0174
100-200,si175,175,R_e10,9188405615189413764,23424.0000,21407.0000,9.4222,932.5203
100-200,si175,175,R_e10,9188405615189413765,23294.0000,21407.0000,8.8149,967.4617
100-200,si175,175,R_e10,9188405615189413766,23050.0000,21407.0000,7.6751,901.7259
100-200,si175,175,R_e10,9188405615189413767,22815.0000,21407.0000,6.5773,911.9214
100-200,si175,175,R_e10,9188405615189413768,23373.0000,21407.0000,9.1839,875.3901
100-200,u159,159,R_e10,9197497855748696823,42970.0000,42080.0000,2.1150,774.7152
100-200,u159,159,R_e10,9197497855748696824,42981.0000,42080.0000,2.1412,769.7555
100-200,u159,159,R_e10,9197497855748696825,42981.0000,42080.0000,2.1412,778.3088
100-200,u159,159,R_e10,9197497855748696826,42981.0000,42080.0000,2.1412,769.7138
100-200,u159,159,R_e10,9197497855748696827,42981.0000,42080.0000,2.1412,858.7719
100-200,bier127,127,R_m30,1754600750378732839,144816.0000,118282.0000,22.4328,732.5749
100-200,bier127,127,R_m30,1754600750378732840,156534.0000,118282.0000,32.3397,726.5692
100-200,bier127,127,R_m30,1754600750378732841,150175.0000,118282.0000,26.9635,744.1930
100-200,bier127,127,R_m30,1754600750378732842,142476.0000,118282.0000,20.4545,761.3556
100-200,bier127,127,R_m30,1754600750378732843,158609.0000,118282.0000,34.0939,718.3291
100-200,brg180,180,R_m30,11782935093909070467,2570.0000,1950.0000,31.7949,880.6967
100-200,brg180,180,R_m30,11782935093909070468,2740.0000,1950.0000,40.5128,945.5129
100-200,brg180,180,R_m30,11782935093909070469,2610.0000,1950.0000,33.8462,877.1213
100-200,brg180,180,R_m30,11782935093909070470,6140.0000,1950.0000,214.8718,995.7369
100-200,brg180,180,R_m30,11782935093909070471,2610.0000,1950.0000,33.8462,952.3916
100-200,ch130,130,R_m30,14527317677109909050,9975.0000,6110.0000,63.2570,773.7093
100-200,ch130,130,R_m30,14527317677109909051,10056.0000,6110.0000,64.5827,726.5826
100-200,ch130,130,R_m30,14527317677109909052,9300.0000,6110.0000,52.2095,715.6451
100-200,ch130,130,R_m30,14527317677109909053,9113.0000,6110.0000,49.1489,705.7246
100-200,ch130,130,R_m30,14527317677109909054,9047.0000,6110.0000,48.0687,711.2382
100-200,ch150,150,R_m30,3277297617400479304,10399.0000,6528.0000,59.2984,790.3179
100-200,ch150,150,R_m30,3277297617400479305,9794.0000,6528.0000,50.0306,860.3576
100-200,ch150,150,R_m30,3277297617400479306,10583.0000,6528.0000,62.1170,872.9607
100-200,ch150,150,R_m30,3277297617400479307,11470.0000,6528.0000,75.7047,811.8266
100-200,ch150,150,R_m30,3277297617400479308,9780.0000,6528.0000,49.8162,792.0195
100-200,d198,198,R_m30,12529843728449937485,20621.0000,15780.0000,30.6781,961.1464
100-200,d198,198,R_m30,12529843728449937486,21240.0000,15780.0000,34.6008,941.4029
100-200,d198,198,R_m30,12529843728449937487,20715.0000,15780.0000,31.2738,990.2224
100-200,d198,198,R_m30,12529843728449937488,19921.0000,15780.0000,26.2421,1019.1938
100-200,d198,198,R_m30,12529843728449937489,19963.0000,15780.0000,26.5082,1010.1861
100-200,eil101,101,R_m30,728115492225911603,840.0000,629.0000,33.5453,608.6636
100-200,eil101,101,R_m30,728115492225911604,821.0000,629.0000,30.5246,633.2475
100-200,eil101,101,R_m30,728115492225911605,807.0000,629.0000,28.2989,605.1128
100-200,eil101,101,R_m30,728115492225911606,813.0000,629.0000,29.2528,627.3359
100-200,eil101,101,R_m30,728115492225911607,797.0000,629.0000,26.7091,605.5848
100-200,gr120,120,R_m30,17777993294305151901,9798.0000,6942.0000,41.1409,648.5082
100-200,gr120,120,R_m30,17777993294305151902,9707.0000,6942.0000,39.8300,712.6409
100-200,gr120,120,R_m30,17777993294305151903,10838.0000,6942.0000,56.1222,676.9179
100-200,gr120,120,R_m30,17777993294305151904,9557.0000,6942.0000,37.6693,673.6070
100-200,gr120,120,R_m30,17777993294305151905,9541.0000,6942.0000,37.4388,686.0234
100-200,gr137,137,R_m30,10585076647104109023,88499.0000,69853.0000,26.6932,754.9361
100-200,gr137,137,R_m30,10585076647104109024,89400.0000,69853.0000,27.9831,766.6408
100-200,gr137,137,R_m30,10585076647104109025,89048.0000,69853.0000,27.4791,791.3382
100-200,gr137,137,R_m30,10585076647104109026,88532.0000,69853.0000,26.7404,723.0987
100-200,gr137,137,R_m30,10585076647104109027,89261.0000,69853.0000,27.7841,795.1560
100-200,kroA100,100,R_m30,487609198773073261,32708.0000,21282.0000,53.6886,604.7753
100-200,kroA100,100,R_m30,487609198773073262,29586.0000,21282.0000,39.0189,593.5911
100-200,kroA100,100,R_m30,487609198773073263,30429.0000,21282.0000,42.9800,564.3126
100-200,kroA100,100,R_m30,487609198773073264,31413.0000,21282.0000,47.6036,626.0654
100-200,kroA100,100,R_m30,487609198773073265,30474.0000,21282.0000,43.1914,634.7884
100-200,kroA150,150,R_m30,32675160063826320,44420.0000,26524.0000,67.4710,801.4439
100-200,kroA150,150,R_m30,32675160063826321,42035.0000,26524.0000,58.4791,792.2894
100-200,kroA150,150,R_m30,32675160063826322,43181.0000,26524.0000,62.7997,747.3459
100-200,kroA150,150,R_m30,32675160063826323,38190.0000,26524.0000,43.9828,774.9585
100-200,kroA150,150,R_m30,32675160063826324,43558.0000,26524.0000,64.2211,834.0290
100-200,kroB100,100,R_m30,10725596620949520044,32563.0000,22141.0000,47.0710,596.0631
100-200,kroB100,100,R_m30,10725596620949520045,34988.0000,22141.0000,58.0236,622.7330
100-200,kroB100,100,R_m30,10725596620949520046,31720.0000,22141.0000,43.2636,607.4047
100-200,kroB100,100,R_m30,10725596620949520047,30401.0000,22141.0000,37.3064,615.6233
100-200,kroB100,100,R_m30,10725596620949520048,33193.0000,22141.0000,49.9164,566.5846
100-200,kroB150,150,R_m30,10270662582240273103,39965.0000,26130.0000,52.9468,752.2723
100-200,kroB150,150,R_m30,10270662582240273104,42212.0000,26130.0000,61.5461,781.5026
100-200,kroB150,150,R_m30,10270662582240273105,44213.0000,26130.0000,69.2040,866.8333
100-200,kroB150,150,R_m30,10270662582240273106,43310.0000,26130.0000,65.7482,807.4000
100-200,kroB150,150,R_m30,10270662582240273107,45514.0000,26130.0000,74.1829,808.9865
100-200,kroC100,100,R_m30,2516839969416415211,29972.0000,20749.0000,44.4503,659.9985
100-200,kroC100,100,R_m30,2516839969416415212,30047.0000,20749.0000,44.8118,619.8652
100-200,kroC100,100,R_m30,2516839969416415213,29050.0000,20749.0000,40.0067,613.1364
100-200,kroC100,100,R_m30,2516839969416415214,32948.0000,20749.0000,58.7932,598.7013
100-200,kroC100,100,R_m30,2516839969416415215,31021.0000,20749.0000,49.5060,598.5765
100-200,kroD100,100,R_m30,12754827391592861994,29801.0000,21294.0000,39.9502,602.8398
100-200,kroD100,100,R_m30,12754827391592861995,30185.0000,21294.0000,41.7535,724.6529
100-200,kroD100,100,R_m30,12754827391592861996,29836.0000,21294.0000,40.1146,800.7096
100-200,kroD100,100,R_m30,12754827391592861997,32739.0000,21294.0000,53.7475,598.5555
100-200,kroD100,100,R_m30,12754827391592861998,33772.0000,21294.0000,58.5987,604.9434
100-200,kroE100,100,R_m30,4546070740059757161,30084.0000,22068.0000,36.3241,613.5722
100-200,kroE100,100,R_m30,4546070740059757162,31059.0000,22068.0000,40.7423,636.9354
100-200,kroE100,100,R_m30,4546070740059757163,31078.0000,22068.0000,40.8283,622.8891
100-200,kroE100,100,R_m30,4546070740059757164,30764.0000,22068.0000,39.4055,625.3525
100-200,kroE100,100,R_m30,4546070740059757165,34870.0000,22068.0000,58.0116,635.0287
100-200,lin105,105,R_m30,5608072585053785062,21513.0000,14379.0000,49.6140,622.4459
100-200,lin105,105,R_m30,5608072585053785063,21526.0000,14379.0000,49.7044,622.6778
100-200,lin105,105,R_m30,5608072585053785064,22931.0000,14379.0000,59.4756,616.8113
100-200,lin105,105,R_m30,5608072585053785065,22138.0000,14379.0000,53.9606,597.5373
100-200,lin105,105,R_m30,5608072585053785066,21611.0000,14379.0000,50.2956,610.6620
100-200,pr107,107,R_m30,6206537166087926511,52766.0000,44303.0000,19.1025,634.9870
100-200,pr107,107,R_m30,6206537166087926512,52774.0000,44303.0000,19.1206,645.4648
100-200,pr107,107,R_m30,6206537166087926513,53177.0000,44303.0000,20.0302,630.6156
100-200,pr107,107,R_m30,6206537166087926514,53151.0000,44303.0000,19.9716,663.0928
100-200,pr107,107,R_m30,6206537166087926515,52381.0000,44303.0000,18.2335,648.5756
100-200,pr124,124,R_m30,12757596582257220982,93320.0000,59030.0000,58.0891,697.6528
100-200,pr124,124,R_m30,12757596582257220983,91597.0000,59030.0000,55.1703,673.6845
100-200,pr124,124,R_m30,12757596582257220984,93263.0000,59030.0000,57.9925,699.0897
100-200,pr124,124,R_m30,12757596582257220985,91687.0000,59030.0000,55.3227,670.9173
100-200,pr124,124,R_m30,12757596582257220986,96537.0000,59030.0000,63.5389,692.8559
100-200,pr136,136,R_m30,10637486963241316311,165925.0000,96772.0000,71.4597,740.8858
100-200,pr136,136,R_m30,10637486963241316312,177877.0000,96772.0000,83.8104,752.7331
100-200,pr136,136,R_m30,10637486963241316313,193761.0000,96772.0000,100.2242,720.4422
100-200,pr136,136,R_m30,10637486963241316314,141581.0000,96772.0000,46.3037,756.1921
100-200,pr136,136,R_m30,10637486963241316315,148614.0000,96772.0000,53.5713,736.6690
100-200,pr144,144,R_m30,1507576522547791236,92580.0000,58537.0000,58.1564,750.8599
100-200,pr144,144,R_m30,1507576522547791237,92442.0000,58537.0000,57.9206,794.4973
100-200,pr144,144,R_m30,1507576522547791238,92442.0000,58537.0000,57.9206,761.5522
100-200,pr144,144,R_m30,1507576522547791239,92417.0000,58537.0000,57.8779,761.0069
100-200,pr144,144,R_m30,1507576522547791240,92580.0000,58537.0000,58.1564,832.3590
100-200,pr152,152,R_m30,10824410155563817777,120540.0000,73682.0000,63.5949,856.0033
100-200,pr152,152,R_m30,10824410155563817778,131408.0000,73682.0000,78.3448,809.9160
100-200,pr152,152,R_m30,10824410155563817779,122058.0000,73682.0000,65.6551,821.7704
100-200,pr152,152,R_m30,10824410155563817780,132541.0000,73682.0000,79.8825,834.9212
100-200,pr152,152,R_m30,10824410155563817781,109802.0000,73682.0000,49.0215,795.9965
100-200,rat195,195,R_m30,2311098810881326849,3470.0000,2323.0000,49.3758,962.3837
100-200,rat195,195,R_m30,2311098810881326850,3385.0000,2323.0000,45.7167,929.3818
100-200,rat195,195,R_m30,2311098810881326851,3121.0000,2323.0000,34.3521,951.8028
100-200,rat195,195,R_m30,2311098810881326852,3641.0000,2323.0000,56.7370,1002.1100
100-200,rat195,195,R_m30,2311098810881326853,3498.0000,2323.0000,50.5811,966.4356
100-200,rd100,100,R_m30,10368014348129709500,10887.0000,7910.0000,37.6359,597.6795
100-200,rd100,100,R_m30,10368014348129709501,11645.0000,7910.0000,47.2187,595.6159
100-200,rd100,100,R_m30,10368014348129709502,11561.0000,7910.0000,46.1568,602.8030
100-200,rd100,100,R_m30,10368014348129709503,10472.0000,7910.0000,32.3894,628.0336
100-200,rd100,100,R_m30,10368014348129709504,11284.0000,7910.0000,42.6549,629.1561
100-200,si175,175,R_m30,2450737109306285894,23291.0000,21407.0000,8.8009,911.8036
100-200,si175,175,R_m30,2450737109306285895,23018.0000,21407.0000,7.5256,900.8734
100-200,si175,175,R_m30,2450737109306285896,23256.0000,21407.0000,8.6374,927.0383
100-200,si175,175,R_m30,2450737109306285897,23415.0000,21407.0000,9.3801,919.3734
100-200,si175,175,R_m30,2450737109306285898,23306.0000,21407.0000,8.8709,901.1298
100-200,u159,159,R_m30,12525621437910117517,42981.0000,42080.0000,2.1412,826.8006
100-200,u159,159,R_m30,12525621437910117518,42981.0000,42080.0000,2.1412,916.3092
100-200,u159,159,R_m30,12525621437910117519,42981.0000,42080.0000,2.1412,932.5760
100-200,u159,159,R_m30,12525621437910117520,42981.0000,42080.0000,2.1412,849.8579
100-200,u159,159,R_m30,12525621437910117521,42981.0000,42080.0000,2.1412,920.9667
100-200,bier127,127,R_m50,2701504968552580545,143679.0000,118282.0000,21.4716,705.7988
100-200,bier127,127,R_m50,2701504968552580546,146621.0000,118282.0000,23.9588,742.5808
100-200,bier127,127,R_m50,2701504968552580547,155229.0000,118282.0000,31.2364,722.4107
100-200,bier127,127,R_m50,2701504968552580548,155031.0000,118282.0000,31.0690,734.5079
100-200,bier127,127,R_m50,2701504968552580549,144741.0000,118282.0000,22.3694,737.9977
100-200,brg180,180,R_m50,10804459488582406241,6100.0000,1950.0000,212.8205,973.2050
100-200,brg180,180,R_m50,10804459488582406242,2700.0000,1950.0000,38.4615,919.1486
100-200,brg180,180,R_m50,10804459488582406243,2550.0000,1950.0000,30.7692,931.9586
100-200,brg180,180,R_m50,10804459488582406244,2560.0000,1950.0000,31.2821,944.9431
100-200,brg180,180,R_m50,10804459488582406245,2560.0000,1950.0000,31.2821,902.7251
100-200,ch130,130,R_m50,11703551592533438084,9004.0000,6110.0000,47.3650,729.9609
100-200,ch130,130,R_m50,11703551592533438085,9273.0000,6110.0000,51.7676,740.0370
100-200,ch130,130,R_m50,11703551592533438086,8924.0000,6110.0000,46.0556,789.4200
100-200,ch130,130,R_m50,11703551592533438087,8917.0000,6110.0000,45.9411,719.6601
100-200,ch130,130,R_m50,11703551592533438088,9170.0000,6110.0000,50.0818,760.6622
100-200,ch150,150,R_m50,453531532824008338,9769.0000,6528.0000,49.6477,816.0497
100-200,ch150,150,R_m50,453531532824008339,10145.0000,6528.0000,55.4075,809.8772
100-200,ch150,150,R_m50,453531532824008340,10394.0000,6528.0000,59.2218,778.8877
100-200,ch150,150,R_m50,453531532824008341,10122.0000,6528.0000,55.0551,892.3583
100-200,ch150,150,R_m50,453531532824008342,10265.0000,6528.0000,57.2457,839.1822
100-200,d198,198,R_m50,8706287575207690427,20337.0000,15780.0000,28.8783,996.7140
100-200,d198,198,R_m50,8706287575207690428,20272.0000,15780.0000,28.4664,1031.5745
100-200,d198,198,R_m50,8706287575207690429,20446.0000,15780.0000,29.5691,1010.3325
100-200,d198,198,R_m50,8706287575207690430,20703.0000,15780.0000,31.1977,987.7819
100-200,d198,198,R_m50,8706287575207690431,20524.0000,15780.0000,30.0634,1021.8742
100-200,eil101,101,R_m50,18196383960608798993,781.0000,629.0000,24.1653,642.4451
100-200,eil101,101,R_m50,18196383960608798994,783.0000,629.0000,24.4833,631.4838
100-200,eil101,101,R_m50,18196383960608798995,786.0000,629.0000,24.9603,619.3041
100-200,eil101,101,R_m50,18196383960608798996,749.0000,629.0000,19.0779,648.6861
100-200,eil101,101,R_m50,18196383960608798997,817.0000,629.0000,29.8887,615.9008
100-200,gr120,120,R_m50,14954227209728680935,10802.0000,6942.0000,55.6036,705.2541
100-200,gr120,120,R_m50,14954227209728680936,8904.0000,6942.0000,28.2627,680.6655
100-200,gr120,120,R_m50,14954227209728680937,9780.0000,6942.0000,40.8816,708.0201
100-200,gr120,120,R_m50,14954227209728680938,10072.0000,6942.0000,45.0879,765.8769
100-200,gr120,120,R_m50,14954227209728680939,9986.0000,6942.0000,43.8490,699.0641
100-200,gr137,137,R_m50,7761310562527638057,87796.0000,69853.0000,25.6868,691.0831
100-200,gr137,137,R_m50,7761310562527638058,86744.0000,69853.0000,24.1808,671.5178
100-200,gr137,137,R_m50,7761310562527638059,87758.0000,69853.0000,25.6324,740.0765
100-200,gr137,137,R_m50,7761310562527638060,86211.0000,69853.0000,23.4177,748.6995
100-200,gr137,137,R_m50,7761310562527638061,86765.0000,69853.0000,24.2108,771.0544
100-200,kroA100,100,R_m50,1434513416946920967,30920.0000,21282.0000,45.2871,640.3744
100-200,kroA100,100,R_m50,1434513416946920968,29913.0000,21282.0000,40.5554,535.4867
100-200,kroA100,100,R_m50,1434513416946920969,33190.0000,21282.0000,55.9534,533.9585
100-200,kroA100,100,R_m50,1434513416946920970,31569.0000,21282.0000,48.3366,629.9527
100-200,kroA100,100,R_m50,1434513416946920971,31246.0000,21282.0000,46.8189,622.2844
100-200,kroA150,150,R_m50,979579378237674026,42703.0000,26524.0000,60.9976,864.9596
100-200,kroA150,150,R_m50,979579378237674027,43062.0000,26524.0000,62.3511,890.3026
100-200,kroA150,150,R_m50,979579378237674028,36181.0000,26524.0000,36.4085,803.1201
100-200,kroA150,150,R_m50,979579378237674029,41609.0000,26524.0000,56.8730,822.5701
100-200,kroA150,150,R_m50,979579378237674030,43582.0000,26524.0000,64.3116,847.7433
100-200,kroB100,100,R_m50,11672500839123367750,29494.0000,22141.0000,33.2099,629.1323
100-200,kroB100,100,R_m50,11672500839123367751,31278.0000,22141.0000,41.2673,523.7139
100-200,kroB100,100,R_m50,11672500839123367752,31769.0000,22141.0000,43.4849,456.9475
100-200,kroB100,100,R_m50,11672500839123367753,29997.0000,22141.0000,35.4817,441.2719
100-200,kroB100,100,R_m50,11672500839123367754,32188.0000,22141.0000,45.3774,453.5140
100-200,kroB150,150,R_m50,11217566800414120809,41190.0000,26130.0000,57.6349,631.0368
100-200,kroB150,150,R_m50,11217566800414120810,43551.0000,26130.0000,66.6705,625.4111
100-200,kroB150,150,R_m50,11217566800414120811,42543.0000,26130.0000,62.8129,614.4055
100-200,kroB150,150,R_m50,11217566800414120812,39428.0000,26130.0000,50.8917,600.3492
100-200,kroB150,150,R_m50,11217566800414120813,40930.0000,26130.0000,56.6399,598.9573
100-200,kroC100,100,R_m50,3463744187590262917,27464.0000,20749.0000,32.3630,422.3842
100-200,kroC100,100,R_m50,3463744187590262918,31239.0000,20749.0000,50.5567,423.3778
100-200,kroC100,100,R_m50,3463744187590262919,31851.0000,20749.0000,53.5062,425.5976
100-200,kroC100,100,R_m50,3463744187590262920,31754.0000,20749.0000,53.0387,422.0152
100-200,kroC100,100,R_m50,3463744187590262921,31117.0000,20749.0000,49.9687,423.5106
100-200,kroD100,100,R_m50,13701731609766709700,28054.0000,21294.0000,31.7460,422.3372
100-200,kroD100,100,R_m50,13701731609766709701,29489.0000,21294.0000,38.4850,526.8287
100-200,kroD100,100,R_m50,13701731609766709702,29902.0000,21294.0000,40.4245,647.7077
100-200,kroD100,100,R_m50,13701731609766709703,27169.0000,21294.0000,27.5899,642.9693
100-200,kroD100,100,R_m50,13701731609766709704,31349.0000,21294.0000,47.2199,616.1024
100-200,kroE100,100,R_m50,5492974958233604867,31425.0000,22068.0000,42.4008,626.6584
100-200,kroE100,100,R_m50,5492974958233604868,30238.0000,22068.0000,37.0219,696.6904
100-200,kroE100,100,R_m50,5492974958233604869,30909.0000,22068.0000,40.0625,632.2554
100-200,kroE100,100,R_m50,5492974958233604870,31945.0000,22068.0000,44.7571,619.2339
100-200,kroE100,100,R_m50,5492974958233604871,29898.0000,22068.0000,35.4812,643.0578
100-200,lin105,105,R_m50,4629596979727120836,21637.0000,14379.0000,50.4764,696.7784
100-200,lin105,105,R_m50,4629596979727120837,20038.0000,14379.0000,39.3560,660.4994
100-200,lin105,105,R_m50,4629596979727120838,20111.0000,14379.0000,39.8637,657.4514
100-200,lin105,105,R_m50,4629596979727120839,23042.0000,14379.0000,60.2476,723.5605
100-200,lin105,105,R_m50,4629596979727120840,22327.0000,14379.0000,55.2751,662.8054
100-200,pr107,107,R_m50,3382771081511455545,52420.0000,44303.0000,18.3216,604.6233
100-200,pr107,107,R_m50,3382771081511455546,52329.0000,44303.0000,18.1162,616.2127
100-200,pr107,107,R_m50,3382771081511455547,51652.0000,44303.0000,16.5880,659.7088
100-200,pr107,107,R_m50,3382771081511455548,52431.0000,44303.0000,18.3464,679.7464
100-200,pr107,107,R_m50,3382771081511455549,52013.0000,44303.0000,17.4029,682.4440
100-200,pr124,124,R_m50,9933830497680750016,93142.0000,59030.0000,57.7876,754.1588
100-200,pr124,124,R_m50,9933830497680750017,93263.0000,59030.0000,57.9925,747.7426
100-200,pr124,124,R_m50,9933830497680750018,91866.0000,59030.0000,55.6260,788.2497
100-200,pr124,124,R_m50,9933830497680750019,93283.0000,59030.0000,58.0264,726.5685
100-200,pr124,124,R_m50,9933830497680750020,96105.0000,59030.0000,62.8070,759.6760
100-200,pr136,136,R_m50,7813720878664845345,148071.0000,96772.0000,53.0102,751.3757
100-200,pr136,136,R_m50,7813720878664845346,149834.0000,96772.0000,54.8320,758.8581
100-200,pr136,136,R_m50,7813720878664845347,156132.0000,96772.0000,61.3401,749.5534
100-200,pr136,136,R_m50,7813720878664845348,158635.0000,96772.0000,63.9265,769.1366
100-200,pr136,136,R_m50,7813720878664845349,151754.0000,96772.0000,56.8160,743.6007
100-200,pr144,144,R_m50,17130554511680871886,92442.0000,58537.0000,57.9206,824.7019
100-200,pr144,144,R_m50,17130554511680871887,92442.0000,58537.0000,57.9206,787.7858
100-200,pr144,144,R_m50,17130554511680871888,92442.0000,58537.0000,57.9206,785.1706
100-200,pr144,144,R_m50,17130554511680871889,91664.0000,58537.0000,56.5916,810.5410
100-200,pr144,144,R_m50,17130554511680871890,92304.0000,58537.0000,57.6849,777.2810
100-200,pr152,152,R_m50,8000644070987346811,123690.0000,73682.0000,67.8700,828.6967
100-200,pr152,152,R_m50,8000644070987346812,118050.0000,73682.0000,60.2155,786.5320
100-200,pr152,152,R_m50,8000644070987346813,132594.0000,73682.0000,79.9544,637.2771
100-200,pr152,152,R_m50,8000644070987346814,115878.0000,73682.0000,57.2677,621.7958
100-200,pr152,152,R_m50,8000644070987346815,127382.0000,73682.0000,72.8808,602.6704
100-200,rat195,195,R_m50,1332623205554662623,3584.0000,2323.0000,54.2833,744.4970
100-200,rat195,195,R_m50,1332623205554662624,3126.0000,2323.0000,34.5674,748.5195
100-200,rat195,195,R_m50,1332623205554662625,3410.0000,2323.0000,46.7929,777.7124
100-200,rat195,195,R_m50,1332623205554662626,3453.0000,2323.0000,48.6440,763.6968
100-200,rat195,195,R_m50,1332623205554662627,3317.0000,2323.0000,42.7895,745.5871
100-200,rd100,100,R_m50,7544248263553238534,11330.0000,7910.0000,43.2364,423.8933
100-200,rd100,100,R_m50,7544248263553238535,10414.0000,7910.0000,31.6561,441.2907
100-200,rd100,100,R_m50,7544248263553238536,10928.0000,7910.0000,38.1542,449.4080
100-200,rd100,100,R_m50,7544248263553238537,10970.0000,7910.0000,38.6852,458.0705
100-200,rd100,100,R_m50,7544248263553238538,11560.0000,7910.0000,46.1441,433.2982
100-200,si175,175,R_m50,18073715098439366544,23071.0000,21407.0000,7.7732,688.2926
100-200,si175,175,R_m50,18073715098439366545,22844.0000,21407.0000,6.7128,695.4091
100-200,si175,175,R_m50,18073715098439366546,23070.0000,21407.0000,7.7685,680.6842
100-200,si175,175,R_m50,18073715098439366547,22392.0000,21407.0000,4.6013,677.3526
100-200,si175,175,R_m50,18073715098439366548,23155.0000,21407.0000,8.1656,677.4724
100-200,u159,159,R_m50,8702065284667870459,42981.0000,42080.0000,2.1412,626.7703
100-200,u159,159,R_m50,8702065284667870460,42981.0000,42080.0000,2.1412,629.3588
100-200,u159,159,R_m50,8702065284667870461,42970.0000,42080.0000,2.1150,623.9807
100-200,u159,159,R_m50,8702065284667870462,42970.0000,42080.0000,2.1150,622.6450
100-200,u159,159,R_m50,8702065284667870463,42712.0000,42080.0000,1.5019,624.5790
100-200,bier127,127,R_x90,13533643908758914146,164719.0000,118282.0000,39.2596,496.9738
100-200,bier127,127,R_x90,13533643908758914147,148148.0000,118282.0000,25.2498,500.8879
100-200,bier127,127,R_x90,13533643908758914148,156342.0000,118282.0000,32.1773,498.5677
100-200,bier127,127,R_x90,13533643908758914149,155576.0000,118282.0000,31.5297,485.3964
100-200,bier127,127,R_x90,13533643908758914150,169203.0000,118282.0000,43.0505,484.6449
100-200,brg180,180,R_x90,4832109441030464364,9490.0000,1950.0000,386.6667,684.6603
100-200,brg180,180,R_x90,4832109441030464365,2530.0000,1950.0000,29.7436,674.9302
100-200,brg180,180,R_x90,4832109441030464366,2670.0000,1950.0000,36.9231,658.2164
100-200,brg180,180,R_x90,4832109441030464367,5980.0000,1950.0000,206.6667,651.2267
100-200,brg180,180,R_x90,4832109441030464368,2550.0000,1950.0000,30.7692,657.5926
100-200,ch130,130,R_x90,674403594083842909,8820.0000,6110.0000,44.3535,498.6552
100-200,ch130,130,R_x90,674403594083842910,9062.0000,6110.0000,48.3142,536.8230
100-200,ch130,130,R_x90,674403594083842911,10522.0000,6110.0000,72.2095,522.2149
100-200,ch130,130,R_x90,674403594083842912,10041.0000,6110.0000,64.3372,524.1698
100-200,ch130,130,R_x90,674403594083842913,10536.0000,6110.0000,72.4386,521.9218
100-200,ch150,150,R_x90,7871127608083964779,10184.0000,6528.0000,56.0049,574.9775
100-200,ch150,150,R_x90,7871127608083964780,11793.0000,6528.0000,80.6526,578.5812
100-200,ch150,150,R_x90,7871127608083964781,11082.0000,6528.0000,69.7610,586.1244
100-200,ch150,150,R_x90,7871127608083964782,11050.0000,6528.0000,69.2708,606.2505
100-200,ch150,150,R_x90,7871127608083964783,10740.0000,6528.0000,64.5221,586.2893
100-200,d198,198,R_x90,3975205877262157614,20473.0000,15780.0000,29.7402,745.6385
100-200,d198,198,R_x90,3975205877262157615,20921.0000,15780.0000,32.5792,746.8658
100-200,d198,198,R_x90,3975205877262157616,20501.0000,15780.0000,29.9176,774.5087
100-200,d198,198,R_x90,3975205877262157617,20222.0000,15780.0000,28.1496,822.3937
100-200,d198,198,R_x90,3975205877262157618,20328.0000,15780.0000,28.8213,782.7858
100-200,eil101,101,R_x90,12224033913056857116,804.0000,629.0000,27.8219,423.3309
100-200,eil101,101,R_x90,12224033913056857117,802.0000,629.0000,27.5040,427.4583
100-200,eil101,101,R_x90,12224033913056857118,818.0000,629.0000,30.0477,430.4839
100-200,eil101,101,R_x90,12224033913056857119,885.0000,629.0000,40.6995,421.0432
100-200,eil101,101,R_x90,12224033913056857120,806.0000,629.0000,28.1399,436.4842
100-200,gr120,120,R_x90,3925079211279085760,10094.0000,6942.0000,45.4048,502.7195
100-200,gr120,120,R_x90,3925079211279085761,10781.0000,6942.0000,55.3011,492.1581
100-200,gr120,120,R_x90,3925079211279085762,10041.0000,6942.0000,44.6413,495.6523
100-200,gr120,120,R_x90,3925079211279085763,10053.0000,6942.0000,44.8142,484.2664
100-200,gr120,120,R_x90,3925079211279085764,9817.0000,6942.0000,41.4146,489.0156
100-200,gr137,137,R_x90,15178906637787594498,89274.0000,69853.0000,27.8027,537.4391
100-200,gr137,137,R_x90,15178906637787594499,86469.0000,69853.0000,23.7871,516.3080
100-200,gr137,137,R_x90,15178906637787594500,85152.0000,69853.0000,21.9017,518.2220
100-200,gr137,137,R_x90,15178906637787594501,87787.0000,69853.0000,25.6739,533.5058
100-200,gr137,137,R_x90,15178906637787594502,87451.0000,69853.0000,25.1929,522.8090
100-200,kroA100,100,R_x90,12266652357153254568,34311.0000,21282.0000,61.2207,408.5687
100-200,kroA100,100,R_x90,12266652357153254569,30884.0000,21282.0000,45.1179,411.1787
100-200,kroA100,100,R_x90,12266652357153254570,29592.0000,21282.0000,39.0471,414.4769
100-200,kroA100,100,R_x90,12266652357153254571,33186.0000,21282.0000,55.9346,426.7767
100-200,kroA100,100,R_x90,12266652357153254572,30014.0000,21282.0000,41.0300,408.6534
100-200,kroA150,150,R_x90,11811718318444007627,44486.0000,26524.0000,67.7198,577.8042
100-200,kroA150,150,R_x90,11811718318444007628,41359.0000,26524.0000,55.9305,574.9222
100-200,kroA150,150,R_x90,11811718318444007629,47176.0000,26524.0000,77.8616,567.2168
100-200,kroA150,150,R_x90,11811718318444007630,48627.0000,26524.0000,83.3321,578.1408
100-200,kroA150,150,R_x90,11811718318444007631,45035.0000,26524.0000,69.7896,572.4976
100-200,kroB100,100,R_x90,4057895705620149735,30474.0000,22141.0000,37.6361,404.1606
100-200,kroB100,100,R_x90,4057895705620149736,32571.0000,22141.0000,47.1072,406.1726
100-200,kroB100,100,R_x90,4057895705620149737,32651.0000,22141.0000,47.4685,425.8348
100-200,kroB100,100,R_x90,4057895705620149738,31973.0000,22141.0000,44.4063,434.2007
100-200,kroB100,100,R_x90,4057895705620149739,31501.0000,22141.0000,42.2745,433.9429
100-200,kroB150,150,R_x90,3602961666910902794,43765.0000,26130.0000,67.4895,604.1196
100-200,kroB150,150,R_x90,3602961666910902795,42800.0000,26130.0000,63.7964,585.7747
100-200,kroB150,150,R_x90,3602961666910902796,43025.0000,26130.0000,64.6575,577.8272
100-200,kroB150,150,R_x90,3602961666910902797,40840.0000,26130.0000,56.2954,578.5763
100-200,kroB150,150,R_x90,3602961666910902798,47274.0000,26130.0000,80.9185,592.6632
100-200,kroC100,100,R_x90,14295883127796596518,30748.0000,20749.0000,48.1903,417.7973
100-200,kroC100,100,R_x90,14295883127796596519,30665.0000,20749.0000,47.7903,434.6352
100-200,kroC100,100,R_x90,14295883127796596520,34689.0000,20749.0000,67.1840,416.9939
100-200,kroC100,100,R_x90,14295883127796596521,37026.0000,20749.0000,78.4472,418.8209
100-200,kroC100,100,R_x90,14295883127796596522,28818.0000,20749.0000,38.8886,409.6352
100-200,kroD100,100,R_x90,6087126476263491685,30998.0000,21294.0000,45.5715,405.4042
100-200,kroD100,100,R_x90,6087126476263491686,28741.0000,21294.0000,34.9723,456.0485
100-200,kroD100,100,R_x90,6087126476263491687,31852.0000,21294.0000,49.5820,581.1299
100-200,kroD100,100,R_x90,6087126476263491688,31205.0000,21294.0000,46.5436,560.0172
100-200,kroD100,100,R_x90,6087126476263491689,34784.0000,21294.0000,63.3512,601.7534
100-200,kroE100,100,R_x90,16325113898439938468,33549.0000,22068.0000,52.0256,600.8001
100-200,kroE100,100,R_x90,16325113898439938469,33780.0000,22068.0000,53.0723,596.7578
100-200,kroE100,100,R_x90,16325113898439938470,31824.0000,22068.0000,44.2088,594.7352
100-200,kroE100,100,R_x90,16325113898439938471,28781.0000,22068.0000,30.4196,617.7887
100-200,kroE100,100,R_x90,16325113898439938472,32026.0000,22068.0000,45.1242,573.5458
100-200,lin105,105,R_x90,17103991005884730575,23763.0000,14379.0000,65.2618,612.9040
100-200,lin105,105,R_x90,17103991005884730576,22791.0000,14379.0000,58.5020,578.1481
100-200,lin105,105,R_x90,17103991005884730577,22737.0000,14379.0000,58.1264,604.3624
100-200,lin105,105,R_x90,17103991005884730578,23136.0000,14379.0000,60.9013,596.9866
100-200,lin105,105,R_x90,17103991005884730579,21154.0000,14379.0000,47.1173,670.6712
100-200,pr107,107,R_x90,10800367156771411986,52719.0000,44303.0000,18.9965,680.4784
100-200,pr107,107,R_x90,10800367156771411987,53506.0000,44303.0000,20.7729,627.3582
100-200,pr107,107,R_x90,10800367156771411988,53128.0000,44303.0000,19.9196,614.2224
100-200,pr107,107,R_x90,10800367156771411989,52296.0000,44303.0000,18.0417,668.7016
100-200,pr107,107,R_x90,10800367156771411990,53005.0000,44303.0000,19.6420,611.1210
100-200,pr124,124,R_x90,17351426572940706457,93286.0000,59030.0000,58.0315,647.9844
100-200,pr124,124,R_x90,17351426572940706458,91503.0000,59030.0000,55.0110,668.7622
100-200,pr124,124,R_x90,17351426572940706459,89582.0000,59030.0000,51.7567,655.5356
100-200,pr124,124,R_x90,17351426572940706460,94044.0000,59030.0000,59.3156,649.5240
100-200,pr124,124,R_x90,17351426572940706461,93256.0000,59030.0000,57.9807,688.7315
100-200,pr136,136,R_x90,15231316953924801786,158346.0000,96772.0000,63.6279,686.2575
100-200,pr136,136,R_x90,15231316953924801787,180110.0000,96772.0000,86.1179,706.2976
100-200,pr136,136,R_x90,15231316953924801788,190956.0000,96772.0000,97.3257,734.5619
100-200,pr136,136,R_x90,15231316953924801789,173810.0000,96772.0000,79.6077,751.3060
100-200,pr136,136,R_x90,15231316953924801790,177229.0000,96772.0000,83.1408,705.7390
100-200,pr144,144,R_x90,6101406513231276711,92442.0000,58537.0000,57.9206,704.9185
100-200,pr144,144,R_x90,6101406513231276712,92482.0000,58537.0000,57.9890,758.0292
100-200,pr144,144,R_x90,6101406513231276713,92442.0000,58537.0000,57.9206,747.5302
100-200,pr144,144,R_x90,6101406513231276714,92580.0000,58537.0000,58.1564,743.8579
100-200,pr144,144,R_x90,6101406513231276715,92438.0000,58537.0000,57.9138,749.9302
100-200,pr152,152,R_x90,15418240146247303252,128593.0000,73682.0000,74.5243,806.7918
100-200,pr152,152,R_x90,15418240146247303253,124001.0000,73682.0000,68.2921,781.1752
100-200,pr152,152,R_x90,15418240146247303254,126891.0000,73682.0000,72.2144,778.6835
100-200,pr152,152,R_x90,15418240146247303255,115886.0000,73682.0000,57.2786,777.5911
100-200,pr152,152,R_x90,15418240146247303256,127664.0000,73682.0000,73.2635,803.4191
100-200,rat195,195,R_x90,13807017231712272362,3511.0000,2323.0000,51.1408,945.1564
100-200,rat195,195,R_x90,13807017231712272363,3527.0000,2323.0000,51.8295,919.7797
100-200,rat195,195,R_x90,13807017231712272364,3203.0000,2323.0000,37.8820,888.1066
100-200,rat195,195,R_x90,13807017231712272365,3508.0000,2323.0000,51.0116,924.3601
100-200,rat195,195,R_x90,13807017231712272366,3315.0000,2323.0000,42.7034,928.1426
100-200,rd100,100,R_x90,14961844338813194975,12370.0000,7910.0000,56.3843,598.5629
100-200,rd100,100,R_x90,14961844338813194976,10007.0000,7910.0000,26.5107,576.1861
100-200,rd100,100,R_x90,14961844338813194977,10167.0000,7910.0000,28.5335,604.4053
100-200,rd100,100,R_x90,14961844338813194978,11349.0000,7910.0000,43.4766,528.2136
100-200,rd100,100,R_x90,14961844338813194979,11604.0000,7910.0000,46.7004,605.4839
100-200,si175,175,R_x90,7044567099989771369,23191.0000,21407.0000,8.3337,868.2813
100-200,si175,175,R_x90,7044567099989771370,23108.0000,21407.0000,7.9460,875.4463
100-200,si175,175,R_x90,7044567099989771371,23103.0000,21407.0000,7.9226,861.1356
100-200,si175,175,R_x90,7044567099989771372,23021.0000,21407.0000,7.5396,846.5189
100-200,si175,175,R_x90,7044567099989771373,23264.0000,21407.0000,8.6747,983.0568
100-200,u159,159,R_x90,3970983586722337646,42712.0000,42080.0000,1.5019,804.6572
100-200,u159,159,R_x90,3970983586722337647,42939.0000,42080.0000,2.0413,824.2962
100-200,u159,159,R_x90,3970983586722337648,42981.0000,42080.0000,2.1412,801.1268
100-200,u159,159,R_x90,3970983586722337649,42981.0000,42080.0000,2.1412,812.8824
100-200,u159,159,R_x90,3970983586722337650,42981.0000,42080.0000,2.1412,800.5129
