size_class,instance,dimension,config,seed,cost,reference_cost,gap_percent,time_ms
100-200,bier127,127,Greedy(start=0),0,135737.0000,118282.0000,14.7571,0.0367
100-200,brg180,180,Greedy(start=0),0,12360.0000,1950.0000,533.8462,0.0588
100-200,ch130,130,Greedy(start=0),0,7579.0000,6110.0000,24.0426,0.0378
100-200,ch150,150,Greedy(start=0),0,8191.0000,6528.0000,25.4749,0.0606
100-200,d198,198,Greedy(start=0),0,18240.0000,15780.0000,15.5894,0.0635
100-200,eil101,101,Greedy(start=0),0,803.0000,629.0000,27.6630,0.0228
100-200,gr120,120,Greedy(start=0),0,9351.0000,6942.0000,34.7018,0.0621
100-200,gr137,137,Greedy(start=0),0,93912.0000,69853.0000,34.4423,0.0359
100-200,kroA100,100,Greedy(start=0),0,27807.0000,21282.0000,30.6597,0.0417
100-200,kroA150,150,Greedy(start=0),0,33633.0000,26524.0000,26.8021,0.0573
100-200,kroB100,100,Greedy(start=0),0,29158.0000,22141.0000,31.6923,0.0328
100-200,kroB150,150,Greedy(start=0),0,34499.0000,26130.0000,32.0283,0.0998
100-200,kroC100,100,Greedy(start=0),0,26227.0000,20749.0000,26.4013,0.0210
100-200,kroD100,100,Greedy(start=0),0,26947.0000,21294.0000,26.5474,0.0386
100-200,kroE100,100,Greedy(start=0),0,27460.0000,22068.0000,24.4336,0.0219
100-200,lin105,105,Greedy(start=0),0,20356.0000,14379.0000,41.5676,0.0451
100-200,pr107,107,Greedy(start=0),0,46680.0000,44303.0000,5.3653,0.0224
100-200,pr124,124,Greedy(start=0),0,69297.0000,59030.0000,17.3929,0.0579
100-200,pr136,136,Greedy(start=0),0,120769.0000,96772.0000,24.7975,0.0501
100-200,pr144,144,Greedy(start=0),0,61652.0000,58537.0000,5.3214,0.0534
100-200,pr152,152,Greedy(start=0),0,85699.0000,73682.0000,16.3093,0.0570
100-200,rat195,195,Greedy(start=0),0,2752.0000,2323.0000,18.4675,0.0714
100-200,rd100,100,Greedy(start=0),0,9938.0000,7910.0000,25.6384,0.0298
100-200,si175,175,Greedy(start=0),0,22263.0000,21407.0000,3.9987,0.0728
100-200,u159,159,Greedy(start=0),0,54675.0000,42080.0000,29.9311,0.0556
100-200,bier127,127,budget_100x1200,10386389750577510618,155787.0000,118282.0000,31.7081,100.8076
100-200,bier127,127,budget_100x1200,10386389750577510619,165675.0000,118282.0000,40.0678,100.2385
100-200,bier127,127,budget_100x1200,10386389750577510620,163542.0000,118282.0000,38.2645,100.1051
100-200,bier127,127,budget_100x1200,10386389750577510621,156897.0000,118282.0000,32.6466,100.9186
100-200,bier127,127,budget_100x1200,10386389750577510622,151509.0000,118282.0000,28.0913,104.3375
100-200,bier127,127,budget_100x1200,10386389750577510623,155147.0000,118282.0000,31.1670,103.7735
100-200,bier127,127,budget_100x1200,10386389750577510624,161323.0000,118282.0000,36.3885,102.8201
100-200,bier127,127,budget_100x1200,10386389750577510625,154239.0000,118282.0000,30.3994,102.5823
100-200,bier127,127,budget_100x1200,10386389750577510626,158106.0000,118282.0000,33.6687,102.1671
100-200,bier127,127,budget_100x1200,10386389750577510627,153085.0000,118282.0000,29.4238,101.0341
100-200,brg180,180,budget_100x1200,3540751037812392852,9610.0000,1950.0000,392.8205,136.1868
100-200,brg180,180,budget_100x1200,3540751037812392853,9790.0000,1950.0000,402.0513,158.8124
100-200,brg180,180,budget_100x1200,3540751037812392854,6340.0000,1950.0000,225.1282,133.2579
100-200,brg180,180,budget_100x1200,3540751037812392855,2680.0000,1950.0000,37.4359,132.1288
100-200,brg180,180,budget_100x1200,3540751037812392856,2770.0000,1950.0000,42.0513,131.3478
100-200,brg180,180,budget_100x1200,3540751037812392857,6270.0000,1950.0000,221.5385,133.9615
100-200,brg180,180,budget_100x1200,3540751037812392858,2790.0000,1950.0000,43.0769,133.9487
100-200,brg180,180,budget_100x1200,3540751037812392859,2820.0000,1950.0000,44.6154,130.1195
100-200,brg180,180,budget_100x1200,3540751037812392860,6340.0000,1950.0000,225.1282,131.0044
100-200,brg180,180,budget_100x1200,3540751037812392861,9490.0000,1950.0000,386.6667,131.8638
100-200,ch130,130,budget_100x1200,242101375577379349,9075.0000,6110.0000,48.5270,102.4127
100-200,ch130,130,budget_100x1200,242101375577379350,9714.0000,6110.0000,58.9853,103.6102
100-200,ch130,130,budget_100x1200,242101375577379351,9787.0000,6110.0000,60.1800,102.3247
100-200,ch130,130,budget_100x1200,242101375577379352,9893.0000,6110.0000,61.9149,101.9521
100-200,ch130,130,budget_100x1200,242101375577379353,10308.0000,6110.0000,68.7070,103.5466
100-200,ch130,130,budget_100x1200,242101375577379354,9193.0000,6110.0000,50.4583,104.8523
100-200,ch130,130,budget_100x1200,242101375577379355,8883.0000,6110.0000,45.3846,103.8478
100-200,ch130,130,budget_100x1200,242101375577379356,9052.0000,6110.0000,48.1506,102.2605
100-200,ch130,130,budget_100x1200,242101375577379357,9571.0000,6110.0000,56.6448,102.1038
100-200,ch130,130,budget_100x1200,242101375577379358,9565.0000,6110.0000,56.5466,102.7006
100-200,ch150,150,budget_100x1200,7438825389577501219,10564.0000,6528.0000,61.8260,116.8140
100-200,ch150,150,budget_100x1200,7438825389577501220,10285.0000,6528.0000,57.5521,116.9052
100-200,ch150,150,budget_100x1200,7438825389577501221,10401.0000,6528.0000,59.3290,115.5067
100-200,ch150,150,budget_100x1200,7438825389577501222,10905.0000,6528.0000,67.0496,116.0146
100-200,ch150,150,budget_100x1200,7438825389577501223,10594.0000,6528.0000,62.2855,114.1754
100-200,ch150,150,budget_100x1200,7438825389577501224,11981.0000,6528.0000,83.5325,116.1774
100-200,ch150,150,budget_100x1200,7438825389577501225,10333.0000,6528.0000,58.2874,115.3210
100-200,ch150,150,budget_100x1200,7438825389577501226,10550.0000,6528.0000,61.6115,116.2232
100-200,ch150,150,budget_100x1200,7438825389577501227,11485.0000,6528.0000,75.9344,117.1233
100-200,ch150,150,budget_100x1200,7438825389577501228,11958.0000,6528.0000,83.1801,115.1779
100-200,d198,198,budget_100x1200,5098424582385592342,21006.0000,15780.0000,33.1179,144.1601
100-200,d198,198,budget_100x1200,5098424582385592343,21240.0000,15780.0000,34.6008,145.5092
100-200,d198,198,budget_100x1200,5098424582385592344,20976.0000,15780.0000,32.9278,146.5907
100-200,d198,198,budget_100x1200,5098424582385592345,20587.0000,15780.0000,30.4626,143.5279
100-200,d198,198,budget_100x1200,5098424582385592346,20823.0000,15780.0000,31.9582,144.0917
100-200,d198,198,budget_100x1200,5098424582385592347,21099.0000,15780.0000,33.7072,151.4047
100-200,d198,198,budget_100x1200,5098424582385592348,20646.0000,15780.0000,30.8365,141.8703
100-200,d198,198,budget_100x1200,5098424582385592349,21263.0000,15780.0000,34.7465,143.1962
100-200,d198,198,budget_100x1200,5098424582385592350,21322.0000,15780.0000,35.1204,143.4636
100-200,d198,198,budget_100x1200,5098424582385592351,20864.0000,15780.0000,32.2180,147.8406
100-200,eil101,101,budget_100x1200,10932675509838785604,778.0000,629.0000,23.6884,84.9590
100-200,eil101,101,budget_100x1200,10932675509838785605,781.0000,629.0000,24.1653,84.1939
100-200,eil101,101,budget_100x1200,10932675509838785606,815.0000,629.0000,29.5707,82.3176
100-200,eil101,101,budget_100x1200,10932675509838785607,924.0000,629.0000,46.8998,83.6498
100-200,eil101,101,budget_100x1200,10932675509838785608,786.0000,629.0000,24.9603,82.5763
100-200,eil101,101,budget_100x1200,10932675509838785609,873.0000,629.0000,38.7917,84.2681
100-200,eil101,101,budget_100x1200,10932675509838785610,815.0000,629.0000,29.5707,82.9244
100-200,eil101,101,budget_100x1200,10932675509838785611,825.0000,629.0000,31.1606,83.2280
100-200,eil101,101,budget_100x1200,10932675509838785612,805.0000,629.0000,27.9809,84.4205
100-200,eil101,101,budget_100x1200,10932675509838785613,820.0000,629.0000,30.3657,83.4554
100-200,gr120,120,budget_100x1200,3492776992772622200,11123.0000,6942.0000,60.2276,99.9334
100-200,gr120,120,budget_100x1200,3492776992772622201,10701.0000,6942.0000,54.1487,97.3844
100-200,gr120,120,budget_100x1200,3492776992772622202,9757.0000,6942.0000,40.5503,96.0595
100-200,gr120,120,budget_100x1200,3492776992772622203,10518.0000,6942.0000,51.5125,95.8532
100-200,gr120,120,budget_100x1200,3492776992772622204,10448.0000,6942.0000,50.5042,96.3391
100-200,gr120,120,budget_100x1200,3492776992772622205,10386.0000,6942.0000,49.6111,96.3064
100-200,gr120,120,budget_100x1200,3492776992772622206,9613.0000,6942.0000,38.4759,95.7898
100-200,gr120,120,budget_100x1200,3492776992772622207,9999.0000,6942.0000,44.0363,96.6549
100-200,gr120,120,budget_100x1200,3492776992772622208,9422.0000,6942.0000,35.7246,96.1265
100-200,gr120,120,budget_100x1200,3492776992772622209,9752.0000,6942.0000,40.4782,96.1973
100-200,gr137,137,budget_100x1200,14746604419281130938,83880.0000,69853.0000,20.0807,105.8844
100-200,gr137,137,budget_100x1200,14746604419281130939,88678.0000,69853.0000,26.9495,103.6969
100-200,gr137,137,budget_100x1200,14746604419281130940,89657.0000,69853.0000,28.3510,102.5040
100-200,gr137,137,budget_100x1200,14746604419281130941,88759.0000,69853.0000,27.0654,103.6021
100-200,gr137,137,budget_100x1200,14746604419281130942,86492.0000,69853.0000,23.8200,103.6907
100-200,gr137,137,budget_100x1200,14746604419281130943,84539.0000,69853.0000,21.0242,107.0510
100-200,gr137,137,budget_100x1200,14746604419281130944,87584.0000,69853.0000,25.3833,107.9195
100-200,gr137,137,budget_100x1200,14746604419281130945,88835.0000,69853.0000,27.1742,103.3152
100-200,gr137,137,budget_100x1200,14746604419281130946,88392.0000,69853.0000,26.5400,103.4506
100-200,gr137,137,budget_100x1200,14746604419281130947,87832.0000,69853.0000,25.7383,105.2140
100-200,kroA100,100,budget_100x1200,9119398198971851040,31712.0000,21282.0000,49.0086,82.5978
100-200,kroA100,100,budget_100x1200,9119398198971851041,32047.0000,21282.0000,50.5827,81.2249
100-200,kroA100,100,budget_100x1200,9119398198971851042,28638.0000,21282.0000,34.5644,81.3133
100-200,kroA100,100,budget_100x1200,9119398198971851043,31391.0000,21282.0000,47.5002,82.2125
100-200,kroA100,100,budget_100x1200,9119398198971851044,37331.0000,21282.0000,75.4111,82.0174
100-200,kroA100,100,budget_100x1200,9119398198971851045,33381.0000,21282.0000,56.8509,82.0078
100-200,kroA100,100,budget_100x1200,9119398198971851046,33769.0000,21282.0000,58.6740,81.1834
100-200,kroA100,100,budget_100x1200,9119398198971851047,30559.0000,21282.0000,43.5908,81.6723
100-200,kroA100,100,budget_100x1200,9119398198971851048,27466.0000,21282.0000,29.0574,82.3229
100-200,kroA100,100,budget_100x1200,9119398198971851049,30141.0000,21282.0000,41.6267,82.0189
100-200,kroA150,150,budget_100x1200,8664464160262604099,40134.0000,26524.0000,51.3120,117.4249
100-200,kroA150,150,budget_100x1200,8664464160262604100,45676.0000,26524.0000,72.2063,116.2646
100-200,kroA150,150,budget_100x1200,8664464160262604101,43602.0000,26524.0000,64.3870,116.0010
100-200,kroA150,150,budget_100x1200,8664464160262604102,47890.0000,26524.0000,80.5535,117.0838
100-200,kroA150,150,budget_100x1200,8664464160262604103,42254.0000,26524.0000,59.3048,117.8193
100-200,kroA150,150,budget_100x1200,8664464160262604104,45892.0000,26524.0000,73.0207,116.2766
100-200,kroA150,150,budget_100x1200,8664464160262604105,43469.0000,26524.0000,63.8855,114.3663
100-200,kroA150,150,budget_100x1200,8664464160262604106,40779.0000,26524.0000,53.7438,116.0529
100-200,kroA150,150,budget_100x1200,8664464160262604107,49027.0000,26524.0000,84.8401,115.2762
100-200,kroA150,150,budget_100x1200,8664464160262604108,41719.0000,26524.0000,57.2877,115.5923
100-200,kroB100,100,budget_100x1200,910641547438746207,31559.0000,22141.0000,42.5365,83.2881
100-200,kroB100,100,budget_100x1200,910641547438746208,29615.0000,22141.0000,33.7564,81.1090
100-200,kroB100,100,budget_100x1200,910641547438746209,30673.0000,22141.0000,38.5348,81.7798
100-200,kroB100,100,budget_100x1200,910641547438746210,32189.0000,22141.0000,45.3819,86.4877
100-200,kroB100,100,budget_100x1200,910641547438746211,27738.0000,22141.0000,25.2789,82.3002
100-200,kroB100,100,budget_100x1200,910641547438746212,29608.0000,22141.0000,33.7248,82.3467
100-200,kroB100,100,budget_100x1200,910641547438746213,28609.0000,22141.0000,29.2128,81.1058
100-200,kroB100,100,budget_100x1200,910641547438746214,32362.0000,22141.0000,46.1632,81.6588
100-200,kroB100,100,budget_100x1200,910641547438746215,29109.0000,22141.0000,31.4710,81.8132
100-200,kroB100,100,budget_100x1200,910641547438746216,30774.0000,22141.0000,38.9910,82.2184
100-200,kroB150,150,budget_100x1200,455707508729499266,50701.0000,26130.0000,94.0337,116.8440
100-200,kroB150,150,budget_100x1200,455707508729499267,46269.0000,26130.0000,77.0723,119.3091
100-200,kroB150,150,budget_100x1200,455707508729499268,50468.0000,26130.0000,93.1420,117.7389
100-200,kroB150,150,budget_100x1200,455707508729499269,44664.0000,26130.0000,70.9300,117.2941
100-200,kroB150,150,budget_100x1200,455707508729499270,48741.0000,26130.0000,86.5327,116.1181
100-200,kroB150,150,budget_100x1200,455707508729499271,46441.0000,26130.0000,77.7306,116.3038
100-200,kroB150,150,budget_100x1200,455707508729499272,46316.0000,26130.0000,77.2522,114.9435
100-200,kroB150,150,budget_100x1200,455707508729499273,43942.0000,26130.0000,68.1669,115.2829
100-200,kroB150,150,budget_100x1200,455707508729499274,42787.0000,26130.0000,63.7467,115.8455
100-200,kroB150,150,budget_100x1200,455707508729499275,46836.0000,26130.0000,79.2423,116.9669
100-200,kroC100,100,budget_100x1200,11148628969615192990,31084.0000,20749.0000,49.8096,83.3745
100-200,kroC100,100,budget_100x1200,11148628969615192991,30951.0000,20749.0000,49.1686,82.7915
100-200,kroC100,100,budget_100x1200,11148628969615192992,29532.0000,20749.0000,42.3298,82.2193
100-200,kroC100,100,budget_100x1200,11148628969615192993,28362.0000,20749.0000,36.6909,81.6308
100-200,kroC100,100,budget_100x1200,11148628969615192994,32812.0000,20749.0000,58.1377,81.8724
100-200,kroC100,100,budget_100x1200,11148628969615192995,30743.0000,20749.0000,48.1662,82.0042
100-200,kroC100,100,budget_100x1200,11148628969615192996,33538.0000,20749.0000,61.6367,82.1271
100-200,kroC100,100,budget_100x1200,11148628969615192997,33090.0000,20749.0000,59.4776,81.4399
100-200,kroC100,100,budget_100x1200,11148628969615192998,30626.0000,20749.0000,47.6023,84.9841
100-200,kroC100,100,budget_100x1200,11148628969615192999,30582.0000,20749.0000,47.3902,82.1386
100-200,kroD100,100,budget_100x1200,2939872318082088157,29922.0000,21294.0000,40.5185,83.9854
100-200,kroD100,100,budget_100x1200,2939872318082088158,30809.0000,21294.0000,44.6839,83.3899
100-200,kroD100,100,budget_100x1200,2939872318082088159,30569.0000,21294.0000,43.5569,84.4532
100-200,kroD100,100,budget_100x1200,2939872318082088160,29186.0000,21294.0000,37.0621,83.0902
100-200,kroD100,100,budget_100x1200,2939872318082088161,31386.0000,21294.0000,47.3936,82.1693
100-200,kroD100,100,budget_100x1200,2939872318082088162,29493.0000,21294.0000,38.5038,81.4078
100-200,kroD100,100,budget_100x1200,2939872318082088163,29899.0000,21294.0000,40.4104,83.4209
100-200,kroD100,100,budget_100x1200,2939872318082088164,28360.0000,21294.0000,33.1831,83.2956
100-200,kroD100,100,budget_100x1200,2939872318082088165,29265.0000,21294.0000,37.4331,82.2857
100-200,kroD100,100,budget_100x1200,2939872318082088166,33775.0000,21294.0000,58.6128,82.6272
100-200,kroE100,100,budget_100x1200,13177859740258534940,30051.0000,22068.0000,36.1746,83.9438
100-200,kroE100,100,budget_100x1200,13177859740258534941,30931.0000,22068.0000,40.1622,83.6091
100-200,kroE100,100,budget_100x1200,13177859740258534942,31310.0000,22068.0000,41.8796,82.2713
100-200,kroE100,100,budget_100x1200,13177859740258534943,32442.0000,22068.0000,47.0092,82.8295
100-200,kroE100,100,budget_100x1200,13177859740258534944,32295.0000,22068.0000,46.3431,82.2021
100-200,kroE100,100,budget_100x1200,13177859740258534945,33841.0000,22068.0000,53.3487,82.0372
100-200,kroE100,100,budget_100x1200,13177859740258534946,32202.0000,22068.0000,45.9217,81.5740
100-200,kroE100,100,budget_100x1200,13177859740258534947,30290.0000,22068.0000,37.2576,83.0232
100-200,kroE100,100,budget_100x1200,13177859740258534948,29733.0000,22068.0000,34.7336,82.7679
100-200,kroE100,100,budget_100x1200,13177859740258534949,34627.0000,22068.0000,56.9105,82.8775
100-200,lin105,105,budget_100x1200,15812632602666659063,20355.0000,14379.0000,41.5606,85.6436
100-200,lin105,105,budget_100x1200,15812632602666659064,21762.0000,14379.0000,51.3457,84.8248
100-200,lin105,105,budget_100x1200,15812632602666659065,19394.0000,14379.0000,34.8773,84.0417
100-200,lin105,105,budget_100x1200,15812632602666659066,20912.0000,14379.0000,45.4343,83.9706
100-200,lin105,105,budget_100x1200,15812632602666659067,20042.0000,14379.0000,39.3838,82.0764
100-200,lin105,105,budget_100x1200,15812632602666659068,22016.0000,14379.0000,53.1122,83.4414
100-200,lin105,105,budget_100x1200,15812632602666659069,22514.0000,14379.0000,56.5756,84.2567
100-200,lin105,105,budget_100x1200,15812632602666659070,21136.0000,14379.0000,46.9921,83.5803
100-200,lin105,105,budget_100x1200,15812632602666659071,20364.0000,14379.0000,41.6232,83.9676
100-200,lin105,105,budget_100x1200,15812632602666659072,23013.0000,14379.0000,60.0459,83.3069
100-200,pr107,107,budget_100x1200,10368064938264948426,53581.0000,44303.0000,20.9421,85.0681
100-200,pr107,107,budget_100x1200,10368064938264948427,53892.0000,44303.0000,21.6441,84.6251
100-200,pr107,107,budget_100x1200,10368064938264948428,53401.0000,44303.0000,20.5359,84.0158
100-200,pr107,107,budget_100x1200,10368064938264948429,53134.0000,44303.0000,19.9332,84.2017
100-200,pr107,107,budget_100x1200,10368064938264948430,53082.0000,44303.0000,19.8158,88.0635
100-200,pr107,107,budget_100x1200,10368064938264948431,52427.0000,44303.0000,18.3374,84.3798
100-200,pr107,107,budget_100x1200,10368064938264948432,53070.0000,44303.0000,19.7887,83.9679
100-200,pr107,107,budget_100x1200,10368064938264948433,53292.0000,44303.0000,20.2898,85.7496
100-200,pr107,107,budget_100x1200,10368064938264948434,52476.0000,44303.0000,18.4480,83.9573
100-200,pr107,107,budget_100x1200,10368064938264948435,53752.0000,44303.0000,21.3281,88.0991
100-200,pr124,124,budget_100x1200,16919124354434242897,93479.0000,59030.0000,58.3585,95.3205
100-200,pr124,124,budget_100x1200,16919124354434242898,96220.0000,59030.0000,63.0019,96.4215
100-200,pr124,124,budget_100x1200,16919124354434242899,85413.0000,59030.0000,44.6942,95.1909
100-200,pr124,124,budget_100x1200,16919124354434242900,94093.0000,59030.0000,59.3986,95.7015
100-200,pr124,124,budget_100x1200,16919124354434242901,96072.0000,59030.0000,62.7511,95.6308
100-200,pr124,124,budget_100x1200,16919124354434242902,93223.0000,59030.0000,57.9248,95.2081
100-200,pr124,124,budget_100x1200,16919124354434242903,93544.0000,59030.0000,58.4686,94.9643
100-200,pr124,124,budget_100x1200,16919124354434242904,95720.0000,59030.0000,62.1548,95.4499
100-200,pr124,124,budget_100x1200,16919124354434242905,90663.0000,59030.0000,53.5880,95.3921
100-200,pr124,124,budget_100x1200,16919124354434242906,92902.0000,59030.0000,57.3810,95.5720
100-200,pr136,136,budget_100x1200,14799014735418338226,175820.0000,96772.0000,81.6848,105.0526
100-200,pr136,136,budget_100x1200,14799014735418338227,142449.0000,96772.0000,47.2006,105.2836
100-200,pr136,136,budget_100x1200,14799014735418338228,153557.0000,96772.0000,58.6792,104.1000
100-200,pr136,136,budget_100x1200,14799014735418338229,184410.0000,96772.0000,90.5613,104.5273
100-200,pr136,136,budget_100x1200,14799014735418338230,162589.0000,96772.0000,68.0124,104.2066
100-200,pr136,136,budget_100x1200,14799014735418338231,170215.0000,96772.0000,75.8928,104.1013
100-200,pr136,136,budget_100x1200,14799014735418338232,166774.0000,96772.0000,72.3370,103.8742
100-200,pr136,136,budget_100x1200,14799014735418338233,169243.0000,96772.0000,74.8884,104.3421
100-200,pr136,136,budget_100x1200,14799014735418338234,170328.0000,96772.0000,76.0096,103.6101
100-200,pr136,136,budget_100x1200,14799014735418338235,180013.0000,96772.0000,86.0176,104.3394
100-200,pr144,144,budget_100x1200,5669104294724813151,89143.0000,58537.0000,52.2849,112.4644
100-200,pr144,144,budget_100x1200,5669104294724813152,92580.0000,58537.0000,58.1564,108.5592
100-200,pr144,144,budget_100x1200,5669104294724813153,92179.0000,58537.0000,57.4713,107.9339
100-200,pr144,144,budget_100x1200,5669104294724813154,92442.0000,58537.0000,57.9206,108.4208
100-200,pr144,144,budget_100x1200,5669104294724813155,86792.0000,58537.0000,48.2686,109.7753
100-200,pr144,144,budget_100x1200,5669104294724813156,92560.0000,58537.0000,58.1222,108.0829
100-200,pr144,144,budget_100x1200,5669104294724813157,92442.0000,58537.0000,57.9206,108.1321
100-200,pr144,144,budget_100x1200,5669104294724813158,92041.0000,58537.0000,57.2356,109.1717
100-200,pr144,144,budget_100x1200,5669104294724813159,92304.0000,58537.0000,57.6849,107.8811
100-200,pr144,144,budget_100x1200,5669104294724813160,92442.0000,58537.0000,57.9206,108.0743
100-200,pr152,152,budget_100x1200,14985937927740839692,141200.0000,73682.0000,91.6343,114.3401
100-200,pr152,152,budget_100x1200,14985937927740839693,142150.0000,73682.0000,92.9236,115.2819
100-200,pr152,152,budget_100x1200,14985937927740839694,125645.0000,73682.0000,70.5233,114.6890
100-200,pr152,152,budget_100x1200,14985937927740839695,137595.0000,73682.0000,86.7417,113.0207
100-200,pr152,152,budget_100x1200,14985937927740839696,128965.0000,73682.0000,75.0292,113.7910
100-200,pr152,152,budget_100x1200,14985937927740839697,129850.0000,73682.0000,76.2303,113.7358
100-200,pr152,152,budget_100x1200,14985937927740839698,131031.0000,73682.0000,77.8331,114.9900
100-200,pr152,152,budget_100x1200,14985937927740839699,136254.0000,73682.0000,84.9217,114.3900
100-200,pr152,152,budget_100x1200,14985937927740839700,126593.0000,73682.0000,71.8099,113.4230
100-200,pr152,152,budget_100x1200,14985937927740839701,132934.0000,73682.0000,80.4158,113.5482
100-200,rat195,195,budget_100x1200,12515658828494200850,3686.0000,2323.0000,58.6741,142.4716
100-200,rat195,195,budget_100x1200,12515658828494200851,3689.0000,2323.0000,58.8033,141.7411
100-200,rat195,195,budget_100x1200,12515658828494200852,3623.0000,2323.0000,55.9621,140.7400
100-200,rat195,195,budget_100x1200,12515658828494200853,3569.0000,2323.0000,53.6375,142.4844
100-200,rat195,195,budget_100x1200,12515658828494200854,3567.0000,2323.0000,53.5514,150.4425
100-200,rat195,195,budget_100x1200,12515658828494200855,3741.0000,2323.0000,61.0418,144.5346
100-200,rat195,195,budget_100x1200,12515658828494200856,3634.0000,2323.0000,56.4356,141.4964
100-200,rat195,195,budget_100x1200,12515658828494200857,3780.0000,2323.0000,62.7206,142.2338
100-200,rat195,195,budget_100x1200,12515658828494200858,3898.0000,2323.0000,67.8003,142.6844
100-200,rat195,195,budget_100x1200,12515658828494200859,3670.0000,2323.0000,57.9854,141.3284
100-200,rd100,100,budget_100x1200,14529542120306731415,11335.0000,7910.0000,43.2996,86.1277
100-200,rd100,100,budget_100x1200,14529542120306731416,11015.0000,7910.0000,39.2541,84.9026
100-200,rd100,100,budget_100x1200,14529542120306731417,10585.0000,7910.0000,33.8180,82.4470
100-200,rd100,100,budget_100x1200,14529542120306731418,11519.0000,7910.0000,45.6258,83.9669
100-200,rd100,100,budget_100x1200,14529542120306731419,10666.0000,7910.0000,34.8420,81.1153
100-200,rd100,100,budget_100x1200,14529542120306731420,10490.0000,7910.0000,32.6169,81.4572
100-200,rd100,100,budget_100x1200,14529542120306731421,10800.0000,7910.0000,36.5360,81.8208
100-200,rd100,100,budget_100x1200,14529542120306731422,10717.0000,7910.0000,35.4867,82.5219
100-200,rd100,100,budget_100x1200,14529542120306731423,11831.0000,7910.0000,49.5702,82.6930
100-200,rd100,100,budget_100x1200,14529542120306731424,10980.0000,7910.0000,38.8116,81.8570
100-200,si175,175,budget_100x1200,6612264881483307809,23065.0000,21407.0000,7.7451,129.7927
100-200,si175,175,budget_100x1200,6612264881483307810,23593.0000,21407.0000,10.2116,129.8776
100-200,si175,175,budget_100x1200,6612264881483307811,23448.0000,21407.0000,9.5343,132.3394
100-200,si175,175,budget_100x1200,6612264881483307812,23505.0000,21407.0000,9.8005,128.2468
100-200,si175,175,budget_100x1200,6612264881483307813,23423.0000,21407.0000,9.4175,129.3612
100-200,si175,175,budget_100x1200,6612264881483307814,23323.0000,21407.0000,8.9503,129.0322
100-200,si175,175,budget_100x1200,6612264881483307815,23357.0000,21407.0000,9.1092,131.7231
100-200,si175,175,budget_100x1200,6612264881483307816,23141.0000,21407.0000,8.1002,129.1414
100-200,si175,175,budget_100x1200,6612264881483307817,23392.0000,21407.0000,9.2727,128.7559
100-200,si175,175,budget_100x1200,6612264881483307818,22767.0000,21407.0000,6.3531,131.8699
100-200,u159,159,budget_100x1200,5094202291845772374,42981.0000,42080.0000,2.1412,119.5599
100-200,u159,159,budget_100x1200,5094202291845772375,43056.0000,42080.0000,2.3194,119.9192
100-200,u159,159,budget_100x1200,5094202291845772376,42981.0000,42080.0000,2.1412,118.0271
100-200,u159,159,budget_100x1200,5094202291845772377,42939.0000,42080.0000,2.0413,120.4272
100-200,u159,159,budget_100x1200,5094202291845772378,42712.0000,42080.0000,1.5019,118.0543
100-200,u159,159,budget_100x1200,5094202291845772379,42981.0000,42080.0000,2.1412,117.8412
100-200,u159,159,budget_100x1200,5094202291845772380,42645.0000,42080.0000,1.3427,118.7917
100-200,u159,159,budget_100x1200,5094202291845772381,42970.0000,42080.0000,2.1150,118.1535
100-200,u159,159,budget_100x1200,5094202291845772382,42981.0000,42080.0000,2.1412,121.1972
100-200,u159,159,budget_100x1200,5094202291845772383,42972.0000,42080.0000,2.1198,118.5448
100-200,bier127,127,elite_10,9408928133282978991,162459.0000,118282.0000,37.3489,76.9844
100-200,bier127,127,elite_10,9408928133282978992,162509.0000,118282.0000,37.3911,73.3480
100-200,bier127,127,elite_10,9408928133282978993,161138.0000,118282.0000,36.2321,73.4433
100-200,bier127,127,elite_10,9408928133282978994,148047.0000,118282.0000,25.1644,72.7975
100-200,bier127,127,elite_10,9408928133282978995,157362.0000,118282.0000,33.0397,72.9630
100-200,bier127,127,elite_10,9408928133282978996,165855.0000,118282.0000,40.2200,72.8836
100-200,bier127,127,elite_10,9408928133282978997,182648.0000,118282.0000,54.4174,72.1063
100-200,bier127,127,elite_10,9408928133282978998,167162.0000,118282.0000,41.3250,75.6903
100-200,bier127,127,elite_10,9408928133282978999,160531.0000,118282.0000,35.7189,73.1031
100-200,bier127,127,elite_10,9408928133282979000,161396.0000,118282.0000,36.4502,72.1518
100-200,brg180,180,elite_10,10151586990843342427,6250.0000,1950.0000,220.5128,97.4452
100-200,brg180,180,elite_10,10151586990843342428,2770.0000,1950.0000,42.0513,96.7482
100-200,brg180,180,elite_10,10151586990843342429,2690.0000,1950.0000,37.9487,95.2486
100-200,brg180,180,elite_10,10151586990843342430,6120.0000,1950.0000,213.8462,95.6919
100-200,brg180,180,elite_10,10151586990843342431,5990.0000,1950.0000,207.1795,95.4564
100-200,brg180,180,elite_10,10151586990843342432,6140.0000,1950.0000,214.8718,98.7771
100-200,brg180,180,elite_10,10151586990843342433,6190.0000,1950.0000,217.4359,95.9184
100-200,brg180,180,elite_10,10151586990843342434,2740.0000,1950.0000,40.5128,95.4864
100-200,brg180,180,elite_10,10151586990843342435,6100.0000,1950.0000,212.8205,94.8115
100-200,brg180,180,elite_10,10151586990843342436,9500.0000,1950.0000,387.1795,95.1438
100-200,ch130,130,elite_10,12825086555067310978,11941.0000,6110.0000,95.4337,76.6837
100-200,ch130,130,elite_10,12825086555067310979,11028.0000,6110.0000,80.4910,76.5603
100-200,ch130,130,elite_10,12825086555067310980,9770.0000,6110.0000,59.9018,75.2966
100-200,ch130,130,elite_10,12825086555067310981,11639.0000,6110.0000,90.4910,76.1642
100-200,ch130,130,elite_10,12825086555067310982,10479.0000,6110.0000,71.5057,76.8259
100-200,ch130,130,elite_10,12825086555067310983,10395.0000,6110.0000,70.1309,75.6292
100-200,ch130,130,elite_10,12825086555067310984,10006.0000,6110.0000,63.7643,77.0478
100-200,ch130,130,elite_10,12825086555067310985,9795.0000,6110.0000,60.3110,87.8469
100-200,ch130,130,elite_10,12825086555067310986,9958.0000,6110.0000,62.9787,73.2164
100-200,ch130,130,elite_10,12825086555067310987,10049.0000,6110.0000,64.4681,73.9007
100-200,ch150,150,elite_10,1575066495357881232,11182.0000,6528.0000,71.2929,85.7119
100-200,ch150,150,elite_10,1575066495357881233,12300.0000,6528.0000,88.4191,85.7497
100-200,ch150,150,elite_10,1575066495357881234,12248.0000,6528.0000,87.6225,85.5698
100-200,ch150,150,elite_10,1575066495357881235,12918.0000,6528.0000,97.8860,85.9457
100-200,ch150,150,elite_10,1575066495357881236,12971.0000,6528.0000,98.6979,84.3893
100-200,ch150,150,elite_10,1575066495357881237,12365.0000,6528.0000,89.4148,84.8485
100-200,ch150,150,elite_10,1575066495357881238,12744.0000,6528.0000,95.2206,84.6123
100-200,ch150,150,elite_10,1575066495357881239,10735.0000,6528.0000,64.4455,84.2033
100-200,ch150,150,elite_10,1575066495357881240,13721.0000,6528.0000,110.1869,86.7744
100-200,ch150,150,elite_10,1575066495357881241,12068.0000,6528.0000,84.8652,85.4470
100-200,d198,198,elite_10,14065812840577895269,21117.0000,15780.0000,33.8213,104.1619
100-200,d198,198,elite_10,14065812840577895270,20931.0000,15780.0000,32.6426,105.4239
100-200,d198,198,elite_10,14065812840577895271,21287.0000,15780.0000,34.8986,103.8482
100-200,d198,198,elite_10,14065812840577895272,21454.0000,15780.0000,35.9569,106.1194
100-200,d198,198,elite_10,14065812840577895273,21195.0000,15780.0000,34.3156,103.4619
100-200,d198,198,elite_10,14065812840577895274,21150.0000,15780.0000,34.0304,102.8638
100-200,d198,198,elite_10,14065812840577895275,21617.0000,15780.0000,36.9899,103.8845
100-200,d198,198,elite_10,14065812840577895276,20565.0000,15780.0000,30.3232,103.2309
100-200,d198,198,elite_10,14065812840577895277,20944.0000,15780.0000,32.7250,103.9490
100-200,d198,198,elite_10,14065812840577895278,20804.0000,15780.0000,31.8378,103.8607
100-200,eil101,101,elite_10,17543511462869735179,879.0000,629.0000,39.7456,61.7990
100-200,eil101,101,elite_10,17543511462869735180,863.0000,629.0000,37.2019,62.0113
100-200,eil101,101,elite_10,17543511462869735181,869.0000,629.0000,38.1558,60.6699
100-200,eil101,101,elite_10,17543511462869735182,841.0000,629.0000,33.7043,60.5312
100-200,eil101,101,elite_10,17543511462869735183,857.0000,629.0000,36.2480,59.8432
100-200,eil101,101,elite_10,17543511462869735184,870.0000,629.0000,38.3148,60.1701
100-200,eil101,101,elite_10,17543511462869735185,845.0000,629.0000,34.3402,61.8155
100-200,eil101,101,elite_10,17543511462869735186,863.0000,629.0000,37.2019,58.7996
100-200,eil101,101,elite_10,17543511462869735187,848.0000,629.0000,34.8172,61.1640
100-200,eil101,101,elite_10,17543511462869735188,890.0000,629.0000,41.4944,60.6844
100-200,gr120,120,elite_10,16075762172262553829,10370.0000,6942.0000,49.3806,70.7925
100-200,gr120,120,elite_10,16075762172262553830,10629.0000,6942.0000,53.1115,71.3181
100-200,gr120,120,elite_10,16075762172262553831,10519.0000,6942.0000,51.5269,70.9366
100-200,gr120,120,elite_10,16075762172262553832,10567.0000,6942.0000,52.2184,70.0918
100-200,gr120,120,elite_10,16075762172262553833,12116.0000,6942.0000,74.5318,70.7928
100-200,gr120,120,elite_10,16075762172262553834,10860.0000,6942.0000,56.4391,70.3837
100-200,gr120,120,elite_10,16075762172262553835,11065.0000,6942.0000,59.3921,70.8957
100-200,gr120,120,elite_10,16075762172262553836,12103.0000,6942.0000,74.3446,70.4205
100-200,gr120,120,elite_10,16075762172262553837,10329.0000,6942.0000,48.7900,70.9115
100-200,gr120,120,elite_10,16075762172262553838,10420.0000,6942.0000,50.1008,69.8691
100-200,gr137,137,elite_10,8882845525061510951,89142.0000,69853.0000,27.6137,78.6310
100-200,gr137,137,elite_10,8882845525061510952,89768.0000,69853.0000,28.5099,76.6596
100-200,gr137,137,elite_10,8882845525061510953,90627.0000,69853.0000,29.7396,74.6664
100-200,gr137,137,elite_10,8882845525061510954,89674.0000,69853.0000,28.3753,74.8088
100-200,gr137,137,elite_10,8882845525061510955,85991.0000,69853.0000,23.1028,75.1120
100-200,gr137,137,elite_10,8882845525061510956,88176.0000,69853.0000,26.2308,73.8830
100-200,gr137,137,elite_10,8882845525061510957,89783.0000,69853.0000,28.5313,75.0225
100-200,gr137,137,elite_10,8882845525061510958,91371.0000,69853.0000,30.8047,74.7094
100-200,gr137,137,elite_10,8882845525061510959,88182.0000,69853.0000,26.2394,75.9597
100-200,gr137,137,elite_10,8882845525061510960,89581.0000,69853.0000,28.2422,74.3631
100-200,kroA100,100,elite_10,8141936581677319413,34390.0000,21282.0000,61.5920,60.0654
100-200,kroA100,100,elite_10,8141936581677319414,34302.0000,21282.0000,61.1785,61.5595
100-200,kroA100,100,elite_10,8141936581677319415,35862.0000,21282.0000,68.5086,60.2952
100-200,kroA100,100,elite_10,8141936581677319416,31005.0000,21282.0000,45.6865,60.4432
100-200,kroA100,100,elite_10,8141936581677319417,36786.0000,21282.0000,72.8503,60.3136
100-200,kroA100,100,elite_10,8141936581677319418,33810.0000,21282.0000,58.8666,61.8755
100-200,kroA100,100,elite_10,8141936581677319419,31853.0000,21282.0000,49.6711,65.6180
100-200,kroA100,100,elite_10,8141936581677319420,33112.0000,21282.0000,55.5869,61.1937
100-200,kroA100,100,elite_10,8141936581677319421,34152.0000,21282.0000,60.4736,61.4030
100-200,kroA100,100,elite_10,8141936581677319422,32933.0000,21282.0000,54.7458,60.8278
100-200,kroA150,150,elite_10,7687002542968072472,52593.0000,26524.0000,98.2846,85.7763
100-200,kroA150,150,elite_10,7687002542968072473,49153.0000,26524.0000,85.3152,85.4077
100-200,kroA150,150,elite_10,7687002542968072474,50158.0000,26524.0000,89.1042,84.9054
100-200,kroA150,150,elite_10,7687002542968072475,54423.0000,26524.0000,105.1840,85.0389
100-200,kroA150,150,elite_10,7687002542968072476,50005.0000,26524.0000,88.5274,92.7596
100-200,kroA150,150,elite_10,7687002542968072477,55249.0000,26524.0000,108.2981,86.2151
100-200,kroA150,150,elite_10,7687002542968072478,46342.0000,26524.0000,74.7172,84.0081
100-200,kroA150,150,elite_10,7687002542968072479,53443.0000,26524.0000,101.4892,84.3663
100-200,kroA150,150,elite_10,7687002542968072480,56400.0000,26524.0000,112.6376,85.9682
100-200,kroA150,150,elite_10,7687002542968072481,49809.0000,26524.0000,87.7884,85.4782
100-200,kroB100,100,elite_10,18379924003853766196,29875.0000,22141.0000,34.9307,63.2902
100-200,kroB100,100,elite_10,18379924003853766197,34626.0000,22141.0000,56.3886,61.4563
100-200,kroB100,100,elite_10,18379924003853766198,33998.0000,22141.0000,53.5522,59.1130
100-200,kroB100,100,elite_10,18379924003853766199,31618.0000,22141.0000,42.8029,59.9985
100-200,kroB100,100,elite_10,18379924003853766200,30510.0000,22141.0000,37.7987,60.4257
100-200,kroB100,100,elite_10,18379924003853766201,32958.0000,22141.0000,48.8551,61.0022
100-200,kroB100,100,elite_10,18379924003853766202,32198.0000,22141.0000,45.4225,60.8248
100-200,kroB100,100,elite_10,18379924003853766203,31120.0000,22141.0000,40.5537,59.5420
100-200,kroB100,100,elite_10,18379924003853766204,33912.0000,22141.0000,53.1638,59.0474
100-200,kroB100,100,elite_10,18379924003853766205,32719.0000,22141.0000,47.7756,59.5652
100-200,kroB150,150,elite_10,17924989965144519255,48282.0000,26130.0000,84.7761,87.6076
100-200,kroB150,150,elite_10,17924989965144519256,48794.0000,26130.0000,86.7356,88.8870
100-200,kroB150,150,elite_10,17924989965144519257,48610.0000,26130.0000,86.0314,86.1723
100-200,kroB150,150,elite_10,17924989965144519258,46751.0000,26130.0000,78.9170,86.4703
100-200,kroB150,150,elite_10,17924989965144519259,48824.0000,26130.0000,86.8504,89.7345
100-200,kroB150,150,elite_10,17924989965144519260,46617.0000,26130.0000,78.4041,84.7612
100-200,kroB150,150,elite_10,17924989965144519261,55884.0000,26130.0000,113.8691,85.1870
100-200,kroB150,150,elite_10,17924989965144519262,52103.0000,26130.0000,99.3992,84.9576
100-200,kroB150,150,elite_10,17924989965144519263,52422.0000,26130.0000,100.6200,84.2072
100-200,kroB150,150,elite_10,17924989965144519264,45825.0000,26130.0000,75.3731,84.4194
100-200,kroC100,100,elite_10,10171167352320661363,32438.0000,20749.0000,56.3352,61.4287
100-200,kroC100,100,elite_10,10171167352320661364,34144.0000,20749.0000,64.5573,61.8498
100-200,kroC100,100,elite_10,10171167352320661365,33163.0000,20749.0000,59.8294,59.8274
100-200,kroC100,100,elite_10,10171167352320661366,32094.0000,20749.0000,54.6773,60.4971
100-200,kroC100,100,elite_10,10171167352320661367,31955.0000,20749.0000,54.0074,59.3800
100-200,kroC100,100,elite_10,10171167352320661368,34257.0000,20749.0000,65.1019,59.5874
100-200,kroC100,100,elite_10,10171167352320661369,31378.0000,20749.0000,51.2266,60.0695
100-200,kroC100,100,elite_10,10171167352320661370,32480.0000,20749.0000,56.5377,60.9876
100-200,kroC100,100,elite_10,10171167352320661371,32695.0000,20749.0000,57.5739,61.4251
100-200,kroC100,100,elite_10,10171167352320661372,31617.0000,20749.0000,52.3784,61.2895
100-200,kroD100,100,elite_10,1962410700787556530,34051.0000,21294.0000,59.9089,60.2987
100-200,kroD100,100,elite_10,1962410700787556531,28726.0000,21294.0000,34.9019,61.5255
100-200,kroD100,100,elite_10,1962410700787556532,31969.0000,21294.0000,50.1315,60.3023
100-200,kroD100,100,elite_10,1962410700787556533,32233.0000,21294.0000,51.3713,60.9442
100-200,kroD100,100,elite_10,1962410700787556534,32245.0000,21294.0000,51.4276,59.7738
100-200,kroD100,100,elite_10,1962410700787556535,30663.0000,21294.0000,43.9983,60.6473
100-200,kroD100,100,elite_10,1962410700787556536,32977.0000,21294.0000,54.8652,59.4689
100-200,kroD100,100,elite_10,1962410700787556537,28725.0000,21294.0000,34.8972,58.9366
100-200,kroD100,100,elite_10,1962410700787556538,28498.0000,21294.0000,33.8311,60.1787
100-200,kroD100,100,elite_10,1962410700787556539,31569.0000,21294.0000,48.2530,61.3980
100-200,kroE100,100,elite_10,12200398122964003313,28852.0000,22068.0000,30.7413,61.9551
100-200,kroE100,100,elite_10,12200398122964003314,29247.0000,22068.0000,32.5313,60.0632
100-200,kroE100,100,elite_10,12200398122964003315,33857.0000,22068.0000,53.4212,60.2756
100-200,kroE100,100,elite_10,12200398122964003316,34403.0000,22068.0000,55.8954,69.0269
100-200,kroE100,100,elite_10,12200398122964003317,34194.0000,22068.0000,54.9483,59.7071
100-200,kroE100,100,elite_10,12200398122964003318,31284.0000,22068.0000,41.7618,61.8516
100-200,kroE100,100,elite_10,12200398122964003319,32277.0000,22068.0000,46.2616,59.7776
100-200,kroE100,100,elite_10,12200398122964003320,32811.0000,22068.0000,48.6813,60.0271
100-200,kroE100,100,elite_10,12200398122964003321,34412.0000,22068.0000,55.9362,61.5281
100-200,kroE100,100,elite_10,12200398122964003322,32140.0000,22068.0000,45.6407,60.1915
100-200,lin105,105,elite_10,3976724481988057022,24279.0000,14379.0000,68.8504,61.3546
100-200,lin105,105,elite_10,3976724481988057023,21993.0000,14379.0000,52.9522,61.3229
100-200,lin105,105,elite_10,3976724481988057024,25197.0000,14379.0000,75.2347,60.5524
100-200,lin105,105,elite_10,3976724481988057025,21462.0000,14379.0000,49.2593,60.6756
100-200,lin105,105,elite_10,3976724481988057026,22606.0000,14379.0000,57.2154,60.0050
100-200,lin105,105,elite_10,3976724481988057027,21501.0000,14379.0000,49.5306,60.6955
100-200,lin105,105,elite_10,3976724481988057028,24820.0000,14379.0000,72.6128,60.5107
100-200,lin105,105,elite_10,3976724481988057029,19895.0000,14379.0000,38.3615,60.8899
100-200,lin105,105,elite_10,3976724481988057030,21187.0000,14379.0000,47.3468,60.4593
100-200,lin105,105,elite_10,3976724481988057031,22755.0000,14379.0000,58.2516,60.3371
100-200,pr107,107,elite_10,4504306044045328439,52903.0000,44303.0000,19.4118,61.0974
100-200,pr107,107,elite_10,4504306044045328440,52861.0000,44303.0000,19.3170,60.6511
100-200,pr107,107,elite_10,4504306044045328441,53124.0000,44303.0000,19.9106,61.7216
100-200,pr107,107,elite_10,4504306044045328442,52850.0000,44303.0000,19.2921,63.6020
100-200,pr107,107,elite_10,4504306044045328443,53218.0000,44303.0000,20.1228,65.2815
100-200,pr107,107,elite_10,4504306044045328444,52774.0000,44303.0000,19.1206,73.9726
100-200,pr107,107,elite_10,4504306044045328445,53573.0000,44303.0000,20.9241,61.7094
100-200,pr107,107,elite_10,4504306044045328446,52851.0000,44303.0000,19.2944,62.2799
100-200,pr107,107,elite_10,4504306044045328447,53321.0000,44303.0000,20.3553,60.0065
100-200,pr107,107,elite_10,4504306044045328448,53115.0000,44303.0000,19.8903,61.3302
100-200,pr124,124,elite_10,11055365460214622910,95688.0000,59030.0000,62.1006,70.5295
100-200,pr124,124,elite_10,11055365460214622911,91976.0000,59030.0000,55.8123,70.1885
100-200,pr124,124,elite_10,11055365460214622912,96526.0000,59030.0000,63.5202,68.7827
100-200,pr124,124,elite_10,11055365460214622913,96520.0000,59030.0000,63.5101,68.7251
100-200,pr124,124,elite_10,11055365460214622914,95094.0000,59030.0000,61.0944,67.8265
100-200,pr124,124,elite_10,11055365460214622915,95102.0000,59030.0000,61.1079,68.3021
100-200,pr124,124,elite_10,11055365460214622916,96099.0000,59030.0000,62.7969,68.9355
100-200,pr124,124,elite_10,11055365460214622917,96502.0000,59030.0000,63.4796,69.2089
100-200,pr124,124,elite_10,11055365460214622918,93499.0000,59030.0000,58.3923,69.4310
100-200,pr124,124,elite_10,11055365460214622919,96502.0000,59030.0000,63.4796,69.1222
100-200,pr136,136,elite_10,8935255841198718239,171831.0000,96772.0000,77.5627,76.8237
100-200,pr136,136,elite_10,8935255841198718240,171776.0000,96772.0000,77.5059,76.2970
100-200,pr136,136,elite_10,8935255841198718241,160541.0000,96772.0000,65.8961,75.2565
100-200,pr136,136,elite_10,8935255841198718242,186825.0000,96772.0000,93.0569,75.2303
100-200,pr136,136,elite_10,8935255841198718243,164385.0000,96772.0000,69.8684,75.2566
100-200,pr136,136,elite_10,8935255841198718244,168962.0000,96772.0000,74.5980,75.0074
100-200,pr136,136,elite_10,8935255841198718245,188718.0000,96772.0000,95.0130,75.6396
100-200,pr136,136,elite_10,8935255841198718246,178719.0000,96772.0000,84.6805,75.2906
100-200,pr136,136,elite_10,8935255841198718247,170574.0000,96772.0000,76.2638,75.6366
100-200,pr136,136,elite_10,8935255841198718248,164019.0000,96772.0000,69.4901,75.2546
100-200,pr144,144,elite_10,18252089474214744780,92452.0000,58537.0000,57.9377,79.6373
100-200,pr144,144,elite_10,18252089474214744781,91744.0000,58537.0000,56.7282,78.0114
100-200,pr144,144,elite_10,18252089474214744782,92459.0000,58537.0000,57.9497,79.6693
100-200,pr144,144,elite_10,18252089474214744783,92442.0000,58537.0000,57.9206,78.3338
100-200,pr144,144,elite_10,18252089474214744784,92451.0000,58537.0000,57.9360,78.4242
100-200,pr144,144,elite_10,18252089474214744785,91628.0000,58537.0000,56.5301,79.8926
100-200,pr144,144,elite_10,18252089474214744786,92893.0000,58537.0000,58.6911,78.6836
100-200,pr144,144,elite_10,18252089474214744787,92442.0000,58537.0000,57.9206,78.7657
100-200,pr144,144,elite_10,18252089474214744788,89890.0000,58537.0000,53.5610,78.9913
100-200,pr144,144,elite_10,18252089474214744789,92785.0000,58537.0000,58.5066,78.2919
100-200,pr152,152,elite_10,9122179033521219705,141295.0000,73682.0000,91.7633,85.1004
100-200,pr152,152,elite_10,9122179033521219706,145729.0000,73682.0000,97.7810,83.5650
100-200,pr152,152,elite_10,9122179033521219707,139102.0000,73682.0000,88.7869,82.3964
100-200,pr152,152,elite_10,9122179033521219708,138105.0000,73682.0000,87.4338,82.6318
100-200,pr152,152,elite_10,9122179033521219709,128972.0000,73682.0000,75.0387,82.4577
100-200,pr152,152,elite_10,9122179033521219710,144497.0000,73682.0000,96.1090,83.6219
100-200,pr152,152,elite_10,9122179033521219711,135094.0000,73682.0000,83.3474,90.4099
100-200,pr152,152,elite_10,9122179033521219712,145366.0000,73682.0000,97.2883,109.3558
100-200,pr152,152,elite_10,9122179033521219713,136176.0000,73682.0000,84.8158,88.3582
100-200,pr152,152,elite_10,9122179033521219714,132848.0000,73682.0000,80.2991,84.1978
100-200,rat195,195,elite_10,679750707815598809,3721.0000,2323.0000,60.1808,105.7836
100-200,rat195,195,elite_10,679750707815598810,3753.0000,2323.0000,61.5583,106.9587
100-200,rat195,195,elite_10,679750707815598811,3784.0000,2323.0000,62.8928,107.4348
100-200,rat195,195,elite_10,679750707815598812,3631.0000,2323.0000,56.3065,106.5995
100-200,rat195,195,elite_10,679750707815598813,3715.0000,2323.0000,59.9225,105.8721
100-200,rat195,195,elite_10,679750707815598814,3588.0000,2323.0000,54.4554,104.7979
100-200,rat195,195,elite_10,679750707815598815,3586.0000,2323.0000,54.3693,104.2131
100-200,rat195,195,elite_10,679750707815598816,3722.0000,2323.0000,60.2238,106.7676
100-200,rat195,195,elite_10,679750707815598817,3620.0000,2323.0000,55.8330,110.0089
100-200,rat195,195,elite_10,679750707815598818,3640.0000,2323.0000,56.6939,107.1365
100-200,rd100,100,elite_10,8665783226087111428,12129.0000,7910.0000,53.3375,60.2455
100-200,rd100,100,elite_10,8665783226087111429,12272.0000,7910.0000,55.1454,61.2896
100-200,rd100,100,elite_10,8665783226087111430,11957.0000,7910.0000,51.1631,72.7745
100-200,rd100,100,elite_10,8665783226087111431,12052.0000,7910.0000,52.3641,62.6822
100-200,rd100,100,elite_10,8665783226087111432,11382.0000,7910.0000,43.8938,63.6136
100-200,rd100,100,elite_10,8665783226087111433,11677.0000,7910.0000,47.6233,65.2566
100-200,rd100,100,elite_10,8665783226087111434,12150.0000,7910.0000,53.6030,61.4382
100-200,rd100,100,elite_10,8665783226087111435,12369.0000,7910.0000,56.3717,61.4437
100-200,rd100,100,elite_10,8665783226087111436,12539.0000,7910.0000,58.5209,61.4126
100-200,rd100,100,elite_10,8665783226087111437,10863.0000,7910.0000,37.3325,61.2607
100-200,si175,175,elite_10,748505987263687822,23307.0000,21407.0000,8.8756,97.0615
100-200,si175,175,elite_10,748505987263687823,23039.0000,21407.0000,7.6237,101.6500
100-200,si175,175,elite_10,748505987263687824,23479.0000,21407.0000,9.6791,101.7347
100-200,si175,175,elite_10,748505987263687825,23704.0000,21407.0000,10.7301,97.2013
100-200,si175,175,elite_10,748505987263687826,23695.0000,21407.0000,10.6881,95.6091
100-200,si175,175,elite_10,748505987263687827,24039.0000,21407.0000,12.2950,94.0167
100-200,si175,175,elite_10,748505987263687828,23439.0000,21407.0000,9.4922,94.2790
100-200,si175,175,elite_10,748505987263687829,23075.0000,21407.0000,7.7918,97.5068
100-200,si175,175,elite_10,748505987263687830,23072.0000,21407.0000,7.7778,96.9205
100-200,si175,175,elite_10,748505987263687831,23609.0000,21407.0000,10.2864,95.1134
100-200,u159,159,elite_10,14061590550038075301,42970.0000,42080.0000,2.1150,85.6424
100-200,u159,159,elite_10,14061590550038075302,42981.0000,42080.0000,2.1412,86.3365
100-200,u159,159,elite_10,14061590550038075303,43092.0000,42080.0000,2.4049,86.4337
100-200,u159,159,elite_10,14061590550038075304,42970.0000,42080.0000,2.1150,84.6387
100-200,u159,159,elite_10,14061590550038075305,43024.0000,42080.0000,2.2433,87.2768
100-200,u159,159,elite_10,14061590550038075306,42981.0000,42080.0000,2.1412,88.2019
100-200,u159,159,elite_10,14061590550038075307,42981.0000,42080.0000,2.1412,93.4794
100-200,u159,159,elite_10,14061590550038075308,42981.0000,42080.0000,2.1412,86.5744
100-200,u159,159,elite_10,14061590550038075309,42981.0000,42080.0000,2.1412,86.1242
100-200,u159,159,elite_10,14061590550038075310,43024.0000,42080.0000,2.2433,86.1830
100-200,bier127,127,c_m20_e10_t5,17134349716835374626,155349.0000,118282.0000,31.3378,95.3026
100-200,bier127,127,c_m20_e10_t5,17134349716835374627,170992.0000,118282.0000,44.5630,91.6047
100-200,bier127,127,c_m20_e10_t5,17134349716835374628,178774.0000,118282.0000,51.1422,91.5742
100-200,bier127,127,c_m20_e10_t5,17134349716835374629,180847.0000,118282.0000,52.8948,91.7663
100-200,bier127,127,c_m20_e10_t5,17134349716835374630,170990.0000,118282.0000,44.5613,91.6684
100-200,bier127,127,c_m20_e10_t5,17134349716835374631,162887.0000,118282.0000,37.7107,94.9491
100-200,bier127,127,c_m20_e10_t5,17134349716835374632,175310.0000,118282.0000,48.2136,94.4048
100-200,bier127,127,c_m20_e10_t5,17134349716835374633,180473.0000,118282.0000,52.5786,91.9231
100-200,bier127,127,c_m20_e10_t5,17134349716835374634,174470.0000,118282.0000,47.5034,93.4542
100-200,bier127,127,c_m20_e10_t5,17134349716835374635,173249.0000,118282.0000,46.4711,94.5270
100-200,brg180,180,c_m20_e10_t5,12463597118804450988,2620.0000,1950.0000,34.3590,124.8274
100-200,brg180,180,c_m20_e10_t5,12463597118804450989,9770.0000,1950.0000,401.0256,124.8665
100-200,brg180,180,c_m20_e10_t5,12463597118804450990,6240.0000,1950.0000,220.0000,125.1621
100-200,brg180,180,c_m20_e10_t5,12463597118804450991,16720.0000,1950.0000,757.4359,121.2585
100-200,brg180,180,c_m20_e10_t5,12463597118804450992,2810.0000,1950.0000,44.1026,122.1223
100-200,brg180,180,c_m20_e10_t5,12463597118804450993,6250.0000,1950.0000,220.5128,123.2907
100-200,brg180,180,c_m20_e10_t5,12463597118804450994,6400.0000,1950.0000,228.2051,122.5988
100-200,brg180,180,c_m20_e10_t5,12463597118804450995,2890.0000,1950.0000,48.2051,128.4259
100-200,brg180,180,c_m20_e10_t5,12463597118804450996,6260.0000,1950.0000,221.0256,126.5930
100-200,brg180,180,c_m20_e10_t5,12463597118804450997,16880.0000,1950.0000,765.6410,127.9614
100-200,ch130,130,c_m20_e10_t5,16222291653517618973,10861.0000,6110.0000,77.7578,124.8708
100-200,ch130,130,c_m20_e10_t5,16222291653517618974,10760.0000,6110.0000,76.1047,94.1576
100-200,ch130,130,c_m20_e10_t5,16222291653517618975,11115.0000,6110.0000,81.9149,94.5936
100-200,ch130,130,c_m20_e10_t5,16222291653517618976,11063.0000,6110.0000,81.0638,93.8602
100-200,ch130,130,c_m20_e10_t5,16222291653517618977,12150.0000,6110.0000,98.8543,94.1964
100-200,ch130,130,c_m20_e10_t5,16222291653517618978,10881.0000,6110.0000,78.0851,95.8257
100-200,ch130,130,c_m20_e10_t5,16222291653517618979,11354.0000,6110.0000,85.8265,102.2878
100-200,ch130,130,c_m20_e10_t5,16222291653517618980,11638.0000,6110.0000,90.4746,118.1779
100-200,ch130,130,c_m20_e10_t5,16222291653517618981,12236.0000,6110.0000,100.2619,92.7652
100-200,ch130,130,c_m20_e10_t5,16222291653517618982,10371.0000,6110.0000,69.7381,93.4702
100-200,ch150,150,c_m20_e10_t5,4972271593808189227,13382.0000,6528.0000,104.9939,105.8508
100-200,ch150,150,c_m20_e10_t5,4972271593808189228,12320.0000,6528.0000,88.7255,113.1807
100-200,ch150,150,c_m20_e10_t5,4972271593808189229,12704.0000,6528.0000,94.6078,111.1246
100-200,ch150,150,c_m20_e10_t5,4972271593808189230,13146.0000,6528.0000,101.3787,107.8240
100-200,ch150,150,c_m20_e10_t5,4972271593808189231,13328.0000,6528.0000,104.1667,108.9449
100-200,ch150,150,c_m20_e10_t5,4972271593808189232,13747.0000,6528.0000,110.5852,107.1867
100-200,ch150,150,c_m20_e10_t5,4972271593808189233,13314.0000,6528.0000,103.9522,109.2217
100-200,ch150,150,c_m20_e10_t5,4972271593808189234,12452.0000,6528.0000,90.7475,108.4841
100-200,ch150,150,c_m20_e10_t5,4972271593808189235,12214.0000,6528.0000,87.1017,105.9781
100-200,ch150,150,c_m20_e10_t5,4972271593808189236,12471.0000,6528.0000,91.0386,109.2523
100-200,d198,198,c_m20_e10_t5,13810116023410194542,21578.0000,15780.0000,36.7427,134.9212
100-200,d198,198,c_m20_e10_t5,13810116023410194543,21376.0000,15780.0000,35.4626,137.4467
100-200,d198,198,c_m20_e10_t5,13810116023410194544,21480.0000,15780.0000,36.1217,135.7287
100-200,d198,198,c_m20_e10_t5,13810116023410194545,21545.0000,15780.0000,36.5336,133.9573
100-200,d198,198,c_m20_e10_t5,13810116023410194546,21426.0000,15780.0000,35.7795,136.2476
100-200,d198,198,c_m20_e10_t5,13810116023410194547,21659.0000,15780.0000,37.2560,136.0509
100-200,d198,198,c_m20_e10_t5,13810116023410194548,21462.0000,15780.0000,36.0076,134.9341
100-200,d198,198,c_m20_e10_t5,13810116023410194549,21106.0000,15780.0000,33.7516,133.8943
100-200,d198,198,c_m20_e10_t5,13810116023410194550,21433.0000,15780.0000,35.8238,132.3523
100-200,d198,198,c_m20_e10_t5,13810116023410194551,21498.0000,15780.0000,36.2357,133.4335
100-200,eil101,101,c_m20_e10_t5,1408777517121292124,906.0000,629.0000,44.0382,79.8109
100-200,eil101,101,c_m20_e10_t5,1408777517121292125,941.0000,629.0000,49.6025,75.3220
100-200,eil101,101,c_m20_e10_t5,1408777517121292126,920.0000,629.0000,46.2639,76.3413
100-200,eil101,101,c_m20_e10_t5,1408777517121292127,962.0000,629.0000,52.9412,76.9594
100-200,eil101,101,c_m20_e10_t5,1408777517121292128,906.0000,629.0000,44.0382,76.4686
100-200,eil101,101,c_m20_e10_t5,1408777517121292129,874.0000,629.0000,38.9507,76.4733
100-200,eil101,101,c_m20_e10_t5,1408777517121292130,928.0000,629.0000,47.5358,75.9789
100-200,eil101,101,c_m20_e10_t5,1408777517121292131,919.0000,629.0000,46.1049,75.8141
100-200,eil101,101,c_m20_e10_t5,1408777517121292132,997.0000,629.0000,58.5056,76.6256
100-200,eil101,101,c_m20_e10_t5,1408777517121292133,906.0000,629.0000,44.0382,75.7961
100-200,gr120,120,c_m20_e10_t5,1026223197003310208,11800.0000,6942.0000,69.9798,89.0995
100-200,gr120,120,c_m20_e10_t5,1026223197003310209,10723.0000,6942.0000,54.4656,88.2067
100-200,gr120,120,c_m20_e10_t5,1026223197003310210,11851.0000,6942.0000,70.7145,87.5434
100-200,gr120,120,c_m20_e10_t5,1026223197003310211,12786.0000,6942.0000,84.1832,87.9335
100-200,gr120,120,c_m20_e10_t5,1026223197003310212,11600.0000,6942.0000,67.0988,91.0389
100-200,gr120,120,c_m20_e10_t5,1026223197003310213,12154.0000,6942.0000,75.0792,88.5091
100-200,gr120,120,c_m20_e10_t5,1026223197003310214,11689.0000,6942.0000,68.3809,86.9896
100-200,gr120,120,c_m20_e10_t5,1026223197003310215,11959.0000,6942.0000,72.2702,87.6770
100-200,gr120,120,c_m20_e10_t5,1026223197003310216,11323.0000,6942.0000,63.1086,88.0475
100-200,gr120,120,c_m20_e10_t5,1026223197003310217,11393.0000,6942.0000,64.1170,87.6830
100-200,gr137,137,c_m20_e10_t5,12280050623511818946,91973.0000,69853.0000,31.6665,97.1446
100-200,gr137,137,c_m20_e10_t5,12280050623511818947,90497.0000,69853.0000,29.5535,95.6773
100-200,gr137,137,c_m20_e10_t5,12280050623511818948,90859.0000,69853.0000,30.0717,96.5217
100-200,gr137,137,c_m20_e10_t5,12280050623511818949,89528.0000,69853.0000,28.1663,96.7434
100-200,gr137,137,c_m20_e10_t5,12280050623511818950,91433.0000,69853.0000,30.8934,96.6020
100-200,gr137,137,c_m20_e10_t5,12280050623511818951,90310.0000,69853.0000,29.2858,96.5022
100-200,gr137,137,c_m20_e10_t5,12280050623511818952,87880.0000,69853.0000,25.8071,98.0518
100-200,gr137,137,c_m20_e10_t5,12280050623511818953,90390.0000,69853.0000,29.4003,98.3463
100-200,gr137,137,c_m20_e10_t5,12280050623511818954,90344.0000,69853.0000,29.3345,95.9393
100-200,gr137,137,c_m20_e10_t5,12280050623511818955,91335.0000,69853.0000,30.7532,96.6190
100-200,kroA100,100,c_m20_e10_t5,15867358165229715048,35318.0000,21282.0000,65.9524,75.2622
100-200,kroA100,100,c_m20_e10_t5,15867358165229715049,32939.0000,21282.0000,54.7740,74.8109
100-200,kroA100,100,c_m20_e10_t5,15867358165229715050,40707.0000,21282.0000,91.2743,75.8064
100-200,kroA100,100,c_m20_e10_t5,15867358165229715051,38473.0000,21282.0000,80.7772,97.9354
100-200,kroA100,100,c_m20_e10_t5,15867358165229715052,41522.0000,21282.0000,95.1038,86.3206
100-200,kroA100,100,c_m20_e10_t5,15867358165229715053,44417.0000,21282.0000,108.7069,79.6815
100-200,kroA100,100,c_m20_e10_t5,15867358165229715054,34525.0000,21282.0000,62.2263,80.7582
100-200,kroA100,100,c_m20_e10_t5,15867358165229715055,35995.0000,21282.0000,69.1335,79.7541
100-200,kroA100,100,c_m20_e10_t5,15867358165229715056,36522.0000,21282.0000,71.6098,78.5929
100-200,kroA100,100,c_m20_e10_t5,15867358165229715057,37717.0000,21282.0000,77.2249,77.8335
100-200,kroA150,150,c_m20_e10_t5,15412424126520468107,55453.0000,26524.0000,109.0673,117.7428
100-200,kroA150,150,c_m20_e10_t5,15412424126520468108,53272.0000,26524.0000,100.8445,119.1631
100-200,kroA150,150,c_m20_e10_t5,15412424126520468109,56314.0000,26524.0000,112.3134,115.9614
100-200,kroA150,150,c_m20_e10_t5,15412424126520468110,53728.0000,26524.0000,102.5637,114.3916
100-200,kroA150,150,c_m20_e10_t5,15412424126520468111,52109.0000,26524.0000,96.4598,114.8036
100-200,kroA150,150,c_m20_e10_t5,15412424126520468112,56902.0000,26524.0000,114.5302,113.2744
100-200,kroA150,150,c_m20_e10_t5,15412424126520468113,51060.0000,26524.0000,92.5049,110.3667
100-200,kroA150,150,c_m20_e10_t5,15412424126520468114,48158.0000,26524.0000,81.5639,106.6975
100-200,kroA150,150,c_m20_e10_t5,15412424126520468115,50740.0000,26524.0000,91.2984,125.2553
100-200,kroA150,150,c_m20_e10_t5,15412424126520468116,49968.0000,26524.0000,88.3879,108.1232
100-200,kroB100,100,c_m20_e10_t5,7658601513696610215,34788.0000,22141.0000,57.1203,78.9075
100-200,kroB100,100,c_m20_e10_t5,7658601513696610216,36471.0000,22141.0000,64.7216,79.1840
100-200,kroB100,100,c_m20_e10_t5,7658601513696610217,32829.0000,22141.0000,48.2724,77.7181
100-200,kroB100,100,c_m20_e10_t5,7658601513696610218,38166.0000,22141.0000,72.3770,78.0153
100-200,kroB100,100,c_m20_e10_t5,7658601513696610219,37671.0000,22141.0000,70.1414,78.8597
100-200,kroB100,100,c_m20_e10_t5,7658601513696610220,38627.0000,22141.0000,74.4591,81.4446
100-200,kroB100,100,c_m20_e10_t5,7658601513696610221,36171.0000,22141.0000,63.3666,79.9130
100-200,kroB100,100,c_m20_e10_t5,7658601513696610222,41156.0000,22141.0000,85.8814,77.2190
100-200,kroB100,100,c_m20_e10_t5,7658601513696610223,32450.0000,22141.0000,46.5607,76.1487
100-200,kroB100,100,c_m20_e10_t5,7658601513696610224,34166.0000,22141.0000,54.3110,75.9410
100-200,kroB150,150,c_m20_e10_t5,7203667474987363274,56517.0000,26130.0000,116.2916,110.6861
100-200,kroB150,150,c_m20_e10_t5,7203667474987363275,55574.0000,26130.0000,112.6827,116.3392
100-200,kroB150,150,c_m20_e10_t5,7203667474987363276,58602.0000,26130.0000,124.2710,110.6219
100-200,kroB150,150,c_m20_e10_t5,7203667474987363277,52668.0000,26130.0000,101.5614,107.7712
100-200,kroB150,150,c_m20_e10_t5,7203667474987363278,48774.0000,26130.0000,86.6590,111.2310
100-200,kroB150,150,c_m20_e10_t5,7203667474987363279,49985.0000,26130.0000,91.2935,110.4191
100-200,kroB150,150,c_m20_e10_t5,7203667474987363280,49636.0000,26130.0000,89.9579,111.5534
100-200,kroB150,150,c_m20_e10_t5,7203667474987363281,55138.0000,26130.0000,111.0142,110.0970
100-200,kroB150,150,c_m20_e10_t5,7203667474987363282,49061.0000,26130.0000,87.7574,105.8933
100-200,kroB150,150,c_m20_e10_t5,7203667474987363283,47769.0000,26130.0000,82.8129,108.9864
100-200,kroC100,100,c_m20_e10_t5,17896588935873056998,35363.0000,20749.0000,70.4323,77.3177
100-200,kroC100,100,c_m20_e10_t5,17896588935873056999,34581.0000,20749.0000,66.6635,76.8956
100-200,kroC100,100,c_m20_e10_t5,17896588935873057000,40941.0000,20749.0000,97.3155,79.0273
100-200,kroC100,100,c_m20_e10_t5,17896588935873057001,33879.0000,20749.0000,63.2802,77.3786
100-200,kroC100,100,c_m20_e10_t5,17896588935873057002,38796.0000,20749.0000,86.9777,78.5124
100-200,kroC100,100,c_m20_e10_t5,17896588935873057003,37863.0000,20749.0000,82.4811,76.1086
100-200,kroC100,100,c_m20_e10_t5,17896588935873057004,36105.0000,20749.0000,74.0084,75.6798
100-200,kroC100,100,c_m20_e10_t5,17896588935873057005,36615.0000,20749.0000,76.4663,75.5065
100-200,kroC100,100,c_m20_e10_t5,17896588935873057006,35839.0000,20749.0000,72.7264,76.0297
100-200,kroC100,100,c_m20_e10_t5,17896588935873057007,36715.0000,20749.0000,76.9483,76.1014
100-200,kroD100,100,c_m20_e10_t5,9687832284339952165,33822.0000,21294.0000,58.8335,76.2959
100-200,kroD100,100,c_m20_e10_t5,9687832284339952166,38239.0000,21294.0000,79.5764,75.0407
100-200,kroD100,100,c_m20_e10_t5,9687832284339952167,37235.0000,21294.0000,74.8615,75.0344
100-200,kroD100,100,c_m20_e10_t5,9687832284339952168,35596.0000,21294.0000,67.1645,75.2643
100-200,kroD100,100,c_m20_e10_t5,9687832284339952169,32792.0000,21294.0000,53.9964,75.6179
100-200,kroD100,100,c_m20_e10_t5,9687832284339952170,35509.0000,21294.0000,66.7559,81.8341
100-200,kroD100,100,c_m20_e10_t5,9687832284339952171,39062.0000,21294.0000,83.4413,77.5459
100-200,kroD100,100,c_m20_e10_t5,9687832284339952172,37177.0000,21294.0000,74.5891,74.2467
100-200,kroD100,100,c_m20_e10_t5,9687832284339952173,32340.0000,21294.0000,51.8738,76.8666
100-200,kroD100,100,c_m20_e10_t5,9687832284339952174,34634.0000,21294.0000,62.6468,75.9009
100-200,kroE100,100,c_m20_e10_t5,1479075632806847332,33371.0000,22068.0000,51.2190,76.2086
100-200,kroE100,100,c_m20_e10_t5,1479075632806847333,34877.0000,22068.0000,58.0433,78.1399
100-200,kroE100,100,c_m20_e10_t5,1479075632806847334,33220.0000,22068.0000,50.5347,76.4779
100-200,kroE100,100,c_m20_e10_t5,1479075632806847335,36312.0000,22068.0000,64.5459,77.3635
100-200,kroE100,100,c_m20_e10_t5,1479075632806847336,35158.0000,22068.0000,59.3167,76.5642
100-200,kroE100,100,c_m20_e10_t5,1479075632806847337,42640.0000,22068.0000,93.2210,76.7555
100-200,kroE100,100,c_m20_e10_t5,1479075632806847338,34879.0000,22068.0000,58.0524,114.0620
100-200,kroE100,100,c_m20_e10_t5,1479075632806847339,35515.0000,22068.0000,60.9344,140.8396
100-200,kroE100,100,c_m20_e10_t5,1479075632806847340,37049.0000,22068.0000,67.8856,132.8908
100-200,kroE100,100,c_m20_e10_t5,1479075632806847341,36067.0000,22068.0000,63.4357,115.5062
100-200,lin105,105,c_m20_e10_t5,6288734609949165583,24813.0000,14379.0000,72.5642,124.7431
100-200,lin105,105,c_m20_e10_t5,6288734609949165584,24435.0000,14379.0000,69.9353,138.6968
100-200,lin105,105,c_m20_e10_t5,6288734609949165585,25136.0000,14379.0000,74.8105,123.3673
100-200,lin105,105,c_m20_e10_t5,6288734609949165586,24659.0000,14379.0000,71.4931,122.3840
100-200,lin105,105,c_m20_e10_t5,6288734609949165587,25013.0000,14379.0000,73.9551,120.0249
100-200,lin105,105,c_m20_e10_t5,6288734609949165588,25113.0000,14379.0000,74.6505,129.3459
100-200,lin105,105,c_m20_e10_t5,6288734609949165589,23320.0000,14379.0000,62.1810,112.7663
100-200,lin105,105,c_m20_e10_t5,6288734609949165590,23354.0000,14379.0000,62.4174,121.1443
100-200,lin105,105,c_m20_e10_t5,6288734609949165591,24169.0000,14379.0000,68.0854,121.3610
100-200,lin105,105,c_m20_e10_t5,6288734609949165592,23869.0000,14379.0000,65.9990,112.6518
100-200,pr107,107,c_m20_e10_t5,7901511142495636434,54236.0000,44303.0000,22.4206,115.2836
100-200,pr107,107,c_m20_e10_t5,7901511142495636435,54288.0000,44303.0000,22.5380,126.0513
100-200,pr107,107,c_m20_e10_t5,7901511142495636436,53833.0000,44303.0000,21.5110,116.4258
100-200,pr107,107,c_m20_e10_t5,7901511142495636437,54191.0000,44303.0000,22.3190,116.8096
100-200,pr107,107,c_m20_e10_t5,7901511142495636438,53622.0000,44303.0000,21.0347,125.7701
100-200,pr107,107,c_m20_e10_t5,7901511142495636439,53615.0000,44303.0000,21.0189,119.3882
100-200,pr107,107,c_m20_e10_t5,7901511142495636440,53484.0000,44303.0000,20.7232,142.2312
100-200,pr107,107,c_m20_e10_t5,7901511142495636441,53705.0000,44303.0000,21.2220,119.4621
100-200,pr107,107,c_m20_e10_t5,7901511142495636442,53813.0000,44303.0000,21.4658,122.7258
100-200,pr107,107,c_m20_e10_t5,7901511142495636443,53370.0000,44303.0000,20.4659,119.6627
100-200,pr124,124,c_m20_e10_t5,14452570558664930905,94327.0000,59030.0000,59.7950,132.9669
100-200,pr124,124,c_m20_e10_t5,14452570558664930906,96317.0000,59030.0000,63.1662,145.8674
100-200,pr124,124,c_m20_e10_t5,14452570558664930907,96786.0000,59030.0000,63.9607,134.3012
100-200,pr124,124,c_m20_e10_t5,14452570558664930908,97875.0000,59030.0000,65.8055,132.7784
100-200,pr124,124,c_m20_e10_t5,14452570558664930909,94836.0000,59030.0000,60.6573,154.3430
100-200,pr124,124,c_m20_e10_t5,14452570558664930910,96502.0000,59030.0000,63.4796,141.8880
100-200,pr124,124,c_m20_e10_t5,14452570558664930911,93480.0000,59030.0000,58.3602,136.0080
100-200,pr124,124,c_m20_e10_t5,14452570558664930912,96502.0000,59030.0000,63.4796,139.1429
100-200,pr124,124,c_m20_e10_t5,14452570558664930913,96537.0000,59030.0000,63.5389,140.6624
100-200,pr124,124,c_m20_e10_t5,14452570558664930914,96755.0000,59030.0000,63.9082,142.9074
100-200,pr136,136,c_m20_e10_t5,12332460939649026234,207825.0000,96772.0000,114.7574,148.8110
100-200,pr136,136,c_m20_e10_t5,12332460939649026235,201437.0000,96772.0000,108.1563,150.2448
100-200,pr136,136,c_m20_e10_t5,12332460939649026236,224114.0000,96772.0000,131.5897,153.8855
100-200,pr136,136,c_m20_e10_t5,12332460939649026237,218708.0000,96772.0000,126.0034,143.9602
100-200,pr136,136,c_m20_e10_t5,12332460939649026238,231844.0000,96772.0000,139.5776,121.8128
100-200,pr136,136,c_m20_e10_t5,12332460939649026239,226385.0000,96772.0000,133.9365,177.5625
100-200,pr136,136,c_m20_e10_t5,12332460939649026240,191737.0000,96772.0000,98.1327,134.4200
100-200,pr136,136,c_m20_e10_t5,12332460939649026241,195487.0000,96772.0000,102.0078,153.6522
100-200,pr136,136,c_m20_e10_t5,12332460939649026242,234332.0000,96772.0000,142.1486,134.2075
100-200,pr136,136,c_m20_e10_t5,12332460939649026243,222894.0000,96772.0000,130.3290,158.2856
100-200,pr144,144,c_m20_e10_t5,3202550498955501159,91370.0000,58537.0000,56.0893,158.2527
100-200,pr144,144,c_m20_e10_t5,3202550498955501160,92591.0000,58537.0000,58.1752,155.2025
100-200,pr144,144,c_m20_e10_t5,3202550498955501161,92452.0000,58537.0000,57.9377,160.7514
100-200,pr144,144,c_m20_e10_t5,3202550498955501162,92451.0000,58537.0000,57.9360,135.7775
100-200,pr144,144,c_m20_e10_t5,3202550498955501163,92482.0000,58537.0000,57.9890,135.8932
100-200,pr144,144,c_m20_e10_t5,3202550498955501164,92609.0000,58537.0000,58.2059,134.3933
100-200,pr144,144,c_m20_e10_t5,3202550498955501165,92795.0000,58537.0000,58.5237,143.0253
100-200,pr144,144,c_m20_e10_t5,3202550498955501166,93226.0000,58537.0000,59.2600,141.3300
100-200,pr144,144,c_m20_e10_t5,3202550498955501167,92496.0000,58537.0000,58.0129,145.4911
100-200,pr144,144,c_m20_e10_t5,3202550498955501168,92641.0000,58537.0000,58.2606,141.4058
100-200,pr152,152,c_m20_e10_t5,12519384131971527700,143567.0000,73682.0000,94.8468,144.5126
100-200,pr152,152,c_m20_e10_t5,12519384131971527701,140253.0000,73682.0000,90.3491,220.0102
100-200,pr152,152,c_m20_e10_t5,12519384131971527702,149646.0000,73682.0000,103.0971,173.3972
100-200,pr152,152,c_m20_e10_t5,12519384131971527703,136207.0000,73682.0000,84.8579,170.9779
100-200,pr152,152,c_m20_e10_t5,12519384131971527704,150995.0000,73682.0000,104.9279,165.1798
100-200,pr152,152,c_m20_e10_t5,12519384131971527705,148070.0000,73682.0000,100.9582,151.1734
100-200,pr152,152,c_m20_e10_t5,12519384131971527706,139079.0000,73682.0000,88.7557,159.6028
100-200,pr152,152,c_m20_e10_t5,12519384131971527707,148026.0000,73682.0000,100.8985,144.2643
100-200,pr152,152,c_m20_e10_t5,12519384131971527708,151266.0000,73682.0000,105.2957,147.7842
100-200,pr152,152,c_m20_e10_t5,12519384131971527709,135913.0000,73682.0000,84.4589,154.2308
100-200,rat195,195,c_m20_e10_t5,2991760835776707370,3952.0000,2323.0000,70.1248,173.6088
100-200,rat195,195,c_m20_e10_t5,2991760835776707371,3864.0000,2323.0000,66.3366,170.5047
100-200,rat195,195,c_m20_e10_t5,2991760835776707372,3670.0000,2323.0000,57.9854,163.8405
100-200,rat195,195,c_m20_e10_t5,2991760835776707373,3914.0000,2323.0000,68.4890,171.7655
100-200,rat195,195,c_m20_e10_t5,2991760835776707374,3876.0000,2323.0000,66.8532,170.7395
100-200,rat195,195,c_m20_e10_t5,2991760835776707375,3822.0000,2323.0000,64.5286,133.2546
100-200,rat195,195,c_m20_e10_t5,2991760835776707376,3822.0000,2323.0000,64.5286,132.1522
100-200,rat195,195,c_m20_e10_t5,2991760835776707377,3768.0000,2323.0000,62.2040,133.7961
100-200,rat195,195,c_m20_e10_t5,2991760835776707378,3840.0000,2323.0000,65.3035,133.0707
100-200,rat195,195,c_m20_e10_t5,2991760835776707379,3809.0000,2323.0000,63.9690,132.1170
100-200,rd100,100,c_m20_e10_t5,12062988324537419423,12362.0000,7910.0000,56.2832,76.4533
100-200,rd100,100,c_m20_e10_t5,12062988324537419424,12598.0000,7910.0000,59.2668,75.5824
100-200,rd100,100,c_m20_e10_t5,12062988324537419425,13754.0000,7910.0000,73.8812,76.0505
100-200,rd100,100,c_m20_e10_t5,12062988324537419426,12767.0000,7910.0000,61.4033,76.0691
100-200,rd100,100,c_m20_e10_t5,12062988324537419427,13529.0000,7910.0000,71.0367,75.8222
100-200,rd100,100,c_m20_e10_t5,12062988324537419428,12145.0000,7910.0000,53.5398,130.1430
100-200,rd100,100,c_m20_e10_t5,12062988324537419429,12248.0000,7910.0000,54.8420,74.4337
100-200,rd100,100,c_m20_e10_t5,12062988324537419430,11985.0000,7910.0000,51.5171,74.4258
100-200,rd100,100,c_m20_e10_t5,12062988324537419431,12380.0000,7910.0000,56.5107,74.7749
100-200,rd100,100,c_m20_e10_t5,12062988324537419432,12548.0000,7910.0000,58.6346,76.2708
100-200,si175,175,c_m20_e10_t5,4145711085713995817,23337.0000,21407.0000,9.0157,120.8706
100-200,si175,175,c_m20_e10_t5,4145711085713995818,23631.0000,21407.0000,10.3891,124.5566
100-200,si175,175,c_m20_e10_t5,4145711085713995819,23617.0000,21407.0000,10.3237,122.8933
100-200,si175,175,c_m20_e10_t5,4145711085713995820,23483.0000,21407.0000,9.6978,119.9363
100-200,si175,175,c_m20_e10_t5,4145711085713995821,23556.0000,21407.0000,10.0388,125.7178
100-200,si175,175,c_m20_e10_t5,4145711085713995822,23879.0000,21407.0000,11.5476,121.6847
100-200,si175,175,c_m20_e10_t5,4145711085713995823,23585.0000,21407.0000,10.1742,120.7119
100-200,si175,175,c_m20_e10_t5,4145711085713995824,23524.0000,21407.0000,9.8893,120.0702
100-200,si175,175,c_m20_e10_t5,4145711085713995825,23720.0000,21407.0000,10.8049,120.0117
100-200,si175,175,c_m20_e10_t5,4145711085713995826,23510.0000,21407.0000,9.8239,127.4814
100-200,u159,159,c_m20_e10_t5,13805893732870374574,42981.0000,42080.0000,2.1412,112.2193
100-200,u159,159,c_m20_e10_t5,13805893732870374575,42981.0000,42080.0000,2.1412,113.8699
100-200,u159,159,c_m20_e10_t5,13805893732870374576,43195.0000,42080.0000,2.6497,113.2623
100-200,u159,159,c_m20_e10_t5,13805893732870374577,43152.0000,42080.0000,2.5475,110.7384
100-200,u159,159,c_m20_e10_t5,13805893732870374578,43152.0000,42080.0000,2.5475,112.4346
100-200,u159,159,c_m20_e10_t5,13805893732870374579,42981.0000,42080.0000,2.1412,116.5067
100-200,u159,159,c_m20_e10_t5,13805893732870374580,43024.0000,42080.0000,2.2433,113.6352
100-200,u159,159,c_m20_e10_t5,13805893732870374581,43227.0000,42080.0000,2.7258,114.1092
100-200,u159,159,c_m20_e10_t5,13805893732870374582,42981.0000,42080.0000,2.1412,114.1341
100-200,u159,159,c_m20_e10_t5,13805893732870374583,43263.0000,42080.0000,2.8113,113.9374
100-200,bier127,127,c_m20_e10_t5_x99,11738663012915315969,178664.0000,118282.0000,51.0492,100.8002
100-200,bier127,127,c_m20_e10_t5_x99,11738663012915315970,169609.0000,118282.0000,43.3938,100.3044
100-200,bier127,127,c_m20_e10_t5_x99,11738663012915315971,163503.0000,118282.0000,38.2315,106.1150
100-200,bier127,127,c_m20_e10_t5_x99,11738663012915315972,169898.0000,118282.0000,43.6381,113.8369
100-200,bier127,127,c_m20_e10_t5_x99,11738663012915315973,157726.0000,118282.0000,33.3474,96.6707
100-200,bier127,127,c_m20_e10_t5_x99,11738663012915315974,172712.0000,118282.0000,46.0171,98.3047
100-200,bier127,127,c_m20_e10_t5_x99,11738663012915315975,161418.0000,118282.0000,36.4688,98.2001
100-200,bier127,127,c_m20_e10_t5_x99,11738663012915315976,178177.0000,118282.0000,50.6375,97.5462
100-200,bier127,127,c_m20_e10_t5_x99,11738663012915315977,183409.0000,118282.0000,55.0608,99.0480
100-200,bier127,127,c_m20_e10_t5_x99,11738663012915315978,174916.0000,118282.0000,47.8805,98.1987
100-200,brg180,180,c_m20_e10_t5_x99,593962089067638817,2790.0000,1950.0000,43.0769,130.3400
100-200,brg180,180,c_m20_e10_t5_x99,593962089067638818,6220.0000,1950.0000,218.9744,160.7677
100-200,brg180,180,c_m20_e10_t5_x99,593962089067638819,9890.0000,1950.0000,407.1795,131.4242
100-200,brg180,180,c_m20_e10_t5_x99,593962089067638820,6240.0000,1950.0000,220.0000,129.7982
100-200,brg180,180,c_m20_e10_t5_x99,593962089067638821,13130.0000,1950.0000,573.3333,128.9624
100-200,brg180,180,c_m20_e10_t5_x99,593962089067638822,9600.0000,1950.0000,392.3077,129.2812
100-200,brg180,180,c_m20_e10_t5_x99,593962089067638823,2610.0000,1950.0000,33.8462,129.8429
100-200,brg180,180,c_m20_e10_t5_x99,593962089067638824,9730.0000,1950.0000,398.9744,133.6889
100-200,brg180,180,c_m20_e10_t5_x99,593962089067638825,2900.0000,1950.0000,48.7179,134.7899
100-200,brg180,180,c_m20_e10_t5_x99,593962089067638826,9750.0000,1950.0000,400.0000,134.8381
100-200,ch130,130,c_m20_e10_t5_x99,4444052011169301444,10991.0000,6110.0000,79.8854,102.6468
100-200,ch130,130,c_m20_e10_t5_x99,4444052011169301445,11481.0000,6110.0000,87.9051,102.4448
100-200,ch130,130,c_m20_e10_t5_x99,4444052011169301446,11213.0000,6110.0000,83.5188,117.9803
100-200,ch130,130,c_m20_e10_t5_x99,4444052011169301447,11188.0000,6110.0000,83.1097,106.7632
100-200,ch130,130,c_m20_e10_t5_x99,4444052011169301448,10895.0000,6110.0000,78.3142,102.5021
100-200,ch130,130,c_m20_e10_t5_x99,4444052011169301449,10981.0000,6110.0000,79.7218,101.2628
100-200,ch130,130,c_m20_e10_t5_x99,4444052011169301450,11555.0000,6110.0000,89.1162,100.2062
100-200,ch130,130,c_m20_e10_t5_x99,4444052011169301451,10981.0000,6110.0000,79.7218,99.9400
100-200,ch130,130,c_m20_e10_t5_x99,4444052011169301452,11812.0000,6110.0000,93.3224,101.7091
100-200,ch130,130,c_m20_e10_t5_x99,4444052011169301453,11188.0000,6110.0000,83.1097,113.1429
100-200,ch150,150,c_m20_e10_t5_x99,11640776025169423314,12763.0000,6528.0000,95.5116,123.5463
100-200,ch150,150,c_m20_e10_t5_x99,11640776025169423315,12196.0000,6528.0000,86.8260,116.4274
100-200,ch150,150,c_m20_e10_t5_x99,11640776025169423316,12768.0000,6528.0000,95.5882,115.0619
100-200,ch150,150,c_m20_e10_t5_x99,11640776025169423317,13265.0000,6528.0000,103.2016,115.9117
100-200,ch150,150,c_m20_e10_t5_x99,11640776025169423318,12914.0000,6528.0000,97.8248,115.5352
100-200,ch150,150,c_m20_e10_t5_x99,11640776025169423319,12364.0000,6528.0000,89.3995,113.5515
100-200,ch150,150,c_m20_e10_t5_x99,11640776025169423320,11517.0000,6528.0000,76.4246,113.7783
100-200,ch150,150,c_m20_e10_t5_x99,11640776025169423321,13026.0000,6528.0000,99.5404,112.5654
100-200,ch150,150,c_m20_e10_t5_x99,11640776025169423322,12777.0000,6528.0000,95.7261,114.0702
100-200,ch150,150,c_m20_e10_t5_x99,11640776025169423323,12298.0000,6528.0000,88.3885,112.2334
100-200,d198,198,c_m20_e10_t5_x99,4848870860921262715,21082.0000,15780.0000,33.5995,142.2620
100-200,d198,198,c_m20_e10_t5_x99,4848870860921262716,21029.0000,15780.0000,33.2636,144.8287
100-200,d198,198,c_m20_e10_t5_x99,4848870860921262717,21266.0000,15780.0000,34.7655,147.8858
100-200,d198,198,c_m20_e10_t5_x99,4848870860921262718,21514.0000,15780.0000,36.3371,142.6570
100-200,d198,198,c_m20_e10_t5_x99,4848870860921262719,21354.0000,15780.0000,35.3232,142.9454
100-200,d198,198,c_m20_e10_t5_x99,4848870860921262720,21513.0000,15780.0000,36.3308,142.6747
100-200,d198,198,c_m20_e10_t5_x99,4848870860921262721,21744.0000,15780.0000,37.7947,143.0172
100-200,d198,198,c_m20_e10_t5_x99,4848870860921262722,21114.0000,15780.0000,33.8023,142.5438
100-200,d198,198,c_m20_e10_t5_x99,4848870860921262723,20897.0000,15780.0000,32.4271,143.5511
100-200,d198,198,c_m20_e10_t5_x99,4848870860921262724,21438.0000,15780.0000,35.8555,144.7887
100-200,eil101,101,c_m20_e10_t5_x99,7985886561094031569,838.0000,629.0000,33.2273,82.2257
100-200,eil101,101,c_m20_e10_t5_x99,7985886561094031570,919.0000,629.0000,46.1049,81.0826
100-200,eil101,101,c_m20_e10_t5_x99,7985886561094031571,924.0000,629.0000,46.8998,81.9153
100-200,eil101,101,c_m20_e10_t5_x99,7985886561094031572,912.0000,629.0000,44.9921,80.9893
100-200,eil101,101,c_m20_e10_t5_x99,7985886561094031573,888.0000,629.0000,41.1765,81.5622
100-200,eil101,101,c_m20_e10_t5_x99,7985886561094031574,909.0000,629.0000,44.5151,81.6312
100-200,eil101,101,c_m20_e10_t5_x99,7985886561094031575,917.0000,629.0000,45.7870,81.8554
100-200,eil101,101,c_m20_e10_t5_x99,7985886561094031576,926.0000,629.0000,47.2178,81.4969
100-200,eil101,101,c_m20_e10_t5_x99,7985886561094031577,936.0000,629.0000,48.8076,81.3472
100-200,eil101,101,c_m20_e10_t5_x99,7985886561094031578,947.0000,629.0000,50.5564,81.0249
100-200,gr120,120,c_m20_e10_t5_x99,7694727628364544295,11211.0000,6942.0000,61.4952,93.1824
100-200,gr120,120,c_m20_e10_t5_x99,7694727628364544296,12820.0000,6942.0000,84.6730,95.4621
100-200,gr120,120,c_m20_e10_t5_x99,7694727628364544297,11126.0000,6942.0000,60.2708,93.6095
100-200,gr120,120,c_m20_e10_t5_x99,7694727628364544298,10887.0000,6942.0000,56.8280,92.1378
100-200,gr120,120,c_m20_e10_t5_x99,7694727628364544299,9624.0000,6942.0000,38.6344,111.8083
100-200,gr120,120,c_m20_e10_t5_x99,7694727628364544300,10816.0000,6942.0000,55.8052,94.1029
100-200,gr120,120,c_m20_e10_t5_x99,7694727628364544301,10163.0000,6942.0000,46.3987,92.3884
100-200,gr120,120,c_m20_e10_t5_x99,7694727628364544302,11253.0000,6942.0000,62.1003,93.5370
100-200,gr120,120,c_m20_e10_t5_x99,7694727628364544303,11378.0000,6942.0000,63.9009,97.4488
100-200,gr120,120,c_m20_e10_t5_x99,7694727628364544304,10031.0000,6942.0000,44.4973,133.3857
100-200,gr137,137,c_m20_e10_t5_x99,501810981163501417,91430.0000,69853.0000,30.8892,154.1214
100-200,gr137,137,c_m20_e10_t5_x99,501810981163501418,90598.0000,69853.0000,29.6981,177.2807
100-200,gr137,137,c_m20_e10_t5_x99,501810981163501419,92677.0000,69853.0000,32.6743,184.2545
100-200,gr137,137,c_m20_e10_t5_x99,501810981163501420,91590.0000,69853.0000,31.1182,136.4775
100-200,gr137,137,c_m20_e10_t5_x99,501810981163501421,88807.0000,69853.0000,27.1341,155.1609
100-200,gr137,137,c_m20_e10_t5_x99,501810981163501422,91346.0000,69853.0000,30.7689,181.9135
100-200,gr137,137,c_m20_e10_t5_x99,501810981163501423,90469.0000,69853.0000,29.5134,162.0754
100-200,gr137,137,c_m20_e10_t5_x99,501810981163501424,88340.0000,69853.0000,26.4656,175.6473
100-200,gr137,137,c_m20_e10_t5_x99,501810981163501425,90815.0000,69853.0000,30.0087,159.1357
100-200,gr137,137,c_m20_e10_t5_x99,501810981163501426,91868.0000,69853.0000,31.5162,139.9055
100-200,kroA100,100,c_m20_e10_t5_x99,10471671461309656391,37268.0000,21282.0000,75.1151,129.4461
100-200,kroA100,100,c_m20_e10_t5_x99,10471671461309656392,34239.0000,21282.0000,60.8824,123.6901
100-200,kroA100,100,c_m20_e10_t5_x99,10471671461309656393,36115.0000,21282.0000,69.6974,119.3085
100-200,kroA100,100,c_m20_e10_t5_x99,10471671461309656394,36037.0000,21282.0000,69.3309,139.4308
100-200,kroA100,100,c_m20_e10_t5_x99,10471671461309656395,35146.0000,21282.0000,65.1443,124.3488
100-200,kroA100,100,c_m20_e10_t5_x99,10471671461309656396,35072.0000,21282.0000,64.7965,130.9900
100-200,kroA100,100,c_m20_e10_t5_x99,10471671461309656397,38766.0000,21282.0000,82.1539,120.8801
100-200,kroA100,100,c_m20_e10_t5_x99,10471671461309656398,35875.0000,21282.0000,68.5697,125.1682
100-200,kroA100,100,c_m20_e10_t5_x99,10471671461309656399,39805.0000,21282.0000,87.0360,120.7719
100-200,kroA100,100,c_m20_e10_t5_x99,10471671461309656400,33214.0000,21282.0000,56.0662,130.7380
100-200,kroA150,150,c_m20_e10_t5_x99,10016737422600409450,53209.0000,26524.0000,100.6070,152.3531
100-200,kroA150,150,c_m20_e10_t5_x99,10016737422600409451,55647.0000,26524.0000,109.7987,186.4610
100-200,kroA150,150,c_m20_e10_t5_x99,10016737422600409452,53907.0000,26524.0000,103.2386,185.8163
100-200,kroA150,150,c_m20_e10_t5_x99,10016737422600409453,51414.0000,26524.0000,93.8395,167.8266
100-200,kroA150,150,c_m20_e10_t5_x99,10016737422600409454,55125.0000,26524.0000,107.8306,180.0182
100-200,kroA150,150,c_m20_e10_t5_x99,10016737422600409455,56998.0000,26524.0000,114.8922,162.1565
100-200,kroA150,150,c_m20_e10_t5_x99,10016737422600409456,56195.0000,26524.0000,111.8647,180.6451
100-200,kroA150,150,c_m20_e10_t5_x99,10016737422600409457,58150.0000,26524.0000,119.2354,177.2769
100-200,kroA150,150,c_m20_e10_t5_x99,10016737422600409458,53407.0000,26524.0000,101.3535,163.8955
100-200,kroA150,150,c_m20_e10_t5_x99,10016737422600409459,49195.0000,26524.0000,85.4735,160.3609
100-200,kroB100,100,c_m20_e10_t5_x99,2262914809776551558,31763.0000,22141.0000,43.4578,115.5986
100-200,kroB100,100,c_m20_e10_t5_x99,2262914809776551559,39016.0000,22141.0000,76.2161,146.0567
100-200,kroB100,100,c_m20_e10_t5_x99,2262914809776551560,33585.0000,22141.0000,51.6869,125.1699
100-200,kroB100,100,c_m20_e10_t5_x99,2262914809776551561,36787.0000,22141.0000,66.1488,123.9314
100-200,kroB100,100,c_m20_e10_t5_x99,2262914809776551562,33313.0000,22141.0000,50.4584,141.8202
100-200,kroB100,100,c_m20_e10_t5_x99,2262914809776551563,31594.0000,22141.0000,42.6945,137.1638
100-200,kroB100,100,c_m20_e10_t5_x99,2262914809776551564,34353.0000,22141.0000,55.1556,131.6332
100-200,kroB100,100,c_m20_e10_t5_x99,2262914809776551565,34802.0000,22141.0000,57.1835,139.0854
100-200,kroB100,100,c_m20_e10_t5_x99,2262914809776551566,34969.0000,22141.0000,57.9378,113.9559
100-200,kroB100,100,c_m20_e10_t5_x99,2262914809776551567,32977.0000,22141.0000,48.9409,108.0996
100-200,kroB150,150,c_m20_e10_t5_x99,1807980771067304617,53482.0000,26130.0000,104.6766,167.6404
100-200,kroB150,150,c_m20_e10_t5_x99,1807980771067304618,46257.0000,26130.0000,77.0264,181.7768
100-200,kroB150,150,c_m20_e10_t5_x99,1807980771067304619,47144.0000,26130.0000,80.4210,166.1555
100-200,kroB150,150,c_m20_e10_t5_x99,1807980771067304620,51493.0000,26130.0000,97.0647,162.2654
100-200,kroB150,150,c_m20_e10_t5_x99,1807980771067304621,51353.0000,26130.0000,96.5289,166.6589
100-200,kroB150,150,c_m20_e10_t5_x99,1807980771067304622,55824.0000,26130.0000,113.6395,154.3569
100-200,kroB150,150,c_m20_e10_t5_x99,1807980771067304623,56465.0000,26130.0000,116.0926,161.3654
100-200,kroB150,150,c_m20_e10_t5_x99,1807980771067304624,51921.0000,26130.0000,98.7026,193.0401
100-200,kroB150,150,c_m20_e10_t5_x99,1807980771067304625,52376.0000,26130.0000,100.4439,196.4691
100-200,kroB150,150,c_m20_e10_t5_x99,1807980771067304626,48012.0000,26130.0000,83.7428,184.3206
100-200,kroC100,100,c_m20_e10_t5_x99,12500902231952998341,35602.0000,20749.0000,71.5842,109.7303
100-200,kroC100,100,c_m20_e10_t5_x99,12500902231952998342,35334.0000,20749.0000,70.2925,128.9182
100-200,kroC100,100,c_m20_e10_t5_x99,12500902231952998343,36814.0000,20749.0000,77.4254,126.7430
100-200,kroC100,100,c_m20_e10_t5_x99,12500902231952998344,42253.0000,20749.0000,103.6387,123.4605
100-200,kroC100,100,c_m20_e10_t5_x99,12500902231952998345,36642.0000,20749.0000,76.5965,135.0782
100-200,kroC100,100,c_m20_e10_t5_x99,12500902231952998346,40049.0000,20749.0000,93.0165,234.3266
100-200,kroC100,100,c_m20_e10_t5_x99,12500902231952998347,39549.0000,20749.0000,90.6068,147.5282
100-200,kroC100,100,c_m20_e10_t5_x99,12500902231952998348,35974.0000,20749.0000,73.3770,124.7405
100-200,kroC100,100,c_m20_e10_t5_x99,12500902231952998349,32995.0000,20749.0000,59.0197,108.6236
100-200,kroC100,100,c_m20_e10_t5_x99,12500902231952998350,34018.0000,20749.0000,63.9501,131.2404
100-200,kroD100,100,c_m20_e10_t5_x99,4292145580419893508,37753.0000,21294.0000,77.2941,113.2219
100-200,kroD100,100,c_m20_e10_t5_x99,4292145580419893509,32268.0000,21294.0000,51.5356,141.7942
100-200,kroD100,100,c_m20_e10_t5_x99,4292145580419893510,32175.0000,21294.0000,51.0989,134.5466
100-200,kroD100,100,c_m20_e10_t5_x99,4292145580419893511,37096.0000,21294.0000,74.2087,130.0593
100-200,kroD100,100,c_m20_e10_t5_x99,4292145580419893512,33039.0000,21294.0000,55.1564,148.1433
100-200,kroD100,100,c_m20_e10_t5_x99,4292145580419893513,32965.0000,21294.0000,54.8089,122.7947
100-200,kroD100,100,c_m20_e10_t5_x99,4292145580419893514,31569.0000,21294.0000,48.2530,177.3225
100-200,kroD100,100,c_m20_e10_t5_x99,4292145580419893515,32625.0000,21294.0000,53.2122,137.9986
100-200,kroD100,100,c_m20_e10_t5_x99,4292145580419893516,33468.0000,21294.0000,57.1710,111.8797
100-200,kroD100,100,c_m20_e10_t5_x99,4292145580419893517,35723.0000,21294.0000,67.7609,150.4490
100-200,kroE100,100,c_m20_e10_t5_x99,14530133002596340291,32488.0000,22068.0000,47.2177,150.7839
100-200,kroE100,100,c_m20_e10_t5_x99,14530133002596340292,36078.0000,22068.0000,63.4856,141.4219
100-200,kroE100,100,c_m20_e10_t5_x99,14530133002596340293,30645.0000,22068.0000,38.8662,175.1123
100-200,kroE100,100,c_m20_e10_t5_x99,14530133002596340294,35953.0000,22068.0000,62.9192,177.3150
100-200,kroE100,100,c_m20_e10_t5_x99,14530133002596340295,33384.0000,22068.0000,51.2779,111.7820
100-200,kroE100,100,c_m20_e10_t5_x99,14530133002596340296,37109.0000,22068.0000,68.1575,149.8285
100-200,kroE100,100,c_m20_e10_t5_x99,14530133002596340297,37413.0000,22068.0000,69.5351,113.7458
100-200,kroE100,100,c_m20_e10_t5_x99,14530133002596340298,39254.0000,22068.0000,77.8775,112.1699
100-200,kroE100,100,c_m20_e10_t5_x99,14530133002596340299,34863.0000,22068.0000,57.9799,110.8397
100-200,kroE100,100,c_m20_e10_t5_x99,14530133002596340300,34337.0000,22068.0000,55.5963,164.6066
100-200,lin105,105,c_m20_e10_t5_x99,12865843653921905028,22361.0000,14379.0000,55.5115,148.1386
100-200,lin105,105,c_m20_e10_t5_x99,12865843653921905029,25082.0000,14379.0000,74.4349,144.5214
100-200,lin105,105,c_m20_e10_t5_x99,12865843653921905030,21919.0000,14379.0000,52.4376,134.7424
100-200,lin105,105,c_m20_e10_t5_x99,12865843653921905031,22371.0000,14379.0000,55.5811,119.5271
100-200,lin105,105,c_m20_e10_t5_x99,12865843653921905032,21152.0000,14379.0000,47.1034,141.7655
100-200,lin105,105,c_m20_e10_t5_x99,12865843653921905033,23561.0000,14379.0000,63.8570,133.7262
100-200,lin105,105,c_m20_e10_t5_x99,12865843653921905034,23574.0000,14379.0000,63.9474,140.0638
100-200,lin105,105,c_m20_e10_t5_x99,12865843653921905035,22955.0000,14379.0000,59.6425,104.2121
100-200,lin105,105,c_m20_e10_t5_x99,12865843653921905036,21908.0000,14379.0000,52.3611,105.2642
100-200,lin105,105,c_m20_e10_t5_x99,12865843653921905037,22269.0000,14379.0000,54.8717,111.1019
100-200,pr107,107,c_m20_e10_t5_x99,14570015573856870521,52286.0000,44303.0000,18.0191,162.6251
100-200,pr107,107,c_m20_e10_t5_x99,14570015573856870522,53296.0000,44303.0000,20.2989,142.9052
100-200,pr107,107,c_m20_e10_t5_x99,14570015573856870523,54439.0000,44303.0000,22.8788,123.9843
100-200,pr107,107,c_m20_e10_t5_x99,14570015573856870524,53138.0000,44303.0000,19.9422,139.6797
100-200,pr107,107,c_m20_e10_t5_x99,14570015573856870525,53263.0000,44303.0000,20.2244,138.5688
100-200,pr107,107,c_m20_e10_t5_x99,14570015573856870526,53335.0000,44303.0000,20.3869,159.9174
100-200,pr107,107,c_m20_e10_t5_x99,14570015573856870527,54273.0000,44303.0000,22.5041,128.3488
100-200,pr107,107,c_m20_e10_t5_x99,14570015573856870528,53629.0000,44303.0000,21.0505,130.0162
100-200,pr107,107,c_m20_e10_t5_x99,14570015573856870529,53565.0000,44303.0000,20.9060,147.8670
100-200,pr107,107,c_m20_e10_t5_x99,14570015573856870530,53626.0000,44303.0000,21.0437,132.6143
100-200,pr124,124,c_m20_e10_t5_x99,2674330916316613376,96502.0000,59030.0000,63.4796,126.3554
100-200,pr124,124,c_m20_e10_t5_x99,2674330916316613377,96537.0000,59030.0000,63.5389,148.4687
100-200,pr124,124,c_m20_e10_t5_x99,2674330916316613378,96502.0000,59030.0000,63.4796,158.3368
100-200,pr124,124,c_m20_e10_t5_x99,2674330916316613379,96537.0000,59030.0000,63.5389,136.9489
100-200,pr124,124,c_m20_e10_t5_x99,2674330916316613380,95060.0000,59030.0000,61.0368,149.0977
100-200,pr124,124,c_m20_e10_t5_x99,2674330916316613381,96502.0000,59030.0000,63.4796,135.2222
100-200,pr124,124,c_m20_e10_t5_x99,2674330916316613382,96638.0000,59030.0000,63.7100,140.5344
100-200,pr124,124,c_m20_e10_t5_x99,2674330916316613383,96182.0000,59030.0000,62.9375,138.7431
100-200,pr124,124,c_m20_e10_t5_x99,2674330916316613384,96537.0000,59030.0000,63.5389,127.3157
100-200,pr124,124,c_m20_e10_t5_x99,2674330916316613385,96859.0000,59030.0000,64.0844,169.7857
100-200,pr136,136,c_m20_e10_t5_x99,554221297300708705,209113.0000,96772.0000,116.0883,148.7889
100-200,pr136,136,c_m20_e10_t5_x99,554221297300708706,212367.0000,96772.0000,119.4509,150.3287
100-200,pr136,136,c_m20_e10_t5_x99,554221297300708707,203890.0000,96772.0000,110.6911,162.7220
100-200,pr136,136,c_m20_e10_t5_x99,554221297300708708,203453.0000,96772.0000,110.2395,173.1560
100-200,pr136,136,c_m20_e10_t5_x99,554221297300708709,173713.0000,96772.0000,79.5075,163.5516
100-200,pr136,136,c_m20_e10_t5_x99,554221297300708710,210445.0000,96772.0000,117.4648,149.8413
100-200,pr136,136,c_m20_e10_t5_x99,554221297300708711,233943.0000,96772.0000,141.7466,172.2730
100-200,pr136,136,c_m20_e10_t5_x99,554221297300708712,210469.0000,96772.0000,117.4896,155.9976
100-200,pr136,136,c_m20_e10_t5_x99,554221297300708713,235597.0000,96772.0000,143.4558,156.9902
100-200,pr136,136,c_m20_e10_t5_x99,554221297300708714,203139.0000,96772.0000,109.9151,172.8010
100-200,pr144,144,c_m20_e10_t5_x99,9871054930316735246,92818.0000,58537.0000,58.5630,142.2818
100-200,pr144,144,c_m20_e10_t5_x99,9871054930316735247,92593.0000,58537.0000,58.1786,145.7581
100-200,pr144,144,c_m20_e10_t5_x99,9871054930316735248,92589.0000,58537.0000,58.1718,136.5695
100-200,pr144,144,c_m20_e10_t5_x99,9871054930316735249,92609.0000,58537.0000,58.2059,162.4966
100-200,pr144,144,c_m20_e10_t5_x99,9871054930316735250,92442.0000,58537.0000,57.9206,175.4819
100-200,pr144,144,c_m20_e10_t5_x99,9871054930316735251,92696.0000,58537.0000,58.3545,167.2052
100-200,pr144,144,c_m20_e10_t5_x99,9871054930316735252,93073.0000,58537.0000,58.9986,180.6787
100-200,pr144,144,c_m20_e10_t5_x99,9871054930316735253,92494.0000,58537.0000,58.0095,156.8399
100-200,pr144,144,c_m20_e10_t5_x99,9871054930316735254,92785.0000,58537.0000,58.5066,150.7256
100-200,pr144,144,c_m20_e10_t5_x99,9871054930316735255,92892.0000,58537.0000,58.6894,180.5199
100-200,pr152,152,c_m20_e10_t5_x99,741144489623210171,145780.0000,73682.0000,97.8502,158.1541
100-200,pr152,152,c_m20_e10_t5_x99,741144489623210172,142070.0000,73682.0000,92.8151,171.2247
100-200,pr152,152,c_m20_e10_t5_x99,741144489623210173,133643.0000,73682.0000,81.3781,147.1675
100-200,pr152,152,c_m20_e10_t5_x99,741144489623210174,148265.0000,73682.0000,101.2228,175.5873
100-200,pr152,152,c_m20_e10_t5_x99,741144489623210175,140196.0000,73682.0000,90.2717,147.7548
100-200,pr152,152,c_m20_e10_t5_x99,741144489623210176,147572.0000,73682.0000,100.2823,146.3090
100-200,pr152,152,c_m20_e10_t5_x99,741144489623210177,143485.0000,73682.0000,94.7355,170.7713
100-200,pr152,152,c_m20_e10_t5_x99,741144489623210178,142889.0000,73682.0000,93.9266,173.9956
100-200,pr152,152,c_m20_e10_t5_x99,741144489623210179,135977.0000,73682.0000,84.5458,182.4187
100-200,pr152,152,c_m20_e10_t5_x99,741144489623210180,141813.0000,73682.0000,92.4663,163.2771
100-200,rat195,195,c_m20_e10_t5_x99,9568869879749446815,3926.0000,2323.0000,69.0056,223.1833
100-200,rat195,195,c_m20_e10_t5_x99,9568869879749446816,3704.0000,2323.0000,59.4490,252.8436
100-200,rat195,195,c_m20_e10_t5_x99,9568869879749446817,3837.0000,2323.0000,65.1743,197.0890
100-200,rat195,195,c_m20_e10_t5_x99,9568869879749446818,3872.0000,2323.0000,66.6810,196.3664
100-200,rat195,195,c_m20_e10_t5_x99,9568869879749446819,3915.0000,2323.0000,68.5321,192.4113
100-200,rat195,195,c_m20_e10_t5_x99,9568869879749446820,3808.0000,2323.0000,63.9260,201.4666
100-200,rat195,195,c_m20_e10_t5_x99,9568869879749446821,3836.0000,2323.0000,65.1313,179.1789
100-200,rat195,195,c_m20_e10_t5_x99,9568869879749446822,3785.0000,2323.0000,62.9359,183.0511
100-200,rat195,195,c_m20_e10_t5_x99,9568869879749446823,3804.0000,2323.0000,63.7538,201.7765
100-200,rat195,195,c_m20_e10_t5_x99,9568869879749446824,3751.0000,2323.0000,61.4722,189.9062
100-200,rd100,100,c_m20_e10_t5_x99,284748682189101894,13400.0000,7910.0000,69.4058,137.4335
100-200,rd100,100,c_m20_e10_t5_x99,284748682189101895,11840.0000,7910.0000,49.6839,139.5438
100-200,rd100,100,c_m20_e10_t5_x99,284748682189101896,11467.0000,7910.0000,44.9684,144.5557
100-200,rd100,100,c_m20_e10_t5_x99,284748682189101897,13638.0000,7910.0000,72.4147,127.6196
100-200,rd100,100,c_m20_e10_t5_x99,284748682189101898,12166.0000,7910.0000,53.8053,144.9850
100-200,rd100,100,c_m20_e10_t5_x99,284748682189101899,12907.0000,7910.0000,63.1732,136.0703
100-200,rd100,100,c_m20_e10_t5_x99,284748682189101900,12963.0000,7910.0000,63.8812,105.9681
100-200,rd100,100,c_m20_e10_t5_x99,284748682189101901,14911.0000,7910.0000,88.5082,101.7421
100-200,rd100,100,c_m20_e10_t5_x99,284748682189101902,13118.0000,7910.0000,65.8407,99.0813
100-200,rd100,100,c_m20_e10_t5_x99,284748682189101903,13062.0000,7910.0000,65.1327,101.5807
100-200,si175,175,c_m20_e10_t5_x99,10814215517075229904,23520.0000,21407.0000,9.8706,182.7341
100-200,si175,175,c_m20_e10_t5_x99,10814215517075229905,23615.0000,21407.0000,10.3144,182.5490
100-200,si175,175,c_m20_e10_t5_x99,10814215517075229906,23365.0000,21407.0000,9.1465,196.3381
100-200,si175,175,c_m20_e10_t5_x99,10814215517075229907,23534.0000,21407.0000,9.9360,166.5143
100-200,si175,175,c_m20_e10_t5_x99,10814215517075229908,23561.0000,21407.0000,10.0621,191.3710
100-200,si175,175,c_m20_e10_t5_x99,10814215517075229909,24252.0000,21407.0000,13.2900,177.1903
100-200,si175,175,c_m20_e10_t5_x99,10814215517075229910,23362.0000,21407.0000,9.1325,164.6000
100-200,si175,175,c_m20_e10_t5_x99,10814215517075229911,23723.0000,21407.0000,10.8189,168.7942
100-200,si175,175,c_m20_e10_t5_x99,10814215517075229912,23336.0000,21407.0000,9.0111,162.3647
100-200,si175,175,c_m20_e10_t5_x99,10814215517075229913,23778.0000,21407.0000,11.0758,159.1284
100-200,u159,159,c_m20_e10_t5_x99,4844648570381442747,43056.0000,42080.0000,2.3194,156.5087
100-200,u159,159,c_m20_e10_t5_x99,4844648570381442748,43056.0000,42080.0000,2.3194,142.9617
100-200,u159,159,c_m20_e10_t5_x99,4844648570381442749,42981.0000,42080.0000,2.1412,135.5116
100-200,u159,159,c_m20_e10_t5_x99,4844648570381442750,42981.0000,42080.0000,2.1412,153.2782
100-200,u159,159,c_m20_e10_t5_x99,4844648570381442751,43056.0000,42080.0000,2.3194,157.4671
100-200,u159,159,c_m20_e10_t5_x99,4844648570381442752,42981.0000,42080.0000,2.1412,204.4585
100-200,u159,159,c_m20_e10_t5_x99,4844648570381442753,42981.0000,42080.0000,2.1412,172.2255
100-200,u159,159,c_m20_e10_t5_x99,4844648570381442754,43056.0000,42080.0000,2.3194,194.3568
100-200,u159,159,c_m20_e10_t5_x99,4844648570381442755,43263.0000,42080.0000,2.8113,162.9743
100-200,u159,159,c_m20_e10_t5_x99,4844648570381442756,43270.0000,42080.0000,2.8279,152.1354
100-200,bier127,127,c_m20_e5_t5,4253600279256310936,161201.0000,118282.0000,36.2853,144.8925
100-200,bier127,127,c_m20_e5_t5,4253600279256310937,180217.0000,118282.0000,52.3622,134.6765
100-200,bier127,127,c_m20_e5_t5,4253600279256310938,165736.0000,118282.0000,40.1194,151.9432
100-200,bier127,127,c_m20_e5_t5,4253600279256310939,185294.0000,118282.0000,56.6544,142.3696
100-200,bier127,127,c_m20_e5_t5,4253600279256310940,162446.0000,118282.0000,37.3379,140.3719
100-200,bier127,127,c_m20_e5_t5,4253600279256310941,180444.0000,118282.0000,52.5541,134.0766
100-200,bier127,127,c_m20_e5_t5,4253600279256310942,180080.0000,118282.0000,52.2463,138.7122
100-200,bier127,127,c_m20_e5_t5,4253600279256310943,165108.0000,118282.0000,39.5884,137.2247
100-200,bier127,127,c_m20_e5_t5,4253600279256310944,173172.0000,118282.0000,46.4060,148.5634
100-200,bier127,127,c_m20_e5_t5,4253600279256310945,170622.0000,118282.0000,44.2502,129.8589
100-200,brg180,180,c_m20_e5_t5,2508231969207140478,9630.0000,1950.0000,393.8462,185.5391
100-200,brg180,180,c_m20_e5_t5,2508231969207140479,6210.0000,1950.0000,218.4615,173.1791
100-200,brg180,180,c_m20_e5_t5,2508231969207140480,6180.0000,1950.0000,216.9231,174.1556
100-200,brg180,180,c_m20_e5_t5,2508231969207140481,9670.0000,1950.0000,395.8974,167.2861
100-200,brg180,180,c_m20_e5_t5,2508231969207140482,2800.0000,1950.0000,43.5897,130.1119
100-200,brg180,180,c_m20_e5_t5,2508231969207140483,6300.0000,1950.0000,223.0769,129.7865
100-200,brg180,180,c_m20_e5_t5,2508231969207140484,2680.0000,1950.0000,37.4359,130.3175
100-200,brg180,180,c_m20_e5_t5,2508231969207140485,13160.0000,1950.0000,574.8718,130.5835
100-200,brg180,180,c_m20_e5_t5,2508231969207140486,6300.0000,1950.0000,223.0769,129.0830
100-200,brg180,180,c_m20_e5_t5,2508231969207140487,9940.0000,1950.0000,409.7436,129.6080
100-200,ch130,130,c_m20_e5_t5,14034073895844026723,10238.0000,6110.0000,67.5614,99.9820
100-200,ch130,130,c_m20_e5_t5,14034073895844026724,11959.0000,6110.0000,95.7283,99.9775
100-200,ch130,130,c_m20_e5_t5,14034073895844026725,11383.0000,6110.0000,86.3011,99.8670
100-200,ch130,130,c_m20_e5_t5,14034073895844026726,10189.0000,6110.0000,66.7594,98.8705
100-200,ch130,130,c_m20_e5_t5,14034073895844026727,11062.0000,6110.0000,81.0475,98.5544
100-200,ch130,130,c_m20_e5_t5,14034073895844026728,11018.0000,6110.0000,80.3273,99.3705
100-200,ch130,130,c_m20_e5_t5,14034073895844026729,11762.0000,6110.0000,92.5041,99.3291
100-200,ch130,130,c_m20_e5_t5,14034073895844026730,10213.0000,6110.0000,67.1522,99.4095
100-200,ch130,130,c_m20_e5_t5,14034073895844026731,10141.0000,6110.0000,65.9738,99.5368
100-200,ch130,130,c_m20_e5_t5,14034073895844026732,9996.0000,6110.0000,63.6007,100.0293
100-200,ch150,150,c_m20_e5_t5,2784053836134596977,13081.0000,6528.0000,100.3830,114.0873
100-200,ch150,150,c_m20_e5_t5,2784053836134596978,12454.0000,6528.0000,90.7782,114.3012
100-200,ch150,150,c_m20_e5_t5,2784053836134596979,12807.0000,6528.0000,96.1857,113.8539
100-200,ch150,150,c_m20_e5_t5,2784053836134596980,11902.0000,6528.0000,82.3223,112.3934
100-200,ch150,150,c_m20_e5_t5,2784053836134596981,13542.0000,6528.0000,107.4449,118.9119
100-200,ch150,150,c_m20_e5_t5,2784053836134596982,12594.0000,6528.0000,92.9228,129.7519
100-200,ch150,150,c_m20_e5_t5,2784053836134596983,12922.0000,6528.0000,97.9473,115.7285
100-200,ch150,150,c_m20_e5_t5,2784053836134596984,12424.0000,6528.0000,90.3186,118.1737
100-200,ch150,150,c_m20_e5_t5,2784053836134596985,12834.0000,6528.0000,96.5993,120.9985
100-200,ch150,150,c_m20_e5_t5,2784053836134596986,12214.0000,6528.0000,87.1017,113.8978
100-200,d198,198,c_m20_e5_t5,15483190154149439024,21505.0000,15780.0000,36.2801,145.5468
100-200,d198,198,c_m20_e5_t5,15483190154149439025,21558.0000,15780.0000,36.6160,144.0965
100-200,d198,198,c_m20_e5_t5,15483190154149439026,21559.0000,15780.0000,36.6223,146.4859
100-200,d198,198,c_m20_e5_t5,15483190154149439027,21415.0000,15780.0000,35.7098,145.2044
100-200,d198,198,c_m20_e5_t5,15483190154149439028,21720.0000,15780.0000,37.6426,140.6628
100-200,d198,198,c_m20_e5_t5,15483190154149439029,21726.0000,15780.0000,37.6806,141.8041
100-200,d198,198,c_m20_e5_t5,15483190154149439030,21394.0000,15780.0000,35.5767,150.7935
100-200,d198,198,c_m20_e5_t5,15483190154149439031,21641.0000,15780.0000,37.1420,148.6382
100-200,d198,198,c_m20_e5_t5,15483190154149439032,21491.0000,15780.0000,36.1914,143.0579
100-200,d198,198,c_m20_e5_t5,15483190154149439033,21249.0000,15780.0000,34.6578,147.1662
100-200,eil101,101,c_m20_e5_t5,9900156441233533230,864.0000,629.0000,37.3609,81.3676
100-200,eil101,101,c_m20_e5_t5,9900156441233533231,983.0000,629.0000,56.2798,82.0538
100-200,eil101,101,c_m20_e5_t5,9900156441233533232,922.0000,629.0000,46.5819,81.8372
100-200,eil101,101,c_m20_e5_t5,9900156441233533233,886.0000,629.0000,40.8585,83.8278
100-200,eil101,101,c_m20_e5_t5,9900156441233533234,970.0000,629.0000,54.2130,83.4210
100-200,eil101,101,c_m20_e5_t5,9900156441233533235,841.0000,629.0000,33.7043,83.0413
100-200,eil101,101,c_m20_e5_t5,9900156441233533236,1001.0000,629.0000,59.1415,82.8827
100-200,eil101,101,c_m20_e5_t5,9900156441233533237,884.0000,629.0000,40.5405,81.5306
100-200,eil101,101,c_m20_e5_t5,9900156441233533238,946.0000,629.0000,50.3975,82.4364
100-200,eil101,101,c_m20_e5_t5,9900156441233533239,925.0000,629.0000,47.0588,81.3128
100-200,gr120,120,c_m20_e5_t5,17284749513039269574,10936.0000,6942.0000,57.5339,92.7362
100-200,gr120,120,c_m20_e5_t5,17284749513039269575,11229.0000,6942.0000,61.7545,93.5212
100-200,gr120,120,c_m20_e5_t5,17284749513039269576,10616.0000,6942.0000,52.9242,92.9968
100-200,gr120,120,c_m20_e5_t5,17284749513039269577,12124.0000,6942.0000,74.6471,92.5736
100-200,gr120,120,c_m20_e5_t5,17284749513039269578,11112.0000,6942.0000,60.0691,92.3223
100-200,gr120,120,c_m20_e5_t5,17284749513039269579,11127.0000,6942.0000,60.2852,92.7631
100-200,gr120,120,c_m20_e5_t5,17284749513039269580,11166.0000,6942.0000,60.8470,93.2185
100-200,gr120,120,c_m20_e5_t5,17284749513039269581,10842.0000,6942.0000,56.1798,97.8042
100-200,gr120,120,c_m20_e5_t5,17284749513039269582,10561.0000,6942.0000,52.1320,94.7173
100-200,gr120,120,c_m20_e5_t5,17284749513039269583,13128.0000,6942.0000,89.1098,93.2883
100-200,gr137,137,c_m20_e5_t5,10091832865838226696,89658.0000,69853.0000,28.3524,102.3219
100-200,gr137,137,c_m20_e5_t5,10091832865838226697,90546.0000,69853.0000,29.6236,101.4168
100-200,gr137,137,c_m20_e5_t5,10091832865838226698,88626.0000,69853.0000,26.8750,102.8915
100-200,gr137,137,c_m20_e5_t5,10091832865838226699,91501.0000,69853.0000,30.9908,102.1923
100-200,gr137,137,c_m20_e5_t5,10091832865838226700,90317.0000,69853.0000,29.2958,102.3649
100-200,gr137,137,c_m20_e5_t5,10091832865838226701,90402.0000,69853.0000,29.4175,102.5427
100-200,gr137,137,c_m20_e5_t5,10091832865838226702,88090.0000,69853.0000,26.1077,101.5238
100-200,gr137,137,c_m20_e5_t5,10091832865838226703,91596.0000,69853.0000,31.1268,103.7444
100-200,gr137,137,c_m20_e5_t5,10091832865838226704,90569.0000,69853.0000,29.6566,103.0581
100-200,gr137,137,c_m20_e5_t5,10091832865838226705,91516.0000,69853.0000,31.0123,103.1289
100-200,kroA100,100,c_m20_e5_t5,2986608727650651358,39412.0000,21282.0000,85.1894,79.4978
100-200,kroA100,100,c_m20_e5_t5,2986608727650651359,35130.0000,21282.0000,65.0691,80.3020
100-200,kroA100,100,c_m20_e5_t5,2986608727650651360,32865.0000,21282.0000,54.4263,79.5670
100-200,kroA100,100,c_m20_e5_t5,2986608727650651361,39626.0000,21282.0000,86.1949,80.5286
100-200,kroA100,100,c_m20_e5_t5,2986608727650651362,33591.0000,21282.0000,57.8376,80.6681
100-200,kroA100,100,c_m20_e5_t5,2986608727650651363,38831.0000,21282.0000,82.4594,80.4722
100-200,kroA100,100,c_m20_e5_t5,2986608727650651364,37098.0000,21282.0000,74.3163,79.6029
100-200,kroA100,100,c_m20_e5_t5,2986608727650651365,34104.0000,21282.0000,60.2481,79.3517
100-200,kroA100,100,c_m20_e5_t5,2986608727650651366,38085.0000,21282.0000,78.9540,78.9285
100-200,kroA100,100,c_m20_e5_t5,2986608727650651367,33710.0000,21282.0000,58.3968,79.2286
100-200,kroA150,150,c_m20_e5_t5,2531674688941404417,53689.0000,26524.0000,102.4167,110.9201
100-200,kroA150,150,c_m20_e5_t5,2531674688941404418,51963.0000,26524.0000,95.9094,113.5630
100-200,kroA150,150,c_m20_e5_t5,2531674688941404419,56017.0000,26524.0000,111.1936,111.1028
100-200,kroA150,150,c_m20_e5_t5,2531674688941404420,52002.0000,26524.0000,96.0564,113.0429
100-200,kroA150,150,c_m20_e5_t5,2531674688941404421,52089.0000,26524.0000,96.3844,114.3468
100-200,kroA150,150,c_m20_e5_t5,2531674688941404422,54755.0000,26524.0000,106.4357,112.0299
100-200,kroA150,150,c_m20_e5_t5,2531674688941404423,54259.0000,26524.0000,104.5657,111.0769
100-200,kroA150,150,c_m20_e5_t5,2531674688941404424,52002.0000,26524.0000,96.0564,112.3244
100-200,kroA150,150,c_m20_e5_t5,2531674688941404425,50219.0000,26524.0000,89.3342,112.7367
100-200,kroA150,150,c_m20_e5_t5,2531674688941404426,56868.0000,26524.0000,114.4021,112.5540
100-200,kroB100,100,c_m20_e5_t5,13224596149827098141,36756.0000,22141.0000,66.0088,79.8805
100-200,kroB100,100,c_m20_e5_t5,13224596149827098142,36324.0000,22141.0000,64.0576,80.1271
100-200,kroB100,100,c_m20_e5_t5,13224596149827098143,33862.0000,22141.0000,52.9380,79.6738
100-200,kroB100,100,c_m20_e5_t5,13224596149827098144,39379.0000,22141.0000,77.8556,79.4327
100-200,kroB100,100,c_m20_e5_t5,13224596149827098145,37423.0000,22141.0000,69.0213,80.7222
100-200,kroB100,100,c_m20_e5_t5,13224596149827098146,34856.0000,22141.0000,57.4274,79.8520
100-200,kroB100,100,c_m20_e5_t5,13224596149827098147,34576.0000,22141.0000,56.1628,79.1270
100-200,kroB100,100,c_m20_e5_t5,13224596149827098148,35641.0000,22141.0000,60.9729,80.2348
100-200,kroB100,100,c_m20_e5_t5,13224596149827098149,34571.0000,22141.0000,56.1402,79.2820
100-200,kroB100,100,c_m20_e5_t5,13224596149827098150,32955.0000,22141.0000,48.8415,80.0064
100-200,kroB150,150,c_m20_e5_t5,12769662111117851200,57344.0000,26130.0000,119.4566,111.2404
100-200,kroB150,150,c_m20_e5_t5,12769662111117851201,52220.0000,26130.0000,99.8469,113.4402
100-200,kroB150,150,c_m20_e5_t5,12769662111117851202,59551.0000,26130.0000,127.9028,113.0318
100-200,kroB150,150,c_m20_e5_t5,12769662111117851203,54994.0000,26130.0000,110.4631,115.6520
100-200,kroB150,150,c_m20_e5_t5,12769662111117851204,50042.0000,26130.0000,91.5117,115.7811
100-200,kroB150,150,c_m20_e5_t5,12769662111117851205,50616.0000,26130.0000,93.7084,116.0095
100-200,kroB150,150,c_m20_e5_t5,12769662111117851206,58135.0000,26130.0000,122.4837,112.5645
100-200,kroB150,150,c_m20_e5_t5,12769662111117851207,60349.0000,26130.0000,130.9568,111.0028
100-200,kroB150,150,c_m20_e5_t5,12769662111117851208,50009.0000,26130.0000,91.3854,112.7382
100-200,kroB150,150,c_m20_e5_t5,12769662111117851209,50247.0000,26130.0000,92.2962,112.8032
100-200,kroC100,100,c_m20_e5_t5,5015839498293993308,37652.0000,20749.0000,81.4642,79.7575
100-200,kroC100,100,c_m20_e5_t5,5015839498293993309,34764.0000,20749.0000,67.5454,82.7677
100-200,kroC100,100,c_m20_e5_t5,5015839498293993310,33055.0000,20749.0000,59.3089,79.2770
100-200,kroC100,100,c_m20_e5_t5,5015839498293993311,38733.0000,20749.0000,86.6741,80.3773
100-200,kroC100,100,c_m20_e5_t5,5015839498293993312,43742.0000,20749.0000,110.8150,78.5963
100-200,kroC100,100,c_m20_e5_t5,5015839498293993313,42243.0000,20749.0000,103.5905,79.9711
100-200,kroC100,100,c_m20_e5_t5,5015839498293993314,33558.0000,20749.0000,61.7331,80.9407
100-200,kroC100,100,c_m20_e5_t5,5015839498293993315,39293.0000,20749.0000,89.3730,83.3356
100-200,kroC100,100,c_m20_e5_t5,5015839498293993316,38261.0000,20749.0000,84.3992,83.1636
100-200,kroC100,100,c_m20_e5_t5,5015839498293993317,33721.0000,20749.0000,62.5187,80.3350
100-200,kroD100,100,c_m20_e5_t5,15253826920470440091,37353.0000,21294.0000,75.4156,80.2146
100-200,kroD100,100,c_m20_e5_t5,15253826920470440092,37899.0000,21294.0000,77.9797,81.4377
100-200,kroD100,100,c_m20_e5_t5,15253826920470440093,36734.0000,21294.0000,72.5087,81.6700
100-200,kroD100,100,c_m20_e5_t5,15253826920470440094,35551.0000,21294.0000,66.9531,80.3223
100-200,kroD100,100,c_m20_e5_t5,15253826920470440095,32419.0000,21294.0000,52.2448,90.4364
100-200,kroD100,100,c_m20_e5_t5,15253826920470440096,37198.0000,21294.0000,74.6877,79.0127
100-200,kroD100,100,c_m20_e5_t5,15253826920470440097,32832.0000,21294.0000,54.1843,79.9745
100-200,kroD100,100,c_m20_e5_t5,15253826920470440098,40665.0000,21294.0000,90.9693,80.6525
100-200,kroD100,100,c_m20_e5_t5,15253826920470440099,40899.0000,21294.0000,92.0682,81.5593
100-200,kroD100,100,c_m20_e5_t5,15253826920470440100,38579.0000,21294.0000,81.1731,80.7179
100-200,kroE100,100,c_m20_e5_t5,7045070268937335258,38444.0000,22068.0000,74.2070,80.8039
100-200,kroE100,100,c_m20_e5_t5,7045070268937335259,33940.0000,22068.0000,53.7974,79.3833
100-200,kroE100,100,c_m20_e5_t5,7045070268937335260,34835.0000,22068.0000,57.8530,80.2092
100-200,kroE100,100,c_m20_e5_t5,7045070268937335261,31748.0000,22068.0000,43.8644,80.7146
100-200,kroE100,100,c_m20_e5_t5,7045070268937335262,36007.0000,22068.0000,63.1639,79.8060
100-200,kroE100,100,c_m20_e5_t5,7045070268937335263,32619.0000,22068.0000,47.8113,79.6834
100-200,kroE100,100,c_m20_e5_t5,7045070268937335264,34896.0000,22068.0000,58.1294,80.6548
100-200,kroE100,100,c_m20_e5_t5,7045070268937335265,39082.0000,22068.0000,77.0981,80.0990
100-200,kroE100,100,c_m20_e5_t5,7045070268937335266,37938.0000,22068.0000,71.9141,81.6985
100-200,kroE100,100,c_m20_e5_t5,7045070268937335267,40071.0000,22068.0000,81.5797,81.3036
100-200,lin105,105,c_m20_e5_t5,14780113534061406689,24121.0000,14379.0000,67.7516,83.6549
100-200,lin105,105,c_m20_e5_t5,14780113534061406690,24241.0000,14379.0000,68.5861,81.9502
100-200,lin105,105,c_m20_e5_t5,14780113534061406691,22703.0000,14379.0000,57.8900,84.0164
100-200,lin105,105,c_m20_e5_t5,14780113534061406692,22965.0000,14379.0000,59.7121,82.7249
100-200,lin105,105,c_m20_e5_t5,14780113534061406693,25185.0000,14379.0000,75.1513,82.5885
100-200,lin105,105,c_m20_e5_t5,14780113534061406694,21688.0000,14379.0000,50.8311,81.8251
100-200,lin105,105,c_m20_e5_t5,14780113534061406695,23711.0000,14379.0000,64.9002,83.4301
100-200,lin105,105,c_m20_e5_t5,14780113534061406696,24100.0000,14379.0000,67.6055,81.5481
100-200,lin105,105,c_m20_e5_t5,14780113534061406697,25048.0000,14379.0000,74.1985,81.1577
100-200,lin105,105,c_m20_e5_t5,14780113534061406698,24274.0000,14379.0000,68.8156,81.3704
100-200,pr107,107,c_m20_e5_t5,5713293384822044184,54408.0000,44303.0000,22.8088,83.0924
100-200,pr107,107,c_m20_e5_t5,5713293384822044185,53320.0000,44303.0000,20.3530,83.6529
100-200,pr107,107,c_m20_e5_t5,5713293384822044186,53979.0000,44303.0000,21.8405,83.0287
100-200,pr107,107,c_m20_e5_t5,5713293384822044187,54468.0000,44303.0000,22.9443,84.2047
100-200,pr107,107,c_m20_e5_t5,5713293384822044188,53472.0000,44303.0000,20.6961,86.9228
100-200,pr107,107,c_m20_e5_t5,5713293384822044189,53958.0000,44303.0000,21.7931,82.6200
100-200,pr107,107,c_m20_e5_t5,5713293384822044190,54003.0000,44303.0000,21.8947,83.2569
100-200,pr107,107,c_m20_e5_t5,5713293384822044191,53774.0000,44303.0000,21.3778,83.6747
100-200,pr107,107,c_m20_e5_t5,5713293384822044192,53710.0000,44303.0000,21.2333,82.2641
100-200,pr107,107,c_m20_e5_t5,5713293384822044193,54042.0000,44303.0000,21.9827,83.6882
100-200,pr124,124,c_m20_e5_t5,12264352800991338655,96119.0000,59030.0000,62.8308,94.6375
100-200,pr124,124,c_m20_e5_t5,12264352800991338656,96502.0000,59030.0000,63.4796,93.1928
100-200,pr124,124,c_m20_e5_t5,12264352800991338657,97134.0000,59030.0000,64.5502,93.7271
100-200,pr124,124,c_m20_e5_t5,12264352800991338658,97055.0000,59030.0000,64.4164,93.9139
100-200,pr124,124,c_m20_e5_t5,12264352800991338659,96526.0000,59030.0000,63.5202,96.3092
100-200,pr124,124,c_m20_e5_t5,12264352800991338660,96502.0000,59030.0000,63.4796,96.3868
100-200,pr124,124,c_m20_e5_t5,12264352800991338661,96502.0000,59030.0000,63.4796,97.2584
100-200,pr124,124,c_m20_e5_t5,12264352800991338662,96537.0000,59030.0000,63.5389,97.2993
100-200,pr124,124,c_m20_e5_t5,12264352800991338663,96526.0000,59030.0000,63.5202,97.7982
100-200,pr124,124,c_m20_e5_t5,12264352800991338664,96526.0000,59030.0000,63.5202,96.8696
100-200,pr136,136,c_m20_e5_t5,10144243181975433984,188893.0000,96772.0000,95.1939,103.8675
100-200,pr136,136,c_m20_e5_t5,10144243181975433985,238055.0000,96772.0000,145.9957,103.9170
100-200,pr136,136,c_m20_e5_t5,10144243181975433986,230121.0000,96772.0000,137.7971,103.1800
100-200,pr136,136,c_m20_e5_t5,10144243181975433987,225416.0000,96772.0000,132.9351,103.1282
100-200,pr136,136,c_m20_e5_t5,10144243181975433988,230332.0000,96772.0000,138.0151,103.1341
100-200,pr136,136,c_m20_e5_t5,10144243181975433989,211188.0000,96772.0000,118.2325,103.4004
100-200,pr136,136,c_m20_e5_t5,10144243181975433990,209336.0000,96772.0000,116.3188,103.5193
100-200,pr136,136,c_m20_e5_t5,10144243181975433991,188258.0000,96772.0000,94.5377,102.1714
100-200,pr136,136,c_m20_e5_t5,10144243181975433992,178283.0000,96772.0000,84.2299,102.0479
100-200,pr136,136,c_m20_e5_t5,10144243181975433993,230491.0000,96772.0000,138.1794,102.1154
100-200,pr144,144,c_m20_e5_t5,1014332741281908909,92580.0000,58537.0000,58.1564,108.3190
100-200,pr144,144,c_m20_e5_t5,1014332741281908910,93034.0000,58537.0000,58.9320,109.6015
100-200,pr144,144,c_m20_e5_t5,1014332741281908911,92580.0000,58537.0000,58.1564,107.1547
100-200,pr144,144,c_m20_e5_t5,1014332741281908912,92482.0000,58537.0000,57.9890,106.2940
100-200,pr144,144,c_m20_e5_t5,1014332741281908913,92452.0000,58537.0000,57.9377,106.2335
100-200,pr144,144,c_m20_e5_t5,1014332741281908914,92580.0000,58537.0000,58.1564,107.4796
100-200,pr144,144,c_m20_e5_t5,1014332741281908915,92482.0000,58537.0000,57.9890,130.9778
100-200,pr144,144,c_m20_e5_t5,1014332741281908916,92354.0000,58537.0000,57.7703,105.5081
100-200,pr144,144,c_m20_e5_t5,1014332741281908917,91654.0000,58537.0000,56.5745,106.9498
100-200,pr144,144,c_m20_e5_t5,1014332741281908918,92582.0000,58537.0000,58.1598,108.0204
100-200,pr152,152,c_m20_e5_t5,10331166374297935450,141935.0000,73682.0000,92.6319,111.1074
100-200,pr152,152,c_m20_e5_t5,10331166374297935451,132202.0000,73682.0000,79.4224,111.5863
100-200,pr152,152,c_m20_e5_t5,10331166374297935452,134831.0000,73682.0000,82.9904,116.2873
100-200,pr152,152,c_m20_e5_t5,10331166374297935453,152248.0000,73682.0000,106.6285,113.1481
100-200,pr152,152,c_m20_e5_t5,10331166374297935454,136816.0000,73682.0000,85.6844,112.7921
100-200,pr152,152,c_m20_e5_t5,10331166374297935455,142472.0000,73682.0000,93.3607,111.6461
100-200,pr152,152,c_m20_e5_t5,10331166374297935456,131829.0000,73682.0000,78.9162,112.7209
100-200,pr152,152,c_m20_e5_t5,10331166374297935457,137835.0000,73682.0000,87.0674,112.0700
100-200,pr152,152,c_m20_e5_t5,10331166374297935458,146961.0000,73682.0000,99.4531,111.0429
100-200,pr152,152,c_m20_e5_t5,10331166374297935459,145617.0000,73682.0000,97.6290,112.9143
100-200,rat195,195,c_m20_e5_t5,11483139759888948476,3736.0000,2323.0000,60.8265,138.5145
100-200,rat195,195,c_m20_e5_t5,11483139759888948477,3686.0000,2323.0000,58.6741,137.9186
100-200,rat195,195,c_m20_e5_t5,11483139759888948478,3920.0000,2323.0000,68.7473,139.8919
100-200,rat195,195,c_m20_e5_t5,11483139759888948479,3653.0000,2323.0000,57.2536,140.0336
100-200,rat195,195,c_m20_e5_t5,11483139759888948480,3890.0000,2323.0000,67.4559,139.0404
100-200,rat195,195,c_m20_e5_t5,11483139759888948481,3968.0000,2323.0000,70.8136,138.7173
100-200,rat195,195,c_m20_e5_t5,11483139759888948482,3710.0000,2323.0000,59.7073,138.1539
100-200,rat195,195,c_m20_e5_t5,11483139759888948483,3893.0000,2323.0000,67.5850,139.4503
100-200,rat195,195,c_m20_e5_t5,11483139759888948484,3772.0000,2323.0000,62.3762,137.8142
100-200,rat195,195,c_m20_e5_t5,11483139759888948485,3897.0000,2323.0000,67.7572,139.3901
100-200,rd100,100,c_m20_e5_t5,9874770566863827173,11473.0000,7910.0000,45.0442,78.9259
100-200,rd100,100,c_m20_e5_t5,9874770566863827174,12584.0000,7910.0000,59.0898,80.4009
100-200,rd100,100,c_m20_e5_t5,9874770566863827175,12362.0000,7910.0000,56.2832,79.9020
100-200,rd100,100,c_m20_e5_t5,9874770566863827176,12713.0000,7910.0000,60.7206,80.6520
100-200,rd100,100,c_m20_e5_t5,9874770566863827177,13522.0000,7910.0000,70.9482,78.9196
100-200,rd100,100,c_m20_e5_t5,9874770566863827178,11625.0000,7910.0000,46.9659,79.4235
100-200,rd100,100,c_m20_e5_t5,9874770566863827179,11958.0000,7910.0000,51.1757,80.4210
100-200,rd100,100,c_m20_e5_t5,9874770566863827180,13833.0000,7910.0000,74.8799,79.7308
100-200,rd100,100,c_m20_e5_t5,9874770566863827181,12314.0000,7910.0000,55.6764,79.3159
100-200,rd100,100,c_m20_e5_t5,9874770566863827182,12959.0000,7910.0000,63.8306,79.0652
100-200,si175,175,c_m20_e5_t5,1957493328040403567,23716.0000,21407.0000,10.7862,127.0869
100-200,si175,175,c_m20_e5_t5,1957493328040403568,23776.0000,21407.0000,11.0665,127.0178
100-200,si175,175,c_m20_e5_t5,1957493328040403569,23571.0000,21407.0000,10.1088,126.4869
100-200,si175,175,c_m20_e5_t5,1957493328040403570,23458.0000,21407.0000,9.5810,126.7349
100-200,si175,175,c_m20_e5_t5,1957493328040403571,23630.0000,21407.0000,10.3845,127.4448
100-200,si175,175,c_m20_e5_t5,1957493328040403572,23307.0000,21407.0000,8.8756,126.9573
100-200,si175,175,c_m20_e5_t5,1957493328040403573,23579.0000,21407.0000,10.1462,125.5342
100-200,si175,175,c_m20_e5_t5,1957493328040403574,23801.0000,21407.0000,11.1833,127.4757
100-200,si175,175,c_m20_e5_t5,1957493328040403575,23981.0000,21407.0000,12.0241,127.1070
100-200,si175,175,c_m20_e5_t5,1957493328040403576,23767.0000,21407.0000,11.0244,126.2181
100-200,u159,159,c_m20_e5_t5,15478967863609619056,42981.0000,42080.0000,2.1412,117.1074
100-200,u159,159,c_m20_e5_t5,15478967863609619057,43092.0000,42080.0000,2.4049,117.0254
100-200,u159,159,c_m20_e5_t5,15478967863609619058,42981.0000,42080.0000,2.1412,116.3674
100-200,u159,159,c_m20_e5_t5,15478967863609619059,42981.0000,42080.0000,2.1412,116.6260
100-200,u159,159,c_m20_e5_t5,15478967863609619060,43152.0000,42080.0000,2.5475,116.3184
100-200,u159,159,c_m20_e5_t5,15478967863609619061,43024.0000,42080.0000,2.2433,116.2207
100-200,u159,159,c_m20_e5_t5,15478967863609619062,43056.0000,42080.0000,2.3194,116.2125
100-200,u159,159,c_m20_e5_t5,15478967863609619063,43092.0000,42080.0000,2.4049,116.7239
100-200,u159,159,c_m20_e5_t5,15478967863609619064,42981.0000,42080.0000,2.1412,117.5103
100-200,u159,159,c_m20_e5_t5,15478967863609619065,42981.0000,42080.0000,2.1412,120.7224
100-200,bier127,127,b_100x2500_m20_e10_t5,7400787946847750996,172409.0000,118282.0000,45.7610,191.9255
100-200,bier127,127,b_100x2500_m20_e10_t5,7400787946847750997,163813.0000,118282.0000,38.4936,187.4748
100-200,bier127,127,b_100x2500_m20_e10_t5,7400787946847750998,176970.0000,118282.0000,49.6170,192.8013
100-200,bier127,127,b_100x2500_m20_e10_t5,7400787946847750999,166189.0000,118282.0000,40.5024,193.2018
100-200,bier127,127,b_100x2500_m20_e10_t5,7400787946847751000,159294.0000,118282.0000,34.6731,192.8021
100-200,bier127,127,b_100x2500_m20_e10_t5,7400787946847751001,164922.0000,118282.0000,39.4312,201.6177
100-200,bier127,127,b_100x2500_m20_e10_t5,7400787946847751002,173200.0000,118282.0000,46.4297,192.6655
100-200,bier127,127,b_100x2500_m20_e10_t5,7400787946847751003,177836.0000,118282.0000,50.3492,187.6195
100-200,bier127,127,b_100x2500_m20_e10_t5,7400787946847751004,160961.0000,118282.0000,36.0824,188.7690
100-200,bier127,127,b_100x2500_m20_e10_t5,7400787946847751005,164216.0000,118282.0000,38.8343,190.0864
100-200,brg180,180,b_100x2500_m20_e10_t5,10417887356957723154,2650.0000,1950.0000,35.8974,254.2407
100-200,brg180,180,b_100x2500_m20_e10_t5,10417887356957723155,2560.0000,1950.0000,31.2821,251.7192
100-200,brg180,180,b_100x2500_m20_e10_t5,10417887356957723156,2650.0000,1950.0000,35.8974,263.1991
100-200,brg180,180,b_100x2500_m20_e10_t5,10417887356957723157,6190.0000,1950.0000,217.4359,250.7152
100-200,brg180,180,b_100x2500_m20_e10_t5,10417887356957723158,2930.0000,1950.0000,50.2564,257.4451
100-200,brg180,180,b_100x2500_m20_e10_t5,10417887356957723159,2790.0000,1950.0000,43.0769,251.8811
100-200,brg180,180,b_100x2500_m20_e10_t5,10417887356957723160,2710.0000,1950.0000,38.9744,254.2797
100-200,brg180,180,b_100x2500_m20_e10_t5,10417887356957723161,6150.0000,1950.0000,215.3846,253.4985
100-200,brg180,180,b_100x2500_m20_e10_t5,10417887356957723162,6260.0000,1950.0000,221.0256,256.1203
100-200,brg180,180,b_100x2500_m20_e10_t5,10417887356957723163,2750.0000,1950.0000,41.0256,252.0397
100-200,ch130,130,b_100x2500_m20_e10_t5,17333194270523952447,10729.0000,6110.0000,75.5974,190.5660
100-200,ch130,130,b_100x2500_m20_e10_t5,17333194270523952448,10711.0000,6110.0000,75.3028,191.6108
100-200,ch130,130,b_100x2500_m20_e10_t5,17333194270523952449,10826.0000,6110.0000,77.1849,193.4064
100-200,ch130,130,b_100x2500_m20_e10_t5,17333194270523952450,10282.0000,6110.0000,68.2815,192.6746
100-200,ch130,130,b_100x2500_m20_e10_t5,17333194270523952451,10952.0000,6110.0000,79.2471,191.8590
100-200,ch130,130,b_100x2500_m20_e10_t5,17333194270523952452,10307.0000,6110.0000,68.6907,190.4502
100-200,ch130,130,b_100x2500_m20_e10_t5,17333194270523952453,10056.0000,6110.0000,64.5827,192.0666
100-200,ch130,130,b_100x2500_m20_e10_t5,17333194270523952454,10176.0000,6110.0000,66.5466,194.9916
100-200,ch130,130,b_100x2500_m20_e10_t5,17333194270523952455,10627.0000,6110.0000,73.9280,192.9305
100-200,ch130,130,b_100x2500_m20_e10_t5,17333194270523952456,9987.0000,6110.0000,63.4534,190.8613
100-200,ch150,150,b_100x2500_m20_e10_t5,6083174210814522701,12443.0000,6528.0000,90.6097,216.5152
100-200,ch150,150,b_100x2500_m20_e10_t5,6083174210814522702,12296.0000,6528.0000,88.3578,216.4765
100-200,ch150,150,b_100x2500_m20_e10_t5,6083174210814522703,13115.0000,6528.0000,100.9038,216.9256
100-200,ch150,150,b_100x2500_m20_e10_t5,6083174210814522704,11545.0000,6528.0000,76.8536,217.6216
100-200,ch150,150,b_100x2500_m20_e10_t5,6083174210814522705,13073.0000,6528.0000,100.2604,216.5619
100-200,ch150,150,b_100x2500_m20_e10_t5,6083174210814522706,12249.0000,6528.0000,87.6379,218.6994
100-200,ch150,150,b_100x2500_m20_e10_t5,6083174210814522707,12203.0000,6528.0000,86.9332,215.7135
100-200,ch150,150,b_100x2500_m20_e10_t5,6083174210814522708,11736.0000,6528.0000,79.7794,219.1696
100-200,ch150,150,b_100x2500_m20_e10_t5,6083174210814522709,12019.0000,6528.0000,84.1146,217.6322
100-200,ch150,150,b_100x2500_m20_e10_t5,6083174210814522710,12049.0000,6528.0000,84.5741,223.3935
100-200,d198,198,b_100x2500_m20_e10_t5,12410447793485849636,20835.0000,15780.0000,32.0342,277.9831
100-200,d198,198,b_100x2500_m20_e10_t5,12410447793485849637,21143.0000,15780.0000,33.9861,283.3585
100-200,d198,198,b_100x2500_m20_e10_t5,12410447793485849638,21039.0000,15780.0000,33.3270,275.1302
100-200,d198,198,b_100x2500_m20_e10_t5,12410447793485849639,21153.0000,15780.0000,34.0494,283.0839
100-200,d198,198,b_100x2500_m20_e10_t5,12410447793485849640,20685.0000,15780.0000,31.0837,275.6590
100-200,d198,198,b_100x2500_m20_e10_t5,12410447793485849641,21343.0000,15780.0000,35.2535,278.2180
100-200,d198,198,b_100x2500_m20_e10_t5,12410447793485849642,21105.0000,15780.0000,33.7452,274.8760
100-200,d198,198,b_100x2500_m20_e10_t5,12410447793485849643,20752.0000,15780.0000,31.5082,276.7575
100-200,d198,198,b_100x2500_m20_e10_t5,12410447793485849644,21376.0000,15780.0000,35.4626,278.3551
100-200,d198,198,b_100x2500_m20_e10_t5,12410447793485849645,20959.0000,15780.0000,32.8200,280.8024
100-200,eil101,101,b_100x2500_m20_e10_t5,17809811828984115906,887.0000,629.0000,41.0175,156.8144
100-200,eil101,101,b_100x2500_m20_e10_t5,17809811828984115907,949.0000,629.0000,50.8744,157.2337
100-200,eil101,101,b_100x2500_m20_e10_t5,17809811828984115908,920.0000,629.0000,46.2639,156.5765
100-200,eil101,101,b_100x2500_m20_e10_t5,17809811828984115909,867.0000,629.0000,37.8378,156.9704
100-200,eil101,101,b_100x2500_m20_e10_t5,17809811828984115910,841.0000,629.0000,33.7043,160.3112
100-200,eil101,101,b_100x2500_m20_e10_t5,17809811828984115911,832.0000,629.0000,32.2734,158.1104
100-200,eil101,101,b_100x2500_m20_e10_t5,17809811828984115912,864.0000,629.0000,37.3609,155.6752
100-200,eil101,101,b_100x2500_m20_e10_t5,17809811828984115913,906.0000,629.0000,44.0382,188.2723
100-200,eil101,101,b_100x2500_m20_e10_t5,17809811828984115914,896.0000,629.0000,42.4483,161.4500
100-200,eil101,101,b_100x2500_m20_e10_t5,17809811828984115915,886.0000,629.0000,40.8585,154.9355
100-200,gr120,120,b_100x2500_m20_e10_t5,2137125814009643682,12317.0000,6942.0000,77.4273,183.9322
100-200,gr120,120,b_100x2500_m20_e10_t5,2137125814009643683,11308.0000,6942.0000,62.8925,182.0234
100-200,gr120,120,b_100x2500_m20_e10_t5,2137125814009643684,10363.0000,6942.0000,49.2797,183.5155
100-200,gr120,120,b_100x2500_m20_e10_t5,2137125814009643685,11663.0000,6942.0000,68.0063,181.1077
100-200,gr120,120,b_100x2500_m20_e10_t5,2137125814009643686,11155.0000,6942.0000,60.6886,182.4396
100-200,gr120,120,b_100x2500_m20_e10_t5,2137125814009643687,11311.0000,6942.0000,62.9358,181.9219
100-200,gr120,120,b_100x2500_m20_e10_t5,2137125814009643688,11033.0000,6942.0000,58.9311,184.0826
100-200,gr120,120,b_100x2500_m20_e10_t5,2137125814009643689,10656.0000,6942.0000,53.5004,178.1854
100-200,gr120,120,b_100x2500_m20_e10_t5,2137125814009643690,11985.0000,6942.0000,72.6448,181.2769
100-200,gr120,120,b_100x2500_m20_e10_t5,2137125814009643691,10969.0000,6942.0000,58.0092,180.9471
100-200,gr137,137,b_100x2500_m20_e10_t5,13390953240518152420,85608.0000,69853.0000,22.5545,201.9689
100-200,gr137,137,b_100x2500_m20_e10_t5,13390953240518152421,90917.0000,69853.0000,30.1548,224.8867
100-200,gr137,137,b_100x2500_m20_e10_t5,13390953240518152422,91358.0000,69853.0000,30.7861,198.3653
100-200,gr137,137,b_100x2500_m20_e10_t5,13390953240518152423,88025.0000,69853.0000,26.0146,203.9832
100-200,gr137,137,b_100x2500_m20_e10_t5,13390953240518152424,87582.0000,69853.0000,25.3804,200.3916
100-200,gr137,137,b_100x2500_m20_e10_t5,13390953240518152425,90632.0000,69853.0000,29.7468,202.2819
100-200,gr137,137,b_100x2500_m20_e10_t5,13390953240518152426,90909.0000,69853.0000,30.1433,201.5148
100-200,gr137,137,b_100x2500_m20_e10_t5,13390953240518152427,91099.0000,69853.0000,30.4153,198.7357
100-200,gr137,137,b_100x2500_m20_e10_t5,13390953240518152428,91619.0000,69853.0000,31.1597,204.0151
100-200,gr137,137,b_100x2500_m20_e10_t5,13390953240518152429,89402.0000,69853.0000,27.9859,199.7993
100-200,kroA100,100,b_100x2500_m20_e10_t5,6133796395242091418,35494.0000,21282.0000,66.7794,154.5156
100-200,kroA100,100,b_100x2500_m20_e10_t5,6133796395242091419,37608.0000,21282.0000,76.7127,156.4248
100-200,kroA100,100,b_100x2500_m20_e10_t5,6133796395242091420,32498.0000,21282.0000,52.7018,153.1989
100-200,kroA100,100,b_100x2500_m20_e10_t5,6133796395242091421,31522.0000,21282.0000,48.1158,153.9896
100-200,kroA100,100,b_100x2500_m20_e10_t5,6133796395242091422,34789.0000,21282.0000,63.4668,157.3196
100-200,kroA100,100,b_100x2500_m20_e10_t5,6133796395242091423,34775.0000,21282.0000,63.4010,152.3709
100-200,kroA100,100,b_100x2500_m20_e10_t5,6133796395242091424,33740.0000,21282.0000,58.5377,158.1340
100-200,kroA100,100,b_100x2500_m20_e10_t5,6133796395242091425,35298.0000,21282.0000,65.8585,154.2870
100-200,kroA100,100,b_100x2500_m20_e10_t5,6133796395242091426,36644.0000,21282.0000,72.1831,155.8338
100-200,kroA100,100,b_100x2500_m20_e10_t5,6133796395242091427,32204.0000,21282.0000,51.3204,154.7661
100-200,kroA150,150,b_100x2500_m20_e10_t5,5678862356532844477,43722.0000,26524.0000,64.8394,215.8511
100-200,kroA150,150,b_100x2500_m20_e10_t5,5678862356532844478,50835.0000,26524.0000,91.6566,218.3775
100-200,kroA150,150,b_100x2500_m20_e10_t5,5678862356532844479,46747.0000,26524.0000,76.2442,217.6444
100-200,kroA150,150,b_100x2500_m20_e10_t5,5678862356532844480,52849.0000,26524.0000,99.2497,219.3708
100-200,kroA150,150,b_100x2500_m20_e10_t5,5678862356532844481,47434.0000,26524.0000,78.8343,216.3108
100-200,kroA150,150,b_100x2500_m20_e10_t5,5678862356532844482,51087.0000,26524.0000,92.6067,217.2521
100-200,kroA150,150,b_100x2500_m20_e10_t5,5678862356532844483,49088.0000,26524.0000,85.0701,218.9905
100-200,kroA150,150,b_100x2500_m20_e10_t5,5678862356532844484,51508.0000,26524.0000,94.1939,218.2312
100-200,kroA150,150,b_100x2500_m20_e10_t5,5678862356532844485,53863.0000,26524.0000,103.0727,220.1680
100-200,kroA150,150,b_100x2500_m20_e10_t5,5678862356532844486,49194.0000,26524.0000,85.4698,215.8896
100-200,kroB100,100,b_100x2500_m20_e10_t5,16371783817418538201,33474.0000,22141.0000,51.1856,155.9890
100-200,kroB100,100,b_100x2500_m20_e10_t5,16371783817418538202,35569.0000,22141.0000,60.6477,153.9490
100-200,kroB100,100,b_100x2500_m20_e10_t5,16371783817418538203,34538.0000,22141.0000,55.9911,154.3918
100-200,kroB100,100,b_100x2500_m20_e10_t5,16371783817418538204,35046.0000,22141.0000,58.2855,155.9103
100-200,kroB100,100,b_100x2500_m20_e10_t5,16371783817418538205,36342.0000,22141.0000,64.1389,153.6298
100-200,kroB100,100,b_100x2500_m20_e10_t5,16371783817418538206,38391.0000,22141.0000,73.3933,152.9730
100-200,kroB100,100,b_100x2500_m20_e10_t5,16371783817418538207,34221.0000,22141.0000,54.5594,154.5452
100-200,kroB100,100,b_100x2500_m20_e10_t5,16371783817418538208,35224.0000,22141.0000,59.0895,154.6066
100-200,kroB100,100,b_100x2500_m20_e10_t5,16371783817418538209,34174.0000,22141.0000,54.3471,153.8101
100-200,kroB100,100,b_100x2500_m20_e10_t5,16371783817418538210,34343.0000,22141.0000,55.1104,154.7741
100-200,kroB150,150,b_100x2500_m20_e10_t5,15916849778709291260,50643.0000,26130.0000,93.8117,217.1596
100-200,kroB150,150,b_100x2500_m20_e10_t5,15916849778709291261,52827.0000,26130.0000,102.1699,216.0012
100-200,kroB150,150,b_100x2500_m20_e10_t5,15916849778709291262,50058.0000,26130.0000,91.5729,217.6712
100-200,kroB150,150,b_100x2500_m20_e10_t5,15916849778709291263,51115.0000,26130.0000,95.6181,217.6224
100-200,kroB150,150,b_100x2500_m20_e10_t5,15916849778709291264,46962.0000,26130.0000,79.7245,216.6150
100-200,kroB150,150,b_100x2500_m20_e10_t5,15916849778709291265,53656.0000,26130.0000,105.3425,216.9806
100-200,kroB150,150,b_100x2500_m20_e10_t5,15916849778709291266,46912.0000,26130.0000,79.5331,214.8786
100-200,kroB150,150,b_100x2500_m20_e10_t5,15916849778709291267,43956.0000,26130.0000,68.2204,216.7976
100-200,kroB150,150,b_100x2500_m20_e10_t5,15916849778709291268,51215.0000,26130.0000,96.0008,247.7442
100-200,kroB150,150,b_100x2500_m20_e10_t5,15916849778709291269,47370.0000,26130.0000,81.2859,220.5412
100-200,kroC100,100,b_100x2500_m20_e10_t5,8163027165885433368,29244.0000,20749.0000,40.9417,154.5735
100-200,kroC100,100,b_100x2500_m20_e10_t5,8163027165885433369,27992.0000,20749.0000,34.9077,153.0507
100-200,kroC100,100,b_100x2500_m20_e10_t5,8163027165885433370,30408.0000,20749.0000,46.5516,154.7311
100-200,kroC100,100,b_100x2500_m20_e10_t5,8163027165885433371,39832.0000,20749.0000,91.9707,154.1985
100-200,kroC100,100,b_100x2500_m20_e10_t5,8163027165885433372,37509.0000,20749.0000,80.7750,154.4575
100-200,kroC100,100,b_100x2500_m20_e10_t5,8163027165885433373,31484.0000,20749.0000,51.7374,154.1357
100-200,kroC100,100,b_100x2500_m20_e10_t5,8163027165885433374,37821.0000,20749.0000,82.2787,154.6320
100-200,kroC100,100,b_100x2500_m20_e10_t5,8163027165885433375,37113.0000,20749.0000,78.8665,153.8982
100-200,kroC100,100,b_100x2500_m20_e10_t5,8163027165885433376,32565.0000,20749.0000,56.9473,154.9144
100-200,kroC100,100,b_100x2500_m20_e10_t5,8163027165885433377,30972.0000,20749.0000,49.2698,153.7547
100-200,kroD100,100,b_100x2500_m20_e10_t5,18401014588061880151,36592.0000,21294.0000,71.8418,153.0026
100-200,kroD100,100,b_100x2500_m20_e10_t5,18401014588061880152,35864.0000,21294.0000,68.4230,154.9636
100-200,kroD100,100,b_100x2500_m20_e10_t5,18401014588061880153,33587.0000,21294.0000,57.7299,154.3540
100-200,kroD100,100,b_100x2500_m20_e10_t5,18401014588061880154,37096.0000,21294.0000,74.2087,156.3248
100-200,kroD100,100,b_100x2500_m20_e10_t5,18401014588061880155,31050.0000,21294.0000,45.8157,155.2294
100-200,kroD100,100,b_100x2500_m20_e10_t5,18401014588061880156,38727.0000,21294.0000,81.8681,153.7850
100-200,kroD100,100,b_100x2500_m20_e10_t5,18401014588061880157,32709.0000,21294.0000,53.6066,164.9272
100-200,kroD100,100,b_100x2500_m20_e10_t5,18401014588061880158,31050.0000,21294.0000,45.8157,158.2598
100-200,kroD100,100,b_100x2500_m20_e10_t5,18401014588061880159,34094.0000,21294.0000,60.1108,157.3481
100-200,kroD100,100,b_100x2500_m20_e10_t5,18401014588061880160,32560.0000,21294.0000,52.9069,154.7608
100-200,kroE100,100,b_100x2500_m20_e10_t5,10192257936528775318,33220.0000,22068.0000,50.5347,157.3744
100-200,kroE100,100,b_100x2500_m20_e10_t5,10192257936528775319,35436.0000,22068.0000,60.5764,155.1062
100-200,kroE100,100,b_100x2500_m20_e10_t5,10192257936528775320,34444.0000,22068.0000,56.0812,154.6581
100-200,kroE100,100,b_100x2500_m20_e10_t5,10192257936528775321,41109.0000,22068.0000,86.2833,154.2459
100-200,kroE100,100,b_100x2500_m20_e10_t5,10192257936528775322,35542.0000,22068.0000,61.0567,155.8231
100-200,kroE100,100,b_100x2500_m20_e10_t5,10192257936528775323,34466.0000,22068.0000,56.1809,154.4832
100-200,kroE100,100,b_100x2500_m20_e10_t5,10192257936528775324,36969.0000,22068.0000,67.5231,153.5319
100-200,kroE100,100,b_100x2500_m20_e10_t5,10192257936528775325,35272.0000,22068.0000,59.8332,155.2013
100-200,kroE100,100,b_100x2500_m20_e10_t5,10192257936528775326,37044.0000,22068.0000,67.8630,153.9613
100-200,kroE100,100,b_100x2500_m20_e10_t5,10192257936528775327,41974.0000,22068.0000,90.2030,153.7196
100-200,lin105,105,b_100x2500_m20_e10_t5,4243024848102437749,22521.0000,14379.0000,56.6242,160.8427
100-200,lin105,105,b_100x2500_m20_e10_t5,4243024848102437750,22149.0000,14379.0000,54.0371,160.6173
100-200,lin105,105,b_100x2500_m20_e10_t5,4243024848102437751,22936.0000,14379.0000,59.5104,159.3317
100-200,lin105,105,b_100x2500_m20_e10_t5,4243024848102437752,22607.0000,14379.0000,57.2223,158.7894
100-200,lin105,105,b_100x2500_m20_e10_t5,4243024848102437753,23703.0000,14379.0000,64.8446,160.6912
100-200,lin105,105,b_100x2500_m20_e10_t5,4243024848102437754,23604.0000,14379.0000,64.1561,159.0283
100-200,lin105,105,b_100x2500_m20_e10_t5,4243024848102437755,23451.0000,14379.0000,63.0920,159.3385
100-200,lin105,105,b_100x2500_m20_e10_t5,4243024848102437756,24173.0000,14379.0000,68.1132,160.5427
100-200,lin105,105,b_100x2500_m20_e10_t5,4243024848102437757,23439.0000,14379.0000,63.0086,160.5058
100-200,lin105,105,b_100x2500_m20_e10_t5,4243024848102437758,23828.0000,14379.0000,65.7139,162.7834
100-200,pr107,107,b_100x2500_m20_e10_t5,9012413759501969908,53649.0000,44303.0000,21.0956,163.2303
100-200,pr107,107,b_100x2500_m20_e10_t5,9012413759501969909,52725.0000,44303.0000,19.0100,162.0040
100-200,pr107,107,b_100x2500_m20_e10_t5,9012413759501969910,53905.0000,44303.0000,21.6735,162.4825
100-200,pr107,107,b_100x2500_m20_e10_t5,9012413759501969911,53678.0000,44303.0000,21.1611,162.6784
100-200,pr107,107,b_100x2500_m20_e10_t5,9012413759501969912,52702.0000,44303.0000,18.9581,162.8459
100-200,pr107,107,b_100x2500_m20_e10_t5,9012413759501969913,53641.0000,44303.0000,21.0776,162.2280
100-200,pr107,107,b_100x2500_m20_e10_t5,9012413759501969914,53000.0000,44303.0000,19.6307,162.6862
100-200,pr107,107,b_100x2500_m20_e10_t5,9012413759501969915,52796.0000,44303.0000,19.1703,161.6620
100-200,pr107,107,b_100x2500_m20_e10_t5,9012413759501969916,52245.0000,44303.0000,17.9266,162.0170
100-200,pr107,107,b_100x2500_m20_e10_t5,9012413759501969917,52839.0000,44303.0000,19.2673,165.6492
100-200,pr124,124,b_100x2500_m20_e10_t5,15563473175671264379,96502.0000,59030.0000,63.4796,185.5083
100-200,pr124,124,b_100x2500_m20_e10_t5,15563473175671264380,96537.0000,59030.0000,63.5389,183.9411
100-200,pr124,124,b_100x2500_m20_e10_t5,15563473175671264381,96537.0000,59030.0000,63.5389,185.3214
100-200,pr124,124,b_100x2500_m20_e10_t5,15563473175671264382,96502.0000,59030.0000,63.4796,183.7962
100-200,pr124,124,b_100x2500_m20_e10_t5,15563473175671264383,96502.0000,59030.0000,63.4796,189.1093
100-200,pr124,124,b_100x2500_m20_e10_t5,15563473175671264384,96537.0000,59030.0000,63.5389,185.1246
100-200,pr124,124,b_100x2500_m20_e10_t5,15563473175671264385,96603.0000,59030.0000,63.6507,182.7993
100-200,pr124,124,b_100x2500_m20_e10_t5,15563473175671264386,96537.0000,59030.0000,63.5389,186.4683
100-200,pr124,124,b_100x2500_m20_e10_t5,15563473175671264387,92697.0000,59030.0000,57.0337,182.8936
100-200,pr124,124,b_100x2500_m20_e10_t5,15563473175671264388,94836.0000,59030.0000,60.6573,215.7823
100-200,pr136,136,b_100x2500_m20_e10_t5,13443363556655359708,209839.0000,96772.0000,116.8385,200.4139
100-200,pr136,136,b_100x2500_m20_e10_t5,13443363556655359709,215294.0000,96772.0000,122.4755,198.2042
100-200,pr136,136,b_100x2500_m20_e10_t5,13443363556655359710,176956.0000,96772.0000,82.8587,200.3666
100-200,pr136,136,b_100x2500_m20_e10_t5,13443363556655359711,217628.0000,96772.0000,124.8874,198.2016
100-200,pr136,136,b_100x2500_m20_e10_t5,13443363556655359712,217867.0000,96772.0000,125.1343,198.7413
100-200,pr136,136,b_100x2500_m20_e10_t5,13443363556655359713,200064.0000,96772.0000,106.7375,199.2748
100-200,pr136,136,b_100x2500_m20_e10_t5,13443363556655359714,213750.0000,96772.0000,120.8800,199.1241
100-200,pr136,136,b_100x2500_m20_e10_t5,13443363556655359715,201429.0000,96772.0000,108.1480,203.1103
100-200,pr136,136,b_100x2500_m20_e10_t5,13443363556655359716,212512.0000,96772.0000,119.6007,197.9512
100-200,pr136,136,b_100x2500_m20_e10_t5,13443363556655359717,211029.0000,96772.0000,118.0682,198.8581
100-200,pr144,144,b_100x2500_m20_e10_t5,4313453115961834633,92580.0000,58537.0000,58.1564,210.1393
100-200,pr144,144,b_100x2500_m20_e10_t5,4313453115961834634,92580.0000,58537.0000,58.1564,209.4415
100-200,pr144,144,b_100x2500_m20_e10_t5,4313453115961834635,92580.0000,58537.0000,58.1564,210.2488
100-200,pr144,144,b_100x2500_m20_e10_t5,4313453115961834636,92442.0000,58537.0000,57.9206,208.7475
100-200,pr144,144,b_100x2500_m20_e10_t5,4313453115961834637,91882.0000,58537.0000,56.9640,208.0948
100-200,pr144,144,b_100x2500_m20_e10_t5,4313453115961834638,92482.0000,58537.0000,57.9890,211.3323
100-200,pr144,144,b_100x2500_m20_e10_t5,4313453115961834639,92482.0000,58537.0000,57.9890,209.1531
100-200,pr144,144,b_100x2500_m20_e10_t5,4313453115961834640,92482.0000,58537.0000,57.9890,212.1942
100-200,pr144,144,b_100x2500_m20_e10_t5,4313453115961834641,92580.0000,58537.0000,58.1564,210.9585
100-200,pr144,144,b_100x2500_m20_e10_t5,4313453115961834642,92593.0000,58537.0000,58.1786,208.7790
100-200,pr152,152,b_100x2500_m20_e10_t5,13630286748977861174,140620.0000,73682.0000,90.8472,218.0316
100-200,pr152,152,b_100x2500_m20_e10_t5,13630286748977861175,129344.0000,73682.0000,75.5436,219.4496
100-200,pr152,152,b_100x2500_m20_e10_t5,13630286748977861176,125646.0000,73682.0000,70.5247,237.4501
100-200,pr152,152,b_100x2500_m20_e10_t5,13630286748977861177,129122.0000,73682.0000,75.2423,223.7530
100-200,pr152,152,b_100x2500_m20_e10_t5,13630286748977861178,130899.0000,73682.0000,77.6540,221.7505
100-200,pr152,152,b_100x2500_m20_e10_t5,13630286748977861179,138406.0000,73682.0000,87.8423,217.5381
100-200,pr152,152,b_100x2500_m20_e10_t5,13630286748977861180,131665.0000,73682.0000,78.6936,219.0169
100-200,pr152,152,b_100x2500_m20_e10_t5,13630286748977861181,133692.0000,73682.0000,81.4446,217.2703
100-200,pr152,152,b_100x2500_m20_e10_t5,13630286748977861182,135802.0000,73682.0000,84.3082,223.3875
100-200,pr152,152,b_100x2500_m20_e10_t5,13630286748977861183,129463.0000,73682.0000,75.7051,219.2183
100-200,rat195,195,b_100x2500_m20_e10_t5,946051073929979536,3572.0000,2323.0000,53.7667,273.9297
100-200,rat195,195,b_100x2500_m20_e10_t5,946051073929979537,3859.0000,2323.0000,66.1214,277.6360
100-200,rat195,195,b_100x2500_m20_e10_t5,946051073929979538,3746.0000,2323.0000,61.2570,272.1743
100-200,rat195,195,b_100x2500_m20_e10_t5,946051073929979539,3880.0000,2323.0000,67.0254,273.3026
100-200,rat195,195,b_100x2500_m20_e10_t5,946051073929979540,3884.0000,2323.0000,67.1976,271.7731
100-200,rat195,195,b_100x2500_m20_e10_t5,946051073929979541,3845.0000,2323.0000,65.5187,274.6499
100-200,rat195,195,b_100x2500_m20_e10_t5,946051073929979542,3541.0000,2323.0000,52.4322,273.6388
100-200,rat195,195,b_100x2500_m20_e10_t5,946051073929979543,3751.0000,2323.0000,61.4722,272.5087
100-200,rat195,195,b_100x2500_m20_e10_t5,946051073929979544,3770.0000,2323.0000,62.2901,274.3876
100-200,rat195,195,b_100x2500_m20_e10_t5,946051073929979545,3813.0000,2323.0000,64.1412,274.6797
100-200,rd100,100,b_100x2500_m20_e10_t5,13173890941543752897,14178.0000,7910.0000,79.2415,153.5932
100-200,rd100,100,b_100x2500_m20_e10_t5,13173890941543752898,13075.0000,7910.0000,65.2971,157.9946
100-200,rd100,100,b_100x2500_m20_e10_t5,13173890941543752899,13075.0000,7910.0000,65.2971,156.0361
100-200,rd100,100,b_100x2500_m20_e10_t5,13173890941543752900,12793.0000,7910.0000,61.7320,154.9711
100-200,rd100,100,b_100x2500_m20_e10_t5,13173890941543752901,10881.0000,7910.0000,37.5601,153.6530
100-200,rd100,100,b_100x2500_m20_e10_t5,13173890941543752902,12112.0000,7910.0000,53.1226,154.7789
100-200,rd100,100,b_100x2500_m20_e10_t5,13173890941543752903,13428.0000,7910.0000,69.7598,155.5485
100-200,rd100,100,b_100x2500_m20_e10_t5,13173890941543752904,12777.0000,7910.0000,61.5297,155.3398
100-200,rd100,100,b_100x2500_m20_e10_t5,13173890941543752905,12350.0000,7910.0000,56.1315,158.2641
100-200,rd100,100,b_100x2500_m20_e10_t5,13173890941543752906,10503.0000,7910.0000,32.7813,156.7047
100-200,si175,175,b_100x2500_m20_e10_t5,5256613702720329291,23488.0000,21407.0000,9.7211,249.2761
100-200,si175,175,b_100x2500_m20_e10_t5,5256613702720329292,23546.0000,21407.0000,9.9921,247.7462
100-200,si175,175,b_100x2500_m20_e10_t5,5256613702720329293,23404.0000,21407.0000,9.3287,248.4026
100-200,si175,175,b_100x2500_m20_e10_t5,5256613702720329294,23416.0000,21407.0000,9.3848,249.8635
100-200,si175,175,b_100x2500_m20_e10_t5,5256613702720329295,23020.0000,21407.0000,7.5349,246.5003
100-200,si175,175,b_100x2500_m20_e10_t5,5256613702720329296,23238.0000,21407.0000,8.5533,252.7733
100-200,si175,175,b_100x2500_m20_e10_t5,5256613702720329297,23475.0000,21407.0000,9.6604,249.0837
100-200,si175,175,b_100x2500_m20_e10_t5,5256613702720329298,23445.0000,21407.0000,9.5203,247.0468
100-200,si175,175,b_100x2500_m20_e10_t5,5256613702720329299,23496.0000,21407.0000,9.7585,247.5662
100-200,si175,175,b_100x2500_m20_e10_t5,5256613702720329300,23834.0000,21407.0000,11.3374,251.2051
100-200,u159,159,b_100x2500_m20_e10_t5,12406225502946029668,42981.0000,42080.0000,2.1412,270.0831
100-200,u159,159,b_100x2500_m20_e10_t5,12406225502946029669,42981.0000,42080.0000,2.1412,229.7440
100-200,u159,159,b_100x2500_m20_e10_t5,12406225502946029670,42981.0000,42080.0000,2.1412,235.6950
100-200,u159,159,b_100x2500_m20_e10_t5,12406225502946029671,42981.0000,42080.0000,2.1412,230.3479
100-200,u159,159,b_100x2500_m20_e10_t5,12406225502946029672,42981.0000,42080.0000,2.1412,230.0175
100-200,u159,159,b_100x2500_m20_e10_t5,12406225502946029673,42981.0000,42080.0000,2.1412,230.9125
100-200,u159,159,b_100x2500_m20_e10_t5,12406225502946029674,42981.0000,42080.0000,2.1412,229.2842
100-200,u159,159,b_100x2500_m20_e10_t5,12406225502946029675,42981.0000,42080.0000,2.1412,227.9874
100-200,u159,159,b_100x2500_m20_e10_t5,12406225502946029676,42981.0000,42080.0000,2.1412,229.0267
100-200,u159,159,b_100x2500_m20_e10_t5,12406225502946029677,42981.0000,42080.0000,2.1412,229.2311
100-200,bier127,127,b_150x2000_m20_e10_t5,11729327114902156452,150817.0000,118282.0000,27.5063,240.7707
100-200,bier127,127,b_150x2000_m20_e10_t5,11729327114902156453,159751.0000,118282.0000,35.0594,233.9749
100-200,bier127,127,b_150x2000_m20_e10_t5,11729327114902156454,151058.0000,118282.0000,27.7100,240.3446
100-200,bier127,127,b_150x2000_m20_e10_t5,11729327114902156455,170882.0000,118282.0000,44.4700,240.8087
100-200,bier127,127,b_150x2000_m20_e10_t5,11729327114902156456,165798.0000,118282.0000,40.1718,239.5106
100-200,bier127,127,b_150x2000_m20_e10_t5,11729327114902156457,168595.0000,118282.0000,42.5365,241.3024
100-200,bier127,127,b_150x2000_m20_e10_t5,11729327114902156458,159490.0000,118282.0000,34.8388,236.5138
100-200,bier127,127,b_150x2000_m20_e10_t5,11729327114902156459,170039.0000,118282.0000,43.7573,234.7379
100-200,bier127,127,b_150x2000_m20_e10_t5,11729327114902156460,164332.0000,118282.0000,38.9324,234.5373
100-200,bier127,127,b_150x2000_m20_e10_t5,11729327114902156461,169501.0000,118282.0000,43.3024,236.3811
100-200,brg180,180,b_150x2000_m20_e10_t5,11155003841969953410,9620.0000,1950.0000,393.3333,314.2110
100-200,brg180,180,b_150x2000_m20_e10_t5,11155003841969953411,2760.0000,1950.0000,41.5385,317.3500
100-200,brg180,180,b_150x2000_m20_e10_t5,11155003841969953412,2770.0000,1950.0000,42.0513,316.8867
100-200,brg180,180,b_150x2000_m20_e10_t5,11155003841969953413,9810.0000,1950.0000,403.0769,313.5292
100-200,brg180,180,b_150x2000_m20_e10_t5,11155003841969953414,6100.0000,1950.0000,212.8205,331.9895
100-200,brg180,180,b_150x2000_m20_e10_t5,11155003841969953415,2740.0000,1950.0000,40.5128,322.9472
100-200,brg180,180,b_150x2000_m20_e10_t5,11155003841969953416,2630.0000,1950.0000,34.8718,313.3680
100-200,brg180,180,b_150x2000_m20_e10_t5,11155003841969953417,2880.0000,1950.0000,47.6923,311.6271
100-200,brg180,180,b_150x2000_m20_e10_t5,11155003841969953418,2620.0000,1950.0000,34.3590,319.8478
100-200,brg180,180,b_150x2000_m20_e10_t5,11155003841969953419,2760.0000,1950.0000,41.5385,319.3236
100-200,ch130,130,b_150x2000_m20_e10_t5,3257337088188510223,10336.0000,6110.0000,69.1653,243.7419
100-200,ch130,130,b_150x2000_m20_e10_t5,3257337088188510224,9973.0000,6110.0000,63.2242,239.1372
100-200,ch130,130,b_150x2000_m20_e10_t5,3257337088188510225,9947.0000,6110.0000,62.7987,239.3071
100-200,ch130,130,b_150x2000_m20_e10_t5,3257337088188510226,9264.0000,6110.0000,51.6203,239.6145
100-200,ch130,130,b_150x2000_m20_e10_t5,3257337088188510227,9406.0000,6110.0000,53.9444,243.1640
100-200,ch130,130,b_150x2000_m20_e10_t5,3257337088188510228,10131.0000,6110.0000,65.8101,239.9412
100-200,ch130,130,b_150x2000_m20_e10_t5,3257337088188510229,9346.0000,6110.0000,52.9624,240.0437
100-200,ch130,130,b_150x2000_m20_e10_t5,3257337088188510230,10386.0000,6110.0000,69.9836,238.4137
100-200,ch130,130,b_150x2000_m20_e10_t5,3257337088188510231,9156.0000,6110.0000,49.8527,240.0255
100-200,ch130,130,b_150x2000_m20_e10_t5,3257337088188510232,9410.0000,6110.0000,54.0098,240.8796
100-200,ch150,150,b_150x2000_m20_e10_t5,10454061102188632093,10906.0000,6528.0000,67.0650,273.1775
100-200,ch150,150,b_150x2000_m20_e10_t5,10454061102188632094,11583.0000,6528.0000,77.4357,270.1571
100-200,ch150,150,b_150x2000_m20_e10_t5,10454061102188632095,9992.0000,6528.0000,53.0637,270.4410
100-200,ch150,150,b_150x2000_m20_e10_t5,10454061102188632096,10370.0000,6528.0000,58.8542,271.3656
100-200,ch150,150,b_150x2000_m20_e10_t5,10454061102188632097,10972.0000,6528.0000,68.0760,273.7019
100-200,ch150,150,b_150x2000_m20_e10_t5,10454061102188632098,11592.0000,6528.0000,77.5735,271.1369
100-200,ch150,150,b_150x2000_m20_e10_t5,10454061102188632099,11488.0000,6528.0000,75.9804,271.7201
100-200,ch150,150,b_150x2000_m20_e10_t5,10454061102188632100,10452.0000,6528.0000,60.1103,274.8810
100-200,ch150,150,b_150x2000_m20_e10_t5,10454061102188632101,10885.0000,6528.0000,66.7433,270.8211
100-200,ch150,150,b_150x2000_m20_e10_t5,10454061102188632102,11746.0000,6528.0000,79.9326,270.8376
100-200,d198,198,b_150x2000_m20_e10_t5,7656108773525921044,20496.0000,15780.0000,29.8859,345.2095
100-200,d198,198,b_150x2000_m20_e10_t5,7656108773525921045,20733.0000,15780.0000,31.3878,342.2410
100-200,d198,198,b_150x2000_m20_e10_t5,7656108773525921046,21171.0000,15780.0000,34.1635,348.0568
100-200,d198,198,b_150x2000_m20_e10_t5,7656108773525921047,21478.0000,15780.0000,36.1090,343.6616
100-200,d198,198,b_150x2000_m20_e10_t5,7656108773525921048,21228.0000,15780.0000,34.5247,348.1929
100-200,d198,198,b_150x2000_m20_e10_t5,7656108773525921049,21424.0000,15780.0000,35.7668,344.8932
100-200,d198,198,b_150x2000_m20_e10_t5,7656108773525921050,20470.0000,15780.0000,29.7212,347.3311
100-200,d198,198,b_150x2000_m20_e10_t5,7656108773525921051,20722.0000,15780.0000,31.3181,342.3416
100-200,d198,198,b_150x2000_m20_e10_t5,7656108773525921052,20720.0000,15780.0000,31.3054,342.4418
100-200,d198,198,b_150x2000_m20_e10_t5,7656108773525921053,20591.0000,15780.0000,30.4880,342.8218
100-200,eil101,101,b_150x2000_m20_e10_t5,100184240286794546,876.0000,629.0000,39.2687,194.4378
100-200,eil101,101,b_150x2000_m20_e10_t5,100184240286794547,932.0000,629.0000,48.1717,193.3175
100-200,eil101,101,b_150x2000_m20_e10_t5,100184240286794548,890.0000,629.0000,41.4944,196.2762
100-200,eil101,101,b_150x2000_m20_e10_t5,100184240286794549,824.0000,629.0000,31.0016,193.0330
100-200,eil101,101,b_150x2000_m20_e10_t5,100184240286794550,919.0000,629.0000,46.1049,196.8642
100-200,eil101,101,b_150x2000_m20_e10_t5,100184240286794551,858.0000,629.0000,36.4070,194.0523
100-200,eil101,101,b_150x2000_m20_e10_t5,100184240286794552,884.0000,629.0000,40.5405,194.9750
100-200,eil101,101,b_150x2000_m20_e10_t5,100184240286794553,881.0000,629.0000,40.0636,197.1711
100-200,eil101,101,b_150x2000_m20_e10_t5,100184240286794554,846.0000,629.0000,34.4992,193.3630
100-200,eil101,101,b_150x2000_m20_e10_t5,100184240286794555,874.0000,629.0000,38.9507,196.5520
100-200,gr120,120,b_150x2000_m20_e10_t5,6508012705383753074,11295.0000,6942.0000,62.7053,224.1367
100-200,gr120,120,b_150x2000_m20_e10_t5,6508012705383753075,11508.0000,6942.0000,65.7736,224.2316
100-200,gr120,120,b_150x2000_m20_e10_t5,6508012705383753076,10253.0000,6942.0000,47.6952,225.1844
100-200,gr120,120,b_150x2000_m20_e10_t5,6508012705383753077,9363.0000,6942.0000,34.8747,225.1043
100-200,gr120,120,b_150x2000_m20_e10_t5,6508012705383753078,11418.0000,6942.0000,64.4771,226.5122
100-200,gr120,120,b_150x2000_m20_e10_t5,6508012705383753079,10814.0000,6942.0000,55.7764,224.1562
100-200,gr120,120,b_150x2000_m20_e10_t5,6508012705383753080,10448.0000,6942.0000,50.5042,224.6611
100-200,gr120,120,b_150x2000_m20_e10_t5,6508012705383753081,10996.0000,6942.0000,58.3982,225.0420
100-200,gr120,120,b_150x2000_m20_e10_t5,6508012705383753082,10497.0000,6942.0000,51.2100,225.6552
100-200,gr120,120,b_150x2000_m20_e10_t5,6508012705383753083,10827.0000,6942.0000,55.9637,225.6204
100-200,gr137,137,b_150x2000_m20_e10_t5,17761840131892261812,90652.0000,69853.0000,29.7754,248.7551
100-200,gr137,137,b_150x2000_m20_e10_t5,17761840131892261813,89820.0000,69853.0000,28.5843,249.0208
100-200,gr137,137,b_150x2000_m20_e10_t5,17761840131892261814,88965.0000,69853.0000,27.3603,248.1049
100-200,gr137,137,b_150x2000_m20_e10_t5,17761840131892261815,90561.0000,69853.0000,29.6451,247.1606
100-200,gr137,137,b_150x2000_m20_e10_t5,17761840131892261816,88312.0000,69853.0000,26.4255,248.5609
100-200,gr137,137,b_150x2000_m20_e10_t5,17761840131892261817,88499.0000,69853.0000,26.6932,246.8746
100-200,gr137,137,b_150x2000_m20_e10_t5,17761840131892261818,88240.0000,69853.0000,26.3224,252.6558
100-200,gr137,137,b_150x2000_m20_e10_t5,17761840131892261819,92228.0000,69853.0000,32.0316,248.3288
100-200,gr137,137,b_150x2000_m20_e10_t5,17761840131892261820,89652.0000,69853.0000,28.3438,272.2786
100-200,gr137,137,b_150x2000_m20_e10_t5,17761840131892261821,89772.0000,69853.0000,28.5156,248.2694
100-200,kroA100,100,b_150x2000_m20_e10_t5,10462335563296496874,31849.0000,21282.0000,49.6523,192.2041
100-200,kroA100,100,b_150x2000_m20_e10_t5,10462335563296496875,31039.0000,21282.0000,45.8463,194.4088
100-200,kroA100,100,b_150x2000_m20_e10_t5,10462335563296496876,33122.0000,21282.0000,55.6339,193.1652
100-200,kroA100,100,b_150x2000_m20_e10_t5,10462335563296496877,36543.0000,21282.0000,71.7085,197.4947
100-200,kroA100,100,b_150x2000_m20_e10_t5,10462335563296496878,37487.0000,21282.0000,76.1442,190.9825
100-200,kroA100,100,b_150x2000_m20_e10_t5,10462335563296496879,32914.0000,21282.0000,54.6565,191.5100
100-200,kroA100,100,b_150x2000_m20_e10_t5,10462335563296496880,32303.0000,21282.0000,51.7855,198.1590
100-200,kroA100,100,b_150x2000_m20_e10_t5,10462335563296496881,35210.0000,21282.0000,65.4450,190.7428
100-200,kroA100,100,b_150x2000_m20_e10_t5,10462335563296496882,30536.0000,21282.0000,43.4828,195.0495
100-200,kroA100,100,b_150x2000_m20_e10_t5,10462335563296496883,39436.0000,21282.0000,85.3021,191.7493
100-200,kroA150,150,b_150x2000_m20_e10_t5,10007401524587249933,43562.0000,26524.0000,64.2362,269.4676
100-200,kroA150,150,b_150x2000_m20_e10_t5,10007401524587249934,46416.0000,26524.0000,74.9962,274.7903
100-200,kroA150,150,b_150x2000_m20_e10_t5,10007401524587249935,43685.0000,26524.0000,64.6999,274.8374
100-200,kroA150,150,b_150x2000_m20_e10_t5,10007401524587249936,45489.0000,26524.0000,71.5013,274.5961
100-200,kroA150,150,b_150x2000_m20_e10_t5,10007401524587249937,44041.0000,26524.0000,66.0421,277.5554
100-200,kroA150,150,b_150x2000_m20_e10_t5,10007401524587249938,42516.0000,26524.0000,60.2926,271.4141
100-200,kroA150,150,b_150x2000_m20_e10_t5,10007401524587249939,48711.0000,26524.0000,83.6488,270.0620
100-200,kroA150,150,b_150x2000_m20_e10_t5,10007401524587249940,43140.0000,26524.0000,62.6452,270.3203
100-200,kroA150,150,b_150x2000_m20_e10_t5,10007401524587249941,44396.0000,26524.0000,67.3805,277.1001
100-200,kroA150,150,b_150x2000_m20_e10_t5,10007401524587249942,46076.0000,26524.0000,73.7144,273.8898
100-200,kroB100,100,b_150x2000_m20_e10_t5,2253578911763392041,35486.0000,22141.0000,60.2728,195.7506
100-200,kroB100,100,b_150x2000_m20_e10_t5,2253578911763392042,36151.0000,22141.0000,63.2763,192.8301
100-200,kroB100,100,b_150x2000_m20_e10_t5,2253578911763392043,31328.0000,22141.0000,41.4932,192.6488
100-200,kroB100,100,b_150x2000_m20_e10_t5,2253578911763392044,31035.0000,22141.0000,40.1698,197.9578
100-200,kroB100,100,b_150x2000_m20_e10_t5,2253578911763392045,33861.0000,22141.0000,52.9335,191.3205
100-200,kroB100,100,b_150x2000_m20_e10_t5,2253578911763392046,32468.0000,22141.0000,46.6420,194.2316
100-200,kroB100,100,b_150x2000_m20_e10_t5,2253578911763392047,32409.0000,22141.0000,46.3755,192.9091
100-200,kroB100,100,b_150x2000_m20_e10_t5,2253578911763392048,34178.0000,22141.0000,54.3652,194.7516
100-200,kroB100,100,b_150x2000_m20_e10_t5,2253578911763392049,34274.0000,22141.0000,54.7988,194.7527
100-200,kroB100,100,b_150x2000_m20_e10_t5,2253578911763392050,33229.0000,22141.0000,50.0790,198.3975
100-200,kroB150,150,b_150x2000_m20_e10_t5,1798644873054145100,43787.0000,26130.0000,67.5737,271.9875
100-200,kroB150,150,b_150x2000_m20_e10_t5,1798644873054145101,46462.0000,26130.0000,77.8109,269.5317
100-200,kroB150,150,b_150x2000_m20_e10_t5,1798644873054145102,48810.0000,26130.0000,86.7968,291.1455
100-200,kroB150,150,b_150x2000_m20_e10_t5,1798644873054145103,47658.0000,26130.0000,82.3881,280.3342
100-200,kroB150,150,b_150x2000_m20_e10_t5,1798644873054145104,46619.0000,26130.0000,78.4118,318.9766
100-200,kroB150,150,b_150x2000_m20_e10_t5,1798644873054145105,49305.0000,26130.0000,88.6912,271.1973
100-200,kroB150,150,b_150x2000_m20_e10_t5,1798644873054145106,48034.0000,26130.0000,83.8270,269.4314
100-200,kroB150,150,b_150x2000_m20_e10_t5,1798644873054145107,47112.0000,26130.0000,80.2985,270.4198
100-200,kroB150,150,b_150x2000_m20_e10_t5,1798644873054145108,46342.0000,26130.0000,77.3517,270.1351
100-200,kroB150,150,b_150x2000_m20_e10_t5,1798644873054145109,43147.0000,26130.0000,65.1244,272.0862
100-200,kroC100,100,b_150x2000_m20_e10_t5,12491566333939838824,30876.0000,20749.0000,48.8072,191.9859
100-200,kroC100,100,b_150x2000_m20_e10_t5,12491566333939838825,29662.0000,20749.0000,42.9563,193.8006
100-200,kroC100,100,b_150x2000_m20_e10_t5,12491566333939838826,30713.0000,20749.0000,48.0216,191.8547
100-200,kroC100,100,b_150x2000_m20_e10_t5,12491566333939838827,34157.0000,20749.0000,64.6200,195.0182
100-200,kroC100,100,b_150x2000_m20_e10_t5,12491566333939838828,27384.0000,20749.0000,31.9774,193.2502
100-200,kroC100,100,b_150x2000_m20_e10_t5,12491566333939838829,31272.0000,20749.0000,50.7157,193.1532
100-200,kroC100,100,b_150x2000_m20_e10_t5,12491566333939838830,32853.0000,20749.0000,58.3353,193.6497
100-200,kroC100,100,b_150x2000_m20_e10_t5,12491566333939838831,28396.0000,20749.0000,36.8548,193.0144
100-200,kroC100,100,b_150x2000_m20_e10_t5,12491566333939838832,36076.0000,20749.0000,73.8686,191.5890
100-200,kroC100,100,b_150x2000_m20_e10_t5,12491566333939838833,38088.0000,20749.0000,83.5655,192.9520
100-200,kroD100,100,b_150x2000_m20_e10_t5,4282809682406733991,30444.0000,21294.0000,42.9699,192.5976
100-200,kroD100,100,b_150x2000_m20_e10_t5,4282809682406733992,34020.0000,21294.0000,59.7633,194.1761
100-200,kroD100,100,b_150x2000_m20_e10_t5,4282809682406733993,32081.0000,21294.0000,50.6575,192.6366
100-200,kroD100,100,b_150x2000_m20_e10_t5,4282809682406733994,33414.0000,21294.0000,56.9174,190.8118
100-200,kroD100,100,b_150x2000_m20_e10_t5,4282809682406733995,34674.0000,21294.0000,62.8346,191.3462
100-200,kroD100,100,b_150x2000_m20_e10_t5,4282809682406733996,35825.0000,21294.0000,68.2399,192.1573
100-200,kroD100,100,b_150x2000_m20_e10_t5,4282809682406733997,31995.0000,21294.0000,50.2536,191.2511
100-200,kroD100,100,b_150x2000_m20_e10_t5,4282809682406733998,30909.0000,21294.0000,45.1536,192.3178
100-200,kroD100,100,b_150x2000_m20_e10_t5,4282809682406733999,31061.0000,21294.0000,45.8674,202.9341
100-200,kroD100,100,b_150x2000_m20_e10_t5,4282809682406734000,34202.0000,21294.0000,60.6180,191.6683
100-200,kroE100,100,b_150x2000_m20_e10_t5,14520797104583180774,35908.0000,22068.0000,62.7152,191.6468
100-200,kroE100,100,b_150x2000_m20_e10_t5,14520797104583180775,33177.0000,22068.0000,50.3399,193.8184
100-200,kroE100,100,b_150x2000_m20_e10_t5,14520797104583180776,32291.0000,22068.0000,46.3250,192.5223
100-200,kroE100,100,b_150x2000_m20_e10_t5,14520797104583180777,32141.0000,22068.0000,45.6453,192.7266
100-200,kroE100,100,b_150x2000_m20_e10_t5,14520797104583180778,36483.0000,22068.0000,65.3208,193.7093
100-200,kroE100,100,b_150x2000_m20_e10_t5,14520797104583180779,36417.0000,22068.0000,65.0218,195.8743
100-200,kroE100,100,b_150x2000_m20_e10_t5,14520797104583180780,31625.0000,22068.0000,43.3071,194.6421
100-200,kroE100,100,b_150x2000_m20_e10_t5,14520797104583180781,31306.0000,22068.0000,41.8615,193.9119
100-200,kroE100,100,b_150x2000_m20_e10_t5,14520797104583180782,36149.0000,22068.0000,63.8073,194.1405
100-200,kroE100,100,b_150x2000_m20_e10_t5,14520797104583180783,33873.0000,22068.0000,53.4937,193.0780
100-200,lin105,105,b_150x2000_m20_e10_t5,4980141333114668005,20561.0000,14379.0000,42.9933,201.5615
100-200,lin105,105,b_150x2000_m20_e10_t5,4980141333114668006,22876.0000,14379.0000,59.0931,198.5899
100-200,lin105,105,b_150x2000_m20_e10_t5,4980141333114668007,23987.0000,14379.0000,66.8197,199.5369
100-200,lin105,105,b_150x2000_m20_e10_t5,4980141333114668008,24455.0000,14379.0000,70.0744,199.6150
100-200,lin105,105,b_150x2000_m20_e10_t5,4980141333114668009,24250.0000,14379.0000,68.6487,198.0086
100-200,lin105,105,b_150x2000_m20_e10_t5,4980141333114668010,22327.0000,14379.0000,55.2751,198.5440
100-200,lin105,105,b_150x2000_m20_e10_t5,4980141333114668011,22927.0000,14379.0000,59.4478,199.2633
100-200,lin105,105,b_150x2000_m20_e10_t5,4980141333114668012,24206.0000,14379.0000,68.3427,197.7904
100-200,lin105,105,b_150x2000_m20_e10_t5,4980141333114668013,20950.0000,14379.0000,45.6986,199.4134
100-200,lin105,105,b_150x2000_m20_e10_t5,4980141333114668014,24355.0000,14379.0000,69.3790,199.0159
100-200,pr107,107,b_150x2000_m20_e10_t5,13383300650876079300,53349.0000,44303.0000,20.4185,202.6257
100-200,pr107,107,b_150x2000_m20_e10_t5,13383300650876079301,53854.0000,44303.0000,21.5584,203.5235
100-200,pr107,107,b_150x2000_m20_e10_t5,13383300650876079302,54267.0000,44303.0000,22.4906,207.3753
100-200,pr107,107,b_150x2000_m20_e10_t5,13383300650876079303,53188.0000,44303.0000,20.0551,201.3529
100-200,pr107,107,b_150x2000_m20_e10_t5,13383300650876079304,52617.0000,44303.0000,18.7662,202.0149
100-200,pr107,107,b_150x2000_m20_e10_t5,13383300650876079305,52825.0000,44303.0000,19.2357,201.0550
100-200,pr107,107,b_150x2000_m20_e10_t5,13383300650876079306,52894.0000,44303.0000,19.3915,201.7016
100-200,pr107,107,b_150x2000_m20_e10_t5,13383300650876079307,53071.0000,44303.0000,19.7910,201.6469
100-200,pr107,107,b_150x2000_m20_e10_t5,13383300650876079308,54263.0000,44303.0000,22.4815,201.1289
100-200,pr107,107,b_150x2000_m20_e10_t5,13383300650876079309,52877.0000,44303.0000,19.3531,202.2605
100-200,pr124,124,b_150x2000_m20_e10_t5,1487615993335822155,96466.0000,59030.0000,63.4186,227.7663
100-200,pr124,124,b_150x2000_m20_e10_t5,1487615993335822156,96502.0000,59030.0000,63.4796,227.7746
100-200,pr124,124,b_150x2000_m20_e10_t5,1487615993335822157,96502.0000,59030.0000,63.4796,227.8750
100-200,pr124,124,b_150x2000_m20_e10_t5,1487615993335822158,96537.0000,59030.0000,63.5389,230.1600
100-200,pr124,124,b_150x2000_m20_e10_t5,1487615993335822159,96502.0000,59030.0000,63.4796,228.9831
100-200,pr124,124,b_150x2000_m20_e10_t5,1487615993335822160,90566.0000,59030.0000,53.4237,227.6213
100-200,pr124,124,b_150x2000_m20_e10_t5,1487615993335822161,96222.0000,59030.0000,63.0053,228.6641
100-200,pr124,124,b_150x2000_m20_e10_t5,1487615993335822162,95720.0000,59030.0000,62.1548,226.7391
100-200,pr124,124,b_150x2000_m20_e10_t5,1487615993335822163,93263.0000,59030.0000,57.9925,228.8032
100-200,pr124,124,b_150x2000_m20_e10_t5,1487615993335822164,87871.0000,59030.0000,48.8582,227.6058
100-200,pr136,136,b_150x2000_m20_e10_t5,17814250448029469100,172168.0000,96772.0000,77.9110,247.0957
100-200,pr136,136,b_150x2000_m20_e10_t5,17814250448029469101,186753.0000,96772.0000,92.9825,247.2863
100-200,pr136,136,b_150x2000_m20_e10_t5,17814250448029469102,194092.0000,96772.0000,100.5663,248.0265
100-200,pr136,136,b_150x2000_m20_e10_t5,17814250448029469103,177690.0000,96772.0000,83.6172,249.5219
100-200,pr136,136,b_150x2000_m20_e10_t5,17814250448029469104,158654.0000,96772.0000,63.9462,249.0018
100-200,pr136,136,b_150x2000_m20_e10_t5,17814250448029469105,200047.0000,96772.0000,106.7199,256.0910
100-200,pr136,136,b_150x2000_m20_e10_t5,17814250448029469106,176923.0000,96772.0000,82.8246,246.1925
100-200,pr136,136,b_150x2000_m20_e10_t5,17814250448029469107,213458.0000,96772.0000,120.5783,247.7129
100-200,pr136,136,b_150x2000_m20_e10_t5,17814250448029469108,168226.0000,96772.0000,73.8375,248.2174
100-200,pr136,136,b_150x2000_m20_e10_t5,17814250448029469109,179185.0000,96772.0000,85.1620,246.0145
100-200,pr144,144,b_150x2000_m20_e10_t5,8684340007335944025,92442.0000,58537.0000,57.9206,261.4741
100-200,pr144,144,b_150x2000_m20_e10_t5,8684340007335944026,92580.0000,58537.0000,58.1564,263.1217
100-200,pr144,144,b_150x2000_m20_e10_t5,8684340007335944027,92442.0000,58537.0000,57.9206,260.4981
100-200,pr144,144,b_150x2000_m20_e10_t5,8684340007335944028,92580.0000,58537.0000,58.1564,259.5781
100-200,pr144,144,b_150x2000_m20_e10_t5,8684340007335944029,92609.0000,58537.0000,58.2059,259.8041
100-200,pr144,144,b_150x2000_m20_e10_t5,8684340007335944030,92442.0000,58537.0000,57.9206,260.2287
100-200,pr144,144,b_150x2000_m20_e10_t5,8684340007335944031,92580.0000,58537.0000,58.1564,260.4375
100-200,pr144,144,b_150x2000_m20_e10_t5,8684340007335944032,92442.0000,58537.0000,57.9206,260.3327
100-200,pr144,144,b_150x2000_m20_e10_t5,8684340007335944033,92526.0000,58537.0000,58.0641,259.8716
100-200,pr144,144,b_150x2000_m20_e10_t5,8684340007335944034,92442.0000,58537.0000,57.9206,260.1919
100-200,pr152,152,b_150x2000_m20_e10_t5,18001173640351970566,130773.0000,73682.0000,77.4830,276.5452
100-200,pr152,152,b_150x2000_m20_e10_t5,18001173640351970567,119043.0000,73682.0000,61.5632,274.1885
100-200,pr152,152,b_150x2000_m20_e10_t5,18001173640351970568,125670.0000,73682.0000,70.5573,273.2144
100-200,pr152,152,b_150x2000_m20_e10_t5,18001173640351970569,128965.0000,73682.0000,75.0292,282.6203
100-200,pr152,152,b_150x2000_m20_e10_t5,18001173640351970570,131602.0000,73682.0000,78.6081,272.9495
100-200,pr152,152,b_150x2000_m20_e10_t5,18001173640351970571,130545.0000,73682.0000,77.1735,271.7347
100-200,pr152,152,b_150x2000_m20_e10_t5,18001173640351970572,130231.0000,73682.0000,76.7474,273.1395
100-200,pr152,152,b_150x2000_m20_e10_t5,18001173640351970573,133812.0000,73682.0000,81.6074,273.1014
100-200,pr152,152,b_150x2000_m20_e10_t5,18001173640351970574,127729.0000,73682.0000,73.3517,273.1348
100-200,pr152,152,b_150x2000_m20_e10_t5,18001173640351970575,121518.0000,73682.0000,64.9222,276.1754
100-200,rat195,195,b_150x2000_m20_e10_t5,1683167558942209792,3238.0000,2323.0000,39.3887,338.9689
100-200,rat195,195,b_150x2000_m20_e10_t5,1683167558942209793,3588.0000,2323.0000,54.4554,339.5541
100-200,rat195,195,b_150x2000_m20_e10_t5,1683167558942209794,3558.0000,2323.0000,53.1640,338.0534
100-200,rat195,195,b_150x2000_m20_e10_t5,1683167558942209795,3568.0000,2323.0000,53.5945,339.5052
100-200,rat195,195,b_150x2000_m20_e10_t5,1683167558942209796,3545.0000,2323.0000,52.6044,338.0567
100-200,rat195,195,b_150x2000_m20_e10_t5,1683167558942209797,3775.0000,2323.0000,62.5054,338.3807
100-200,rat195,195,b_150x2000_m20_e10_t5,1683167558942209798,3787.0000,2323.0000,63.0220,342.1691
100-200,rat195,195,b_150x2000_m20_e10_t5,1683167558942209799,3771.0000,2323.0000,62.3332,338.5962
100-200,rat195,195,b_150x2000_m20_e10_t5,1683167558942209800,3842.0000,2323.0000,65.3896,340.1025
100-200,rat195,195,b_150x2000_m20_e10_t5,1683167558942209801,3508.0000,2323.0000,51.0116,339.4437
100-200,rd100,100,b_150x2000_m20_e10_t5,17544777832917862289,10663.0000,7910.0000,34.8040,192.0173
100-200,rd100,100,b_150x2000_m20_e10_t5,17544777832917862290,10649.0000,7910.0000,34.6271,192.9330
100-200,rd100,100,b_150x2000_m20_e10_t5,17544777832917862291,13354.0000,7910.0000,68.8243,199.0445
100-200,rd100,100,b_150x2000_m20_e10_t5,17544777832917862292,12989.0000,7910.0000,64.2099,194.4097
100-200,rd100,100,b_150x2000_m20_e10_t5,17544777832917862293,11180.0000,7910.0000,41.3401,192.9867
100-200,rd100,100,b_150x2000_m20_e10_t5,17544777832917862294,13289.0000,7910.0000,68.0025,191.8776
100-200,rd100,100,b_150x2000_m20_e10_t5,17544777832917862295,12515.0000,7910.0000,58.2174,193.3952
100-200,rd100,100,b_150x2000_m20_e10_t5,17544777832917862296,11663.0000,7910.0000,47.4463,191.9523
100-200,rd100,100,b_150x2000_m20_e10_t5,17544777832917862297,12234.0000,7910.0000,54.6650,192.1933
100-200,rd100,100,b_150x2000_m20_e10_t5,17544777832917862298,13151.0000,7910.0000,66.2579,194.7697
100-200,si175,175,b_150x2000_m20_e10_t5,9627500594094438683,23148.0000,21407.0000,8.1329,309.1455
100-200,si175,175,b_150x2000_m20_e10_t5,9627500594094438684,23148.0000,21407.0000,8.1329,308.7737
100-200,si175,175,b_150x2000_m20_e10_t5,9627500594094438685,22916.0000,21407.0000,7.0491,307.8739
100-200,si175,175,b_150x2000_m20_e10_t5,9627500594094438686,23019.0000,21407.0000,7.5302,306.5854
100-200,si175,175,b_150x2000_m20_e10_t5,9627500594094438687,23151.0000,21407.0000,8.1469,309.9792
100-200,si175,175,b_150x2000_m20_e10_t5,9627500594094438688,23071.0000,21407.0000,7.7732,307.7174
100-200,si175,175,b_150x2000_m20_e10_t5,9627500594094438689,23194.0000,21407.0000,8.3477,308.9430
100-200,si175,175,b_150x2000_m20_e10_t5,9627500594094438690,23063.0000,21407.0000,7.7358,310.8237
100-200,si175,175,b_150x2000_m20_e10_t5,9627500594094438691,23127.0000,21407.0000,8.0348,307.7096
100-200,si175,175,b_150x2000_m20_e10_t5,9627500594094438692,23457.0000,21407.0000,9.5763,360.4308
100-200,u159,159,b_150x2000_m20_e10_t5,7651886482986101076,42981.0000,42080.0000,2.1412,283.8511
100-200,u159,159,b_150x2000_m20_e10_t5,7651886482986101077,42981.0000,42080.0000,2.1412,284.1722
100-200,u159,159,b_150x2000_m20_e10_t5,7651886482986101078,43024.0000,42080.0000,2.2433,284.6112
100-200,u159,159,b_150x2000_m20_e10_t5,7651886482986101079,42970.0000,42080.0000,2.1150,284.0003
100-200,u159,159,b_150x2000_m20_e10_t5,7651886482986101080,42981.0000,42080.0000,2.1412,285.2954
100-200,u159,159,b_150x2000_m20_e10_t5,7651886482986101081,42981.0000,42080.0000,2.1412,282.6923
100-200,u159,159,b_150x2000_m20_e10_t5,7651886482986101082,42981.0000,42080.0000,2.1412,286.0329
100-200,u159,159,b_150x2000_m20_e10_t5,7651886482986101083,42981.0000,42080.0000,2.1412,283.2788
100-200,u159,159,b_150x2000_m20_e10_t5,7651886482986101084,43056.0000,42080.0000,2.3194,285.4461
100-200,u159,159,b_150x2000_m20_e10_t5,7651886482986101085,42981.0000,42080.0000,2.1412,288.8910
100-200,bier127,127,b_200x1200_m20_e10_t5,4956445377589041677,164657.0000,118282.0000,39.2071,205.1927
100-200,bier127,127,b_200x1200_m20_e10_t5,4956445377589041678,147431.0000,118282.0000,24.6436,193.6616
100-200,bier127,127,b_200x1200_m20_e10_t5,4956445377589041679,159303.0000,118282.0000,34.6807,196.7730
100-200,bier127,127,b_200x1200_m20_e10_t5,4956445377589041680,154785.0000,118282.0000,30.8610,196.9271
100-200,bier127,127,b_200x1200_m20_e10_t5,4956445377589041681,161425.0000,118282.0000,36.4747,202.9236
100-200,bier127,127,b_200x1200_m20_e10_t5,4956445377589041682,156853.0000,118282.0000,32.6094,196.7824
100-200,bier127,127,b_200x1200_m20_e10_t5,4956445377589041683,154318.0000,118282.0000,30.4662,196.4024
100-200,bier127,127,b_200x1200_m20_e10_t5,4956445377589041684,174691.0000,118282.0000,47.6903,192.9499
100-200,bier127,127,b_200x1200_m20_e10_t5,4956445377589041685,150437.0000,118282.0000,27.1850,192.6158
100-200,bier127,127,b_200x1200_m20_e10_t5,4956445377589041686,157276.0000,118282.0000,32.9670,191.8018
100-200,brg180,180,b_200x1200_m20_e10_t5,8427820489773048101,5970.0000,1950.0000,206.1538,256.4423
100-200,brg180,180,b_200x1200_m20_e10_t5,8427820489773048102,2440.0000,1950.0000,25.1282,255.5818
100-200,brg180,180,b_200x1200_m20_e10_t5,8427820489773048103,2780.0000,1950.0000,42.5641,254.9526
100-200,brg180,180,b_200x1200_m20_e10_t5,8427820489773048104,2440.0000,1950.0000,25.1282,256.5612
100-200,brg180,180,b_200x1200_m20_e10_t5,8427820489773048105,2600.0000,1950.0000,33.3333,266.0919
100-200,brg180,180,b_200x1200_m20_e10_t5,8427820489773048106,2880.0000,1950.0000,47.6923,254.8010
100-200,brg180,180,b_200x1200_m20_e10_t5,8427820489773048107,2450.0000,1950.0000,25.6410,254.2712
100-200,brg180,180,b_200x1200_m20_e10_t5,8427820489773048108,9680.0000,1950.0000,396.4103,258.7849
100-200,brg180,180,b_200x1200_m20_e10_t5,8427820489773048109,2580.0000,1950.0000,32.3077,255.2874
100-200,brg180,180,b_200x1200_m20_e10_t5,8427820489773048110,2740.0000,1950.0000,40.5128,255.9021
100-200,ch130,130,b_200x1200_m20_e10_t5,13797631913959651184,9151.0000,6110.0000,49.7709,196.6071
100-200,ch130,130,b_200x1200_m20_e10_t5,13797631913959651185,8408.0000,6110.0000,37.6105,195.4258
100-200,ch130,130,b_200x1200_m20_e10_t5,13797631913959651186,9000.0000,6110.0000,47.2995,198.1799
100-200,ch130,130,b_200x1200_m20_e10_t5,13797631913959651187,8971.0000,6110.0000,46.8249,196.1609
100-200,ch130,130,b_200x1200_m20_e10_t5,13797631913959651188,9045.0000,6110.0000,48.0360,197.0490
100-200,ch130,130,b_200x1200_m20_e10_t5,13797631913959651189,10601.0000,6110.0000,73.5025,195.6656
100-200,ch130,130,b_200x1200_m20_e10_t5,13797631913959651190,10111.0000,6110.0000,65.4828,197.0575
100-200,ch130,130,b_200x1200_m20_e10_t5,13797631913959651191,8852.0000,6110.0000,44.8773,198.7854
100-200,ch130,130,b_200x1200_m20_e10_t5,13797631913959651192,8837.0000,6110.0000,44.6318,197.1463
100-200,ch130,130,b_200x1200_m20_e10_t5,13797631913959651193,10003.0000,6110.0000,63.7152,197.5323
100-200,ch150,150,b_200x1200_m20_e10_t5,2547611854250221438,11596.0000,6528.0000,77.6348,222.7232
100-200,ch150,150,b_200x1200_m20_e10_t5,2547611854250221439,10650.0000,6528.0000,63.1434,222.8672
100-200,ch150,150,b_200x1200_m20_e10_t5,2547611854250221440,11463.0000,6528.0000,75.5974,224.9096
100-200,ch150,150,b_200x1200_m20_e10_t5,2547611854250221441,11435.0000,6528.0000,75.1685,223.7676
100-200,ch150,150,b_200x1200_m20_e10_t5,2547611854250221442,10484.0000,6528.0000,60.6005,222.8640
100-200,ch150,150,b_200x1200_m20_e10_t5,2547611854250221443,10807.0000,6528.0000,65.5484,222.3655
100-200,ch150,150,b_200x1200_m20_e10_t5,2547611854250221444,11541.0000,6528.0000,76.7923,227.8098
100-200,ch150,150,b_200x1200_m20_e10_t5,2547611854250221445,10862.0000,6528.0000,66.3909,225.5392
100-200,ch150,150,b_200x1200_m20_e10_t5,2547611854250221446,10491.0000,6528.0000,60.7077,223.5995
100-200,ch150,150,b_200x1200_m20_e10_t5,2547611854250221447,10889.0000,6528.0000,66.8045,223.0605
100-200,d198,198,b_200x1200_m20_e10_t5,15481385253524367455,20633.0000,15780.0000,30.7541,281.2647
100-200,d198,198,b_200x1200_m20_e10_t5,15481385253524367456,20351.0000,15780.0000,28.9670,280.0154
100-200,d198,198,b_200x1200_m20_e10_t5,15481385253524367457,20625.0000,15780.0000,30.7034,279.4651
100-200,d198,198,b_200x1200_m20_e10_t5,15481385253524367458,21109.0000,15780.0000,33.7706,283.3539
100-200,d198,198,b_200x1200_m20_e10_t5,15481385253524367459,20810.0000,15780.0000,31.8758,283.0863
100-200,d198,198,b_200x1200_m20_e10_t5,15481385253524367460,20914.0000,15780.0000,32.5349,280.4144
100-200,d198,198,b_200x1200_m20_e10_t5,15481385253524367461,20747.0000,15780.0000,31.4766,279.4207
100-200,d198,198,b_200x1200_m20_e10_t5,15481385253524367462,20713.0000,15780.0000,31.2611,280.7484
100-200,d198,198,b_200x1200_m20_e10_t5,15481385253524367463,20477.0000,15780.0000,29.7655,281.6709
100-200,d198,198,b_200x1200_m20_e10_t5,15481385253524367464,21008.0000,15780.0000,33.1305,282.7787
100-200,eil101,101,b_200x1200_m20_e10_t5,15819744961799440853,823.0000,629.0000,30.8426,158.5778
100-200,eil101,101,b_200x1200_m20_e10_t5,15819744961799440854,829.0000,629.0000,31.7965,160.6542
100-200,eil101,101,b_200x1200_m20_e10_t5,15819744961799440855,860.0000,629.0000,36.7250,160.5710
100-200,eil101,101,b_200x1200_m20_e10_t5,15819744961799440856,886.0000,629.0000,40.8585,160.3646
100-200,eil101,101,b_200x1200_m20_e10_t5,15819744961799440857,817.0000,629.0000,29.8887,159.6220
100-200,eil101,101,b_200x1200_m20_e10_t5,15819744961799440858,831.0000,629.0000,32.1145,160.7093
100-200,eil101,101,b_200x1200_m20_e10_t5,15819744961799440859,833.0000,629.0000,32.4324,159.2814
100-200,eil101,101,b_200x1200_m20_e10_t5,15819744961799440860,873.0000,629.0000,38.7917,161.4722
100-200,eil101,101,b_200x1200_m20_e10_t5,15819744961799440861,848.0000,629.0000,34.8172,162.1737
100-200,eil101,101,b_200x1200_m20_e10_t5,15819744961799440862,872.0000,629.0000,38.6328,160.5175
100-200,gr120,120,b_200x1200_m20_e10_t5,17048307531154894035,11656.0000,6942.0000,67.9055,183.9169
100-200,gr120,120,b_200x1200_m20_e10_t5,17048307531154894036,9530.0000,6942.0000,37.2803,186.3192
100-200,gr120,120,b_200x1200_m20_e10_t5,17048307531154894037,9978.0000,6942.0000,43.7338,183.1524
100-200,gr120,120,b_200x1200_m20_e10_t5,17048307531154894038,8650.0000,6942.0000,24.6039,184.0669
100-200,gr120,120,b_200x1200_m20_e10_t5,17048307531154894039,9454.0000,6942.0000,36.1855,185.4579
100-200,gr120,120,b_200x1200_m20_e10_t5,17048307531154894040,10169.0000,6942.0000,46.4852,184.8453
100-200,gr120,120,b_200x1200_m20_e10_t5,17048307531154894041,9658.0000,6942.0000,39.1242,183.7829
100-200,gr120,120,b_200x1200_m20_e10_t5,17048307531154894042,10424.0000,6942.0000,50.1585,185.7761
100-200,gr120,120,b_200x1200_m20_e10_t5,17048307531154894043,10546.0000,6942.0000,51.9159,206.0854
100-200,gr120,120,b_200x1200_m20_e10_t5,17048307531154894044,9491.0000,6942.0000,36.7185,188.8540
100-200,gr137,137,b_200x1200_m20_e10_t5,9855390883953851157,89220.0000,69853.0000,27.7254,202.7917
100-200,gr137,137,b_200x1200_m20_e10_t5,9855390883953851158,86804.0000,69853.0000,24.2667,201.8209
100-200,gr137,137,b_200x1200_m20_e10_t5,9855390883953851159,83814.0000,69853.0000,19.9863,204.1203
100-200,gr137,137,b_200x1200_m20_e10_t5,9855390883953851160,90935.0000,69853.0000,30.1805,216.2514
100-200,gr137,137,b_200x1200_m20_e10_t5,9855390883953851161,87637.0000,69853.0000,25.4592,206.2855
100-200,gr137,137,b_200x1200_m20_e10_t5,9855390883953851162,89657.0000,69853.0000,28.3510,202.5483
100-200,gr137,137,b_200x1200_m20_e10_t5,9855390883953851163,91405.0000,69853.0000,30.8534,202.1175
100-200,gr137,137,b_200x1200_m20_e10_t5,9855390883953851164,89478.0000,69853.0000,28.0947,205.5715
100-200,gr137,137,b_200x1200_m20_e10_t5,9855390883953851165,88713.0000,69853.0000,26.9996,203.1062
100-200,gr137,137,b_200x1200_m20_e10_t5,9855390883953851166,90146.0000,69853.0000,29.0510,205.7975
100-200,kroA100,100,b_200x1200_m20_e10_t5,3689453825983382099,28906.0000,21282.0000,35.8237,159.2137
100-200,kroA100,100,b_200x1200_m20_e10_t5,3689453825983382100,32645.0000,21282.0000,53.3925,158.3668
100-200,kroA100,100,b_200x1200_m20_e10_t5,3689453825983382101,30192.0000,21282.0000,41.8664,158.7383
100-200,kroA100,100,b_200x1200_m20_e10_t5,3689453825983382102,33257.0000,21282.0000,56.2682,158.4547
100-200,kroA100,100,b_200x1200_m20_e10_t5,3689453825983382103,32981.0000,21282.0000,54.9713,157.7323
100-200,kroA100,100,b_200x1200_m20_e10_t5,3689453825983382104,32166.0000,21282.0000,51.1418,158.9470
100-200,kroA100,100,b_200x1200_m20_e10_t5,3689453825983382105,30145.0000,21282.0000,41.6455,161.0577
100-200,kroA100,100,b_200x1200_m20_e10_t5,3689453825983382106,34068.0000,21282.0000,60.0789,158.3589
100-200,kroA100,100,b_200x1200_m20_e10_t5,3689453825983382107,36868.0000,21282.0000,73.2356,159.8565
100-200,kroA100,100,b_200x1200_m20_e10_t5,3689453825983382108,29619.0000,21282.0000,39.1739,158.4057
100-200,kroA150,150,b_200x1200_m20_e10_t5,3234519787274135158,44498.0000,26524.0000,67.7650,237.1644
100-200,kroA150,150,b_200x1200_m20_e10_t5,3234519787274135159,46156.0000,26524.0000,74.0160,226.3479
100-200,kroA150,150,b_200x1200_m20_e10_t5,3234519787274135160,43276.0000,26524.0000,63.1579,223.1162
100-200,kroA150,150,b_200x1200_m20_e10_t5,3234519787274135161,47057.0000,26524.0000,77.4129,224.5413
100-200,kroA150,150,b_200x1200_m20_e10_t5,3234519787274135162,49063.0000,26524.0000,84.9759,223.2267
100-200,kroA150,150,b_200x1200_m20_e10_t5,3234519787274135163,43421.0000,26524.0000,63.7046,223.5697
100-200,kroA150,150,b_200x1200_m20_e10_t5,3234519787274135164,50602.0000,26524.0000,90.7782,223.7389
100-200,kroA150,150,b_200x1200_m20_e10_t5,3234519787274135165,47946.0000,26524.0000,80.7646,223.5902
100-200,kroA150,150,b_200x1200_m20_e10_t5,3234519787274135166,50709.0000,26524.0000,91.1816,223.8519
100-200,kroA150,150,b_200x1200_m20_e10_t5,3234519787274135167,44519.0000,26524.0000,67.8442,222.9555
100-200,kroB100,100,b_200x1200_m20_e10_t5,13927441248159828882,33489.0000,22141.0000,51.2533,159.3916
100-200,kroB100,100,b_200x1200_m20_e10_t5,13927441248159828883,33711.0000,22141.0000,52.2560,157.8869
100-200,kroB100,100,b_200x1200_m20_e10_t5,13927441248159828884,33150.0000,22141.0000,49.7222,162.1209
100-200,kroB100,100,b_200x1200_m20_e10_t5,13927441248159828885,30649.0000,22141.0000,38.4264,161.3964
100-200,kroB100,100,b_200x1200_m20_e10_t5,13927441248159828886,33440.0000,22141.0000,51.0320,159.2686
100-200,kroB100,100,b_200x1200_m20_e10_t5,13927441248159828887,32759.0000,22141.0000,47.9563,159.8215
100-200,kroB100,100,b_200x1200_m20_e10_t5,13927441248159828888,32762.0000,22141.0000,47.9698,159.8481
100-200,kroB100,100,b_200x1200_m20_e10_t5,13927441248159828889,29317.0000,22141.0000,32.4105,160.3691
100-200,kroB100,100,b_200x1200_m20_e10_t5,13927441248159828890,33298.0000,22141.0000,50.3907,158.3409
100-200,kroB100,100,b_200x1200_m20_e10_t5,13927441248159828891,32099.0000,22141.0000,44.9754,160.1405
100-200,kroB150,150,b_200x1200_m20_e10_t5,13472507209450581941,44624.0000,26130.0000,70.7769,223.1837
100-200,kroB150,150,b_200x1200_m20_e10_t5,13472507209450581942,46214.0000,26130.0000,76.8618,224.0855
100-200,kroB150,150,b_200x1200_m20_e10_t5,13472507209450581943,44633.0000,26130.0000,70.8113,223.3079
100-200,kroB150,150,b_200x1200_m20_e10_t5,13472507209450581944,43610.0000,26130.0000,66.8963,270.3090
100-200,kroB150,150,b_200x1200_m20_e10_t5,13472507209450581945,44412.0000,26130.0000,69.9656,225.2064
100-200,kroB150,150,b_200x1200_m20_e10_t5,13472507209450581946,46638.0000,26130.0000,78.4845,222.9097
100-200,kroB150,150,b_200x1200_m20_e10_t5,13472507209450581947,42244.0000,26130.0000,61.6686,223.3766
100-200,kroB150,150,b_200x1200_m20_e10_t5,13472507209450581948,43674.0000,26130.0000,67.1412,222.0700
100-200,kroB150,150,b_200x1200_m20_e10_t5,13472507209450581949,43108.0000,26130.0000,64.9751,223.2349
100-200,kroB150,150,b_200x1200_m20_e10_t5,13472507209450581950,45150.0000,26130.0000,72.7899,222.5345
100-200,kroC100,100,b_200x1200_m20_e10_t5,5718684596626724049,31356.0000,20749.0000,51.1205,159.0917
100-200,kroC100,100,b_200x1200_m20_e10_t5,5718684596626724050,31736.0000,20749.0000,52.9519,158.9152
100-200,kroC100,100,b_200x1200_m20_e10_t5,5718684596626724051,30065.0000,20749.0000,44.8985,158.7536
100-200,kroC100,100,b_200x1200_m20_e10_t5,5718684596626724052,32084.0000,20749.0000,54.6291,159.0131
100-200,kroC100,100,b_200x1200_m20_e10_t5,5718684596626724053,33272.0000,20749.0000,60.3547,159.2797
100-200,kroC100,100,b_200x1200_m20_e10_t5,5718684596626724054,29957.0000,20749.0000,44.3780,158.4038
100-200,kroC100,100,b_200x1200_m20_e10_t5,5718684596626724055,30793.0000,20749.0000,48.4072,157.7194
100-200,kroC100,100,b_200x1200_m20_e10_t5,5718684596626724056,31420.0000,20749.0000,51.4290,163.0553
100-200,kroC100,100,b_200x1200_m20_e10_t5,5718684596626724057,32782.0000,20749.0000,57.9932,159.6251
100-200,kroC100,100,b_200x1200_m20_e10_t5,5718684596626724058,31722.0000,20749.0000,52.8845,158.9545
100-200,kroD100,100,b_200x1200_m20_e10_t5,15956672018803170832,29365.0000,21294.0000,37.9027,158.5489
100-200,kroD100,100,b_200x1200_m20_e10_t5,15956672018803170833,28293.0000,21294.0000,32.8684,158.3844
100-200,kroD100,100,b_200x1200_m20_e10_t5,15956672018803170834,32663.0000,21294.0000,53.3906,157.9758
100-200,kroD100,100,b_200x1200_m20_e10_t5,15956672018803170835,32550.0000,21294.0000,52.8600,158.8678
100-200,kroD100,100,b_200x1200_m20_e10_t5,15956672018803170836,34568.0000,21294.0000,62.3368,159.3177
100-200,kroD100,100,b_200x1200_m20_e10_t5,15956672018803170837,33518.0000,21294.0000,57.4058,157.8568
100-200,kroD100,100,b_200x1200_m20_e10_t5,15956672018803170838,30887.0000,21294.0000,45.0502,159.2403
100-200,kroD100,100,b_200x1200_m20_e10_t5,15956672018803170839,30346.0000,21294.0000,42.5096,157.8837
100-200,kroD100,100,b_200x1200_m20_e10_t5,15956672018803170840,31376.0000,21294.0000,47.3467,157.8275
100-200,kroD100,100,b_200x1200_m20_e10_t5,15956672018803170841,31145.0000,21294.0000,46.2619,158.8454
100-200,kroE100,100,b_200x1200_m20_e10_t5,7747915367270065999,29847.0000,22068.0000,35.2501,159.1374
100-200,kroE100,100,b_200x1200_m20_e10_t5,7747915367270066000,33443.0000,22068.0000,51.5452,160.9856
100-200,kroE100,100,b_200x1200_m20_e10_t5,7747915367270066001,35484.0000,22068.0000,60.7939,159.6998
100-200,kroE100,100,b_200x1200_m20_e10_t5,7747915367270066002,34147.0000,22068.0000,54.7354,160.0738
100-200,kroE100,100,b_200x1200_m20_e10_t5,7747915367270066003,32619.0000,22068.0000,47.8113,161.4209
100-200,kroE100,100,b_200x1200_m20_e10_t5,7747915367270066004,31989.0000,22068.0000,44.9565,157.5043
100-200,kroE100,100,b_200x1200_m20_e10_t5,7747915367270066005,30879.0000,22068.0000,39.9266,158.7961
100-200,kroE100,100,b_200x1200_m20_e10_t5,7747915367270066006,33441.0000,22068.0000,51.5362,160.3043
100-200,kroE100,100,b_200x1200_m20_e10_t5,7747915367270066007,29065.0000,22068.0000,31.7065,158.4254
100-200,kroE100,100,b_200x1200_m20_e10_t5,7747915367270066008,33974.0000,22068.0000,53.9514,180.3479
100-200,lin105,105,b_200x1200_m20_e10_t5,2252957980917762696,21761.0000,14379.0000,51.3388,164.1076
100-200,lin105,105,b_200x1200_m20_e10_t5,2252957980917762697,23621.0000,14379.0000,64.2743,163.5885
100-200,lin105,105,b_200x1200_m20_e10_t5,2252957980917762698,23268.0000,14379.0000,61.8193,162.7801
100-200,lin105,105,b_200x1200_m20_e10_t5,2252957980917762699,24169.0000,14379.0000,68.0854,164.2345
100-200,lin105,105,b_200x1200_m20_e10_t5,2252957980917762700,21492.0000,14379.0000,49.4680,163.0165
100-200,lin105,105,b_200x1200_m20_e10_t5,2252957980917762701,22440.0000,14379.0000,56.0609,162.8279
100-200,lin105,105,b_200x1200_m20_e10_t5,2252957980917762702,22408.0000,14379.0000,55.8384,162.5268
100-200,lin105,105,b_200x1200_m20_e10_t5,2252957980917762703,21671.0000,14379.0000,50.7128,163.3137
100-200,lin105,105,b_200x1200_m20_e10_t5,2252957980917762704,26592.0000,14379.0000,84.9364,163.6347
100-200,lin105,105,b_200x1200_m20_e10_t5,2252957980917762705,23147.0000,14379.0000,60.9778,165.2974
100-200,pr107,107,b_200x1200_m20_e10_t5,5476851402937668645,53585.0000,44303.0000,20.9512,165.7014
100-200,pr107,107,b_200x1200_m20_e10_t5,5476851402937668646,53623.0000,44303.0000,21.0370,165.8536
100-200,pr107,107,b_200x1200_m20_e10_t5,5476851402937668647,54055.0000,44303.0000,22.0121,165.8564
100-200,pr107,107,b_200x1200_m20_e10_t5,5476851402937668648,51224.0000,44303.0000,15.6220,164.2016
100-200,pr107,107,b_200x1200_m20_e10_t5,5476851402937668649,53925.0000,44303.0000,21.7186,165.9300
100-200,pr107,107,b_200x1200_m20_e10_t5,5476851402937668650,53709.0000,44303.0000,21.2311,166.0042
100-200,pr107,107,b_200x1200_m20_e10_t5,5476851402937668651,53714.0000,44303.0000,21.2424,165.8816
100-200,pr107,107,b_200x1200_m20_e10_t5,5476851402937668652,54056.0000,44303.0000,22.0143,167.0333
100-200,pr107,107,b_200x1200_m20_e10_t5,5476851402937668653,53732.0000,44303.0000,21.2830,164.8084
100-200,pr107,107,b_200x1200_m20_e10_t5,5476851402937668654,53596.0000,44303.0000,20.9760,164.6492
100-200,pr124,124,b_200x1200_m20_e10_t5,12027910819106963116,96502.0000,59030.0000,63.4796,190.6531
100-200,pr124,124,b_200x1200_m20_e10_t5,12027910819106963117,96502.0000,59030.0000,63.4796,186.8346
100-200,pr124,124,b_200x1200_m20_e10_t5,12027910819106963118,96502.0000,59030.0000,63.4796,187.5987
100-200,pr124,124,b_200x1200_m20_e10_t5,12027910819106963119,96502.0000,59030.0000,63.4796,188.5869
100-200,pr124,124,b_200x1200_m20_e10_t5,12027910819106963120,96502.0000,59030.0000,63.4796,185.9909
100-200,pr124,124,b_200x1200_m20_e10_t5,12027910819106963121,97205.0000,59030.0000,64.6705,189.1032
100-200,pr124,124,b_200x1200_m20_e10_t5,12027910819106963122,96537.0000,59030.0000,63.5389,186.7483
100-200,pr124,124,b_200x1200_m20_e10_t5,12027910819106963123,96502.0000,59030.0000,63.4796,186.5962
100-200,pr124,124,b_200x1200_m20_e10_t5,12027910819106963124,96537.0000,59030.0000,63.5389,187.6234
100-200,pr124,124,b_200x1200_m20_e10_t5,12027910819106963125,96502.0000,59030.0000,63.4796,186.8188
100-200,pr136,136,b_200x1200_m20_e10_t5,9907801200091058445,213835.0000,96772.0000,120.9678,202.8783
100-200,pr136,136,b_200x1200_m20_e10_t5,9907801200091058446,172307.0000,96772.0000,78.0546,203.0202
100-200,pr136,136,b_200x1200_m20_e10_t5,9907801200091058447,220160.0000,96772.0000,127.5038,204.8998
100-200,pr136,136,b_200x1200_m20_e10_t5,9907801200091058448,193914.0000,96772.0000,100.3823,202.8587
100-200,pr136,136,b_200x1200_m20_e10_t5,9907801200091058449,167401.0000,96772.0000,72.9850,202.8910
100-200,pr136,136,b_200x1200_m20_e10_t5,9907801200091058450,166591.0000,96772.0000,72.1479,203.1489
100-200,pr136,136,b_200x1200_m20_e10_t5,9907801200091058451,193464.0000,96772.0000,99.9173,201.9043
100-200,pr136,136,b_200x1200_m20_e10_t5,9907801200091058452,197897.0000,96772.0000,104.4982,201.5590
100-200,pr136,136,b_200x1200_m20_e10_t5,9907801200091058453,182139.0000,96772.0000,88.2146,202.7892
100-200,pr136,136,b_200x1200_m20_e10_t5,9907801200091058454,198597.0000,96772.0000,105.2216,203.6205
100-200,pr144,144,b_200x1200_m20_e10_t5,777890759397533370,92442.0000,58537.0000,57.9206,212.8228
100-200,pr144,144,b_200x1200_m20_e10_t5,777890759397533371,92580.0000,58537.0000,58.1564,211.6882
100-200,pr144,144,b_200x1200_m20_e10_t5,777890759397533372,89747.0000,58537.0000,53.3167,211.4617
100-200,pr144,144,b_200x1200_m20_e10_t5,777890759397533373,92041.0000,58537.0000,57.2356,211.6835
100-200,pr144,144,b_200x1200_m20_e10_t5,777890759397533374,92442.0000,58537.0000,57.9206,212.3994
100-200,pr144,144,b_200x1200_m20_e10_t5,777890759397533375,92580.0000,58537.0000,58.1564,212.2711
100-200,pr144,144,b_200x1200_m20_e10_t5,777890759397533376,88088.0000,58537.0000,50.4826,211.8506
100-200,pr144,144,b_200x1200_m20_e10_t5,777890759397533377,92438.0000,58537.0000,57.9138,212.5641
100-200,pr144,144,b_200x1200_m20_e10_t5,777890759397533378,92442.0000,58537.0000,57.9206,210.7939
100-200,pr144,144,b_200x1200_m20_e10_t5,777890759397533379,92580.0000,58537.0000,58.1564,212.6468
100-200,pr152,152,b_200x1200_m20_e10_t5,10094724392413559911,133029.0000,73682.0000,80.5448,221.0740
100-200,pr152,152,b_200x1200_m20_e10_t5,10094724392413559912,125056.0000,73682.0000,69.7239,221.4079
100-200,pr152,152,b_200x1200_m20_e10_t5,10094724392413559913,126151.0000,73682.0000,71.2101,221.9753
100-200,pr152,152,b_200x1200_m20_e10_t5,10094724392413559914,131864.0000,73682.0000,78.9637,224.4276
100-200,pr152,152,b_200x1200_m20_e10_t5,10094724392413559915,126830.0000,73682.0000,72.1316,222.2700
100-200,pr152,152,b_200x1200_m20_e10_t5,10094724392413559916,137762.0000,73682.0000,86.9683,220.7804
100-200,pr152,152,b_200x1200_m20_e10_t5,10094724392413559917,126992.0000,73682.0000,72.3515,223.7609
100-200,pr152,152,b_200x1200_m20_e10_t5,10094724392413559918,130758.0000,73682.0000,77.4626,221.0746
100-200,pr152,152,b_200x1200_m20_e10_t5,10094724392413559919,117920.0000,73682.0000,60.0391,221.7998
100-200,pr152,152,b_200x1200_m20_e10_t5,10094724392413559920,114708.0000,73682.0000,55.6798,222.1365
100-200,rat195,195,b_200x1200_m20_e10_t5,17402728280454856099,3335.0000,2323.0000,43.5644,277.2987
100-200,rat195,195,b_200x1200_m20_e10_t5,17402728280454856100,3586.0000,2323.0000,54.3693,276.3944
100-200,rat195,195,b_200x1200_m20_e10_t5,17402728280454856101,3735.0000,2323.0000,60.7835,276.0957
100-200,rat195,195,b_200x1200_m20_e10_t5,17402728280454856102,3589.0000,2323.0000,54.4985,282.6919
100-200,rat195,195,b_200x1200_m20_e10_t5,17402728280454856103,3713.0000,2323.0000,59.8364,276.9944
100-200,rat195,195,b_200x1200_m20_e10_t5,17402728280454856104,3485.0000,2323.0000,50.0215,285.2151
100-200,rat195,195,b_200x1200_m20_e10_t5,17402728280454856105,3633.0000,2323.0000,56.3926,274.9233
100-200,rat195,195,b_200x1200_m20_e10_t5,17402728280454856106,3676.0000,2323.0000,58.2437,276.5500
100-200,rat195,195,b_200x1200_m20_e10_t5,17402728280454856107,3715.0000,2323.0000,59.9225,276.0194
100-200,rat195,195,b_200x1200_m20_e10_t5,17402728280454856108,3734.0000,2323.0000,60.7404,275.9655
100-200,rd100,100,b_200x1200_m20_e10_t5,9638328584979451634,11231.0000,7910.0000,41.9848,159.5373
100-200,rd100,100,b_200x1200_m20_e10_t5,9638328584979451635,11969.0000,7910.0000,51.3148,158.2192
100-200,rd100,100,b_200x1200_m20_e10_t5,9638328584979451636,12285.0000,7910.0000,55.3097,157.2316
100-200,rd100,100,b_200x1200_m20_e10_t5,9638328584979451637,11866.0000,7910.0000,50.0126,159.0190
100-200,rd100,100,b_200x1200_m20_e10_t5,9638328584979451638,10642.0000,7910.0000,34.5386,157.8038
100-200,rd100,100,b_200x1200_m20_e10_t5,9638328584979451639,12836.0000,7910.0000,62.2756,157.7631
100-200,rd100,100,b_200x1200_m20_e10_t5,9638328584979451640,10900.0000,7910.0000,37.8003,158.2926
100-200,rd100,100,b_200x1200_m20_e10_t5,9638328584979451641,11754.0000,7910.0000,48.5967,158.7295
100-200,rd100,100,b_200x1200_m20_e10_t5,9638328584979451642,11465.0000,7910.0000,44.9431,157.5836
100-200,rd100,100,b_200x1200_m20_e10_t5,9638328584979451643,12140.0000,7910.0000,53.4766,157.9444
100-200,si175,175,b_200x1200_m20_e10_t5,1721051346156028028,23217.0000,21407.0000,8.4552,248.9270
100-200,si175,175,b_200x1200_m20_e10_t5,1721051346156028029,23040.0000,21407.0000,7.6283,252.5508
100-200,si175,175,b_200x1200_m20_e10_t5,1721051346156028030,23323.0000,21407.0000,8.9503,250.8037
100-200,si175,175,b_200x1200_m20_e10_t5,1721051346156028031,23015.0000,21407.0000,7.5116,252.2804
100-200,si175,175,b_200x1200_m20_e10_t5,1721051346156028032,23331.0000,21407.0000,8.9877,250.0196
100-200,si175,175,b_200x1200_m20_e10_t5,1721051346156028033,23384.0000,21407.0000,9.2353,250.3806
100-200,si175,175,b_200x1200_m20_e10_t5,1721051346156028034,22825.0000,21407.0000,6.6240,253.1856
100-200,si175,175,b_200x1200_m20_e10_t5,1721051346156028035,22942.0000,21407.0000,7.1706,262.6375
100-200,si175,175,b_200x1200_m20_e10_t5,1721051346156028036,23019.0000,21407.0000,7.5302,316.4008
100-200,si175,175,b_200x1200_m20_e10_t5,1721051346156028037,23237.0000,21407.0000,8.5486,262.6362
100-200,u159,159,b_200x1200_m20_e10_t5,15477162962984547487,42981.0000,42080.0000,2.1412,232.1952
100-200,u159,159,b_200x1200_m20_e10_t5,15477162962984547488,42981.0000,42080.0000,2.1412,247.6973
100-200,u159,159,b_200x1200_m20_e10_t5,15477162962984547489,42981.0000,42080.0000,2.1412,247.7119
100-200,u159,159,b_200x1200_m20_e10_t5,15477162962984547490,42981.0000,42080.0000,2.1412,238.3667
100-200,u159,159,b_200x1200_m20_e10_t5,15477162962984547491,42981.0000,42080.0000,2.1412,232.6249
100-200,u159,159,b_200x1200_m20_e10_t5,15477162962984547492,42981.0000,42080.0000,2.1412,234.8426
100-200,u159,159,b_200x1200_m20_e10_t5,15477162962984547493,42981.0000,42080.0000,2.1412,231.5878
100-200,u159,159,b_200x1200_m20_e10_t5,15477162962984547494,42981.0000,42080.0000,2.1412,236.0016
100-200,u159,159,b_200x1200_m20_e10_t5,15477162962984547495,42981.0000,42080.0000,2.1412,231.8183
100-200,u159,159,b_200x1200_m20_e10_t5,15477162962984547496,42981.0000,42080.0000,2.1412,235.0729
100-200,bier127,127,b_100x2500_m20_e20_t5,2916476274305898227,171644.0000,118282.0000,45.1142,173.0295
100-200,bier127,127,b_100x2500_m20_e20_t5,2916476274305898228,163742.0000,118282.0000,38.4336,169.0284
100-200,bier127,127,b_100x2500_m20_e20_t5,2916476274305898229,154648.0000,118282.0000,30.7452,169.7779
100-200,bier127,127,b_100x2500_m20_e20_t5,2916476274305898230,166249.0000,118282.0000,40.5531,172.6601
100-200,bier127,127,b_100x2500_m20_e20_t5,2916476274305898231,156396.0000,118282.0000,32.2230,170.9262
100-200,bier127,127,b_100x2500_m20_e20_t5,2916476274305898232,170872.0000,118282.0000,44.4615,174.5947
100-200,bier127,127,b_100x2500_m20_e20_t5,2916476274305898233,176556.0000,118282.0000,49.2670,177.2453
100-200,bier127,127,b_100x2500_m20_e20_t5,2916476274305898234,162366.0000,118282.0000,37.2703,174.6222
100-200,bier127,127,b_100x2500_m20_e20_t5,2916476274305898235,164665.0000,118282.0000,39.2139,172.0120
100-200,bier127,127,b_100x2500_m20_e20_t5,2916476274305898236,155923.0000,118282.0000,31.8231,169.6996
100-200,brg180,180,b_100x2500_m20_e20_t5,9538766928600477639,6300.0000,1950.0000,223.0769,229.8470
100-200,brg180,180,b_100x2500_m20_e20_t5,9538766928600477640,6370.0000,1950.0000,226.6667,228.4677
100-200,brg180,180,b_100x2500_m20_e20_t5,9538766928600477641,9910.0000,1950.0000,408.2051,225.6986
100-200,brg180,180,b_100x2500_m20_e20_t5,9538766928600477642,9720.0000,1950.0000,398.4615,226.7413
100-200,brg180,180,b_100x2500_m20_e20_t5,9538766928600477643,2850.0000,1950.0000,46.1538,224.9993
100-200,brg180,180,b_100x2500_m20_e20_t5,9538766928600477644,2810.0000,1950.0000,44.1026,227.8107
100-200,brg180,180,b_100x2500_m20_e20_t5,9538766928600477645,9650.0000,1950.0000,394.8718,227.2919
100-200,brg180,180,b_100x2500_m20_e20_t5,9538766928600477646,2600.0000,1950.0000,33.3333,227.5287
100-200,brg180,180,b_100x2500_m20_e20_t5,9538766928600477647,6330.0000,1950.0000,224.6154,227.7021
100-200,brg180,180,b_100x2500_m20_e20_t5,9538766928600477648,2780.0000,1950.0000,42.5641,226.3241
100-200,ch130,130,b_100x2500_m20_e20_t5,14791816302927546534,10114.0000,6110.0000,65.5319,172.4238
100-200,ch130,130,b_100x2500_m20_e20_t5,14791816302927546535,9700.0000,6110.0000,58.7561,174.1187
100-200,ch130,130,b_100x2500_m20_e20_t5,14791816302927546536,10666.0000,6110.0000,74.5663,178.1636
100-200,ch130,130,b_100x2500_m20_e20_t5,14791816302927546537,11599.0000,6110.0000,89.8363,176.2776
100-200,ch130,130,b_100x2500_m20_e20_t5,14791816302927546538,10995.0000,6110.0000,79.9509,174.9197
100-200,ch130,130,b_100x2500_m20_e20_t5,14791816302927546539,9464.0000,6110.0000,54.8936,174.3236
100-200,ch130,130,b_100x2500_m20_e20_t5,14791816302927546540,10072.0000,6110.0000,64.8445,187.5439
100-200,ch130,130,b_100x2500_m20_e20_t5,14791816302927546541,10544.0000,6110.0000,72.5696,173.9307
100-200,ch130,130,b_100x2500_m20_e20_t5,14791816302927546542,10616.0000,6110.0000,73.7480,172.9242
100-200,ch130,130,b_100x2500_m20_e20_t5,14791816302927546543,11347.0000,6110.0000,85.7119,172.3885
100-200,ch150,150,b_100x2500_m20_e20_t5,3541796243218116788,11623.0000,6528.0000,78.0484,199.1875
100-200,ch150,150,b_100x2500_m20_e20_t5,3541796243218116789,12491.0000,6528.0000,91.3450,197.3955
100-200,ch150,150,b_100x2500_m20_e20_t5,3541796243218116790,11382.0000,6528.0000,74.3566,197.9613
100-200,ch150,150,b_100x2500_m20_e20_t5,3541796243218116791,11212.0000,6528.0000,71.7525,200.0696
100-200,ch150,150,b_100x2500_m20_e20_t5,3541796243218116792,12302.0000,6528.0000,88.4498,192.7658
100-200,ch150,150,b_100x2500_m20_e20_t5,3541796243218116793,12199.0000,6528.0000,86.8719,198.1962
100-200,ch150,150,b_100x2500_m20_e20_t5,3541796243218116794,11117.0000,6528.0000,70.2972,194.2279
100-200,ch150,150,b_100x2500_m20_e20_t5,3541796243218116795,12876.0000,6528.0000,97.2426,196.9872
100-200,ch150,150,b_100x2500_m20_e20_t5,3541796243218116796,11711.0000,6528.0000,79.3964,196.9529
100-200,ch150,150,b_100x2500_m20_e20_t5,3541796243218116797,12085.0000,6528.0000,85.1256,194.7804
100-200,d198,198,b_100x2500_m20_e20_t5,3660527865717997681,21270.0000,15780.0000,34.7909,249.3305
100-200,d198,198,b_100x2500_m20_e20_t5,3660527865717997682,21141.0000,15780.0000,33.9734,246.2970
100-200,d198,198,b_100x2500_m20_e20_t5,3660527865717997683,20747.0000,15780.0000,31.4766,249.4153
100-200,d198,198,b_100x2500_m20_e20_t5,3660527865717997684,21365.0000,15780.0000,35.3929,245.0423
100-200,d198,198,b_100x2500_m20_e20_t5,3660527865717997685,20836.0000,15780.0000,32.0406,248.3294
100-200,d198,198,b_100x2500_m20_e20_t5,3660527865717997686,21031.0000,15780.0000,33.2763,252.6688
100-200,d198,198,b_100x2500_m20_e20_t5,3660527865717997687,21306.0000,15780.0000,35.0190,248.9014
100-200,d198,198,b_100x2500_m20_e20_t5,3660527865717997688,21363.0000,15780.0000,35.3802,245.7183
100-200,d198,198,b_100x2500_m20_e20_t5,3660527865717997689,21152.0000,15780.0000,34.0431,249.4895
100-200,d198,198,b_100x2500_m20_e20_t5,3660527865717997690,21077.0000,15780.0000,33.5678,247.8813
100-200,eil101,101,b_100x2500_m20_e20_t5,16930691400626870391,945.0000,629.0000,50.2385,142.1589
100-200,eil101,101,b_100x2500_m20_e20_t5,16930691400626870392,887.0000,629.0000,41.0175,141.3973
100-200,eil101,101,b_100x2500_m20_e20_t5,16930691400626870393,919.0000,629.0000,46.1049,141.6249
100-200,eil101,101,b_100x2500_m20_e20_t5,16930691400626870394,933.0000,629.0000,48.3307,140.7323
100-200,eil101,101,b_100x2500_m20_e20_t5,16930691400626870395,903.0000,629.0000,43.5612,144.4300
100-200,eil101,101,b_100x2500_m20_e20_t5,16930691400626870396,971.0000,629.0000,54.3720,141.1165
100-200,eil101,101,b_100x2500_m20_e20_t5,16930691400626870397,833.0000,629.0000,32.4324,140.8894
100-200,eil101,101,b_100x2500_m20_e20_t5,16930691400626870398,820.0000,629.0000,30.3657,141.0516
100-200,eil101,101,b_100x2500_m20_e20_t5,16930691400626870399,881.0000,629.0000,40.0636,141.2403
100-200,eil101,101,b_100x2500_m20_e20_t5,16930691400626870400,914.0000,629.0000,45.3100,141.0948
100-200,gr120,120,b_100x2500_m20_e20_t5,18042491920122789385,11340.0000,6942.0000,63.3535,163.8782
100-200,gr120,120,b_100x2500_m20_e20_t5,18042491920122789386,12575.0000,6942.0000,81.1438,163.4935
100-200,gr120,120,b_100x2500_m20_e20_t5,18042491920122789387,11831.0000,6942.0000,70.4264,163.8086
100-200,gr120,120,b_100x2500_m20_e20_t5,18042491920122789388,11612.0000,6942.0000,67.2717,161.9830
100-200,gr120,120,b_100x2500_m20_e20_t5,18042491920122789389,11210.0000,6942.0000,61.4808,164.4391
100-200,gr120,120,b_100x2500_m20_e20_t5,18042491920122789390,11515.0000,6942.0000,65.8744,161.3350
100-200,gr120,120,b_100x2500_m20_e20_t5,18042491920122789391,10517.0000,6942.0000,51.4981,162.8616
100-200,gr120,120,b_100x2500_m20_e20_t5,18042491920122789392,10205.0000,6942.0000,47.0037,162.8144
100-200,gr120,120,b_100x2500_m20_e20_t5,18042491920122789393,11486.0000,6942.0000,65.4566,161.7961
100-200,gr120,120,b_100x2500_m20_e20_t5,18042491920122789394,11999.0000,6942.0000,72.8464,162.3468
100-200,gr137,137,b_100x2500_m20_e20_t5,10849575272921746507,91102.0000,69853.0000,30.4196,179.7943
100-200,gr137,137,b_100x2500_m20_e20_t5,10849575272921746508,89215.0000,69853.0000,27.7182,179.3930
100-200,gr137,137,b_100x2500_m20_e20_t5,10849575272921746509,92228.0000,69853.0000,32.0316,179.9419
100-200,gr137,137,b_100x2500_m20_e20_t5,10849575272921746510,89600.0000,69853.0000,28.2694,180.3218
100-200,gr137,137,b_100x2500_m20_e20_t5,10849575272921746511,91107.0000,69853.0000,30.4268,178.7113
100-200,gr137,137,b_100x2500_m20_e20_t5,10849575272921746512,87188.0000,69853.0000,24.8164,181.4597
100-200,gr137,137,b_100x2500_m20_e20_t5,10849575272921746513,88909.0000,69853.0000,27.2801,181.3917
100-200,gr137,137,b_100x2500_m20_e20_t5,10849575272921746514,90787.0000,69853.0000,29.9686,180.2630
100-200,gr137,137,b_100x2500_m20_e20_t5,10849575272921746515,88465.0000,69853.0000,26.6445,179.9233
100-200,gr137,137,b_100x2500_m20_e20_t5,10849575272921746516,88247.0000,69853.0000,26.3324,182.3564
100-200,kroA100,100,b_100x2500_m20_e20_t5,1649484722700238649,34220.0000,21282.0000,60.7932,137.5266
100-200,kroA100,100,b_100x2500_m20_e20_t5,1649484722700238650,35647.0000,21282.0000,67.4984,142.1729
100-200,kroA100,100,b_100x2500_m20_e20_t5,1649484722700238651,37575.0000,21282.0000,76.5577,138.6195
100-200,kroA100,100,b_100x2500_m20_e20_t5,1649484722700238652,35657.0000,21282.0000,67.5453,136.9928
100-200,kroA100,100,b_100x2500_m20_e20_t5,1649484722700238653,37288.0000,21282.0000,75.2091,138.4153
100-200,kroA100,100,b_100x2500_m20_e20_t5,1649484722700238654,38293.0000,21282.0000,79.9314,138.3134
100-200,kroA100,100,b_100x2500_m20_e20_t5,1649484722700238655,39619.0000,21282.0000,86.1620,140.3641
100-200,kroA100,100,b_100x2500_m20_e20_t5,1649484722700238656,35132.0000,21282.0000,65.0785,139.0144
100-200,kroA100,100,b_100x2500_m20_e20_t5,1649484722700238657,32778.0000,21282.0000,54.0175,138.9247
100-200,kroA100,100,b_100x2500_m20_e20_t5,1649484722700238658,33535.0000,21282.0000,57.5745,139.3075
100-200,kroA150,150,b_100x2500_m20_e20_t5,1194550683990991708,51393.0000,26524.0000,93.7604,196.5539
100-200,kroA150,150,b_100x2500_m20_e20_t5,1194550683990991709,53421.0000,26524.0000,101.4063,195.8308
100-200,kroA150,150,b_100x2500_m20_e20_t5,1194550683990991710,52874.0000,26524.0000,99.3440,203.1515
100-200,kroA150,150,b_100x2500_m20_e20_t5,1194550683990991711,46932.0000,26524.0000,76.9416,195.3320
100-200,kroA150,150,b_100x2500_m20_e20_t5,1194550683990991712,48328.0000,26524.0000,82.2048,195.7377
100-200,kroA150,150,b_100x2500_m20_e20_t5,1194550683990991713,47653.0000,26524.0000,79.6599,194.1838
100-200,kroA150,150,b_100x2500_m20_e20_t5,1194550683990991714,49930.0000,26524.0000,88.2446,194.7562
100-200,kroA150,150,b_100x2500_m20_e20_t5,1194550683990991715,51866.0000,26524.0000,95.5437,200.4114
100-200,kroA150,150,b_100x2500_m20_e20_t5,1194550683990991716,49402.0000,26524.0000,86.2540,198.5596
100-200,kroA150,150,b_100x2500_m20_e20_t5,1194550683990991717,43985.0000,26524.0000,65.8309,200.5251
100-200,kroB100,100,b_100x2500_m20_e20_t5,11887472144876685432,36364.0000,22141.0000,64.2383,145.1937
100-200,kroB100,100,b_100x2500_m20_e20_t5,11887472144876685433,37514.0000,22141.0000,69.4323,143.9206
100-200,kroB100,100,b_100x2500_m20_e20_t5,11887472144876685434,30693.0000,22141.0000,38.6252,146.9162
100-200,kroB100,100,b_100x2500_m20_e20_t5,11887472144876685435,33812.0000,22141.0000,52.7122,146.2129
100-200,kroB100,100,b_100x2500_m20_e20_t5,11887472144876685436,33983.0000,22141.0000,53.4845,141.4612
100-200,kroB100,100,b_100x2500_m20_e20_t5,11887472144876685437,34028.0000,22141.0000,53.6877,140.6628
100-200,kroB100,100,b_100x2500_m20_e20_t5,11887472144876685438,35774.0000,22141.0000,61.5736,143.5060
100-200,kroB100,100,b_100x2500_m20_e20_t5,11887472144876685439,37109.0000,22141.0000,67.6031,138.6707
100-200,kroB100,100,b_100x2500_m20_e20_t5,11887472144876685440,37597.0000,22141.0000,69.8071,138.8028
100-200,kroB100,100,b_100x2500_m20_e20_t5,11887472144876685441,37008.0000,22141.0000,67.1469,140.0790
100-200,kroB150,150,b_100x2500_m20_e20_t5,11432538106167438491,48668.0000,26130.0000,86.2533,195.7743
100-200,kroB150,150,b_100x2500_m20_e20_t5,11432538106167438492,56625.0000,26130.0000,116.7049,195.2310
100-200,kroB150,150,b_100x2500_m20_e20_t5,11432538106167438493,51394.0000,26130.0000,96.6858,194.7989
100-200,kroB150,150,b_100x2500_m20_e20_t5,11432538106167438494,52848.0000,26130.0000,102.2503,195.0202
100-200,kroB150,150,b_100x2500_m20_e20_t5,11432538106167438495,49229.0000,26130.0000,88.4003,194.4785
100-200,kroB150,150,b_100x2500_m20_e20_t5,11432538106167438496,46762.0000,26130.0000,78.9591,195.7773
100-200,kroB150,150,b_100x2500_m20_e20_t5,11432538106167438497,45581.0000,26130.0000,74.4393,195.5883
100-200,kroB150,150,b_100x2500_m20_e20_t5,11432538106167438498,53276.0000,26130.0000,103.8883,197.3174
100-200,kroB150,150,b_100x2500_m20_e20_t5,11432538106167438499,58846.0000,26130.0000,125.2047,193.5441
100-200,kroB150,150,b_100x2500_m20_e20_t5,11432538106167438500,50123.0000,26130.0000,91.8217,195.7476
100-200,kroC100,100,b_100x2500_m20_e20_t5,3678715493343580599,32920.0000,20749.0000,58.6582,140.3797
100-200,kroC100,100,b_100x2500_m20_e20_t5,3678715493343580600,30882.0000,20749.0000,48.8361,140.9894
100-200,kroC100,100,b_100x2500_m20_e20_t5,3678715493343580601,33970.0000,20749.0000,63.7187,139.4172
100-200,kroC100,100,b_100x2500_m20_e20_t5,3678715493343580602,37447.0000,20749.0000,80.4762,138.8482
100-200,kroC100,100,b_100x2500_m20_e20_t5,3678715493343580603,32656.0000,20749.0000,57.3859,139.0052
100-200,kroC100,100,b_100x2500_m20_e20_t5,3678715493343580604,33829.0000,20749.0000,63.0392,140.0225
100-200,kroC100,100,b_100x2500_m20_e20_t5,3678715493343580605,42452.0000,20749.0000,104.5978,139.3223
100-200,kroC100,100,b_100x2500_m20_e20_t5,3678715493343580606,35757.0000,20749.0000,72.3312,142.2631
100-200,kroC100,100,b_100x2500_m20_e20_t5,3678715493343580607,33177.0000,20749.0000,59.8969,138.6797
100-200,kroC100,100,b_100x2500_m20_e20_t5,3678715493343580608,32501.0000,20749.0000,56.6389,139.1642
100-200,kroD100,100,b_100x2500_m20_e20_t5,13916702915520027382,31368.0000,21294.0000,47.3091,138.0080
100-200,kroD100,100,b_100x2500_m20_e20_t5,13916702915520027383,35762.0000,21294.0000,67.9440,139.9775
100-200,kroD100,100,b_100x2500_m20_e20_t5,13916702915520027384,33835.0000,21294.0000,58.8945,136.9513
100-200,kroD100,100,b_100x2500_m20_e20_t5,13916702915520027385,37606.0000,21294.0000,76.6037,137.3390
100-200,kroD100,100,b_100x2500_m20_e20_t5,13916702915520027386,34597.0000,21294.0000,62.4730,140.3491
100-200,kroD100,100,b_100x2500_m20_e20_t5,13916702915520027387,33437.0000,21294.0000,57.0255,138.1707
100-200,kroD100,100,b_100x2500_m20_e20_t5,13916702915520027388,29432.0000,21294.0000,38.2173,142.5740
100-200,kroD100,100,b_100x2500_m20_e20_t5,13916702915520027389,35045.0000,21294.0000,64.5769,139.4244
100-200,kroD100,100,b_100x2500_m20_e20_t5,13916702915520027390,33289.0000,21294.0000,56.3304,139.2429
100-200,kroD100,100,b_100x2500_m20_e20_t5,13916702915520027391,33190.0000,21294.0000,55.8655,138.7641
100-200,kroE100,100,b_100x2500_m20_e20_t5,5707946263986922549,40103.0000,22068.0000,81.7247,138.5336
100-200,kroE100,100,b_100x2500_m20_e20_t5,5707946263986922550,35217.0000,22068.0000,59.5840,139.1905
100-200,kroE100,100,b_100x2500_m20_e20_t5,5707946263986922551,37716.0000,22068.0000,70.9081,139.8121
100-200,kroE100,100,b_100x2500_m20_e20_t5,5707946263986922552,31684.0000,22068.0000,43.5744,140.5701
100-200,kroE100,100,b_100x2500_m20_e20_t5,5707946263986922553,34147.0000,22068.0000,54.7354,139.6454
100-200,kroE100,100,b_100x2500_m20_e20_t5,5707946263986922554,31712.0000,22068.0000,43.7013,140.3278
100-200,kroE100,100,b_100x2500_m20_e20_t5,5707946263986922555,36575.0000,22068.0000,65.7377,141.5341
100-200,kroE100,100,b_100x2500_m20_e20_t5,5707946263986922556,37451.0000,22068.0000,69.7073,138.6364
100-200,kroE100,100,b_100x2500_m20_e20_t5,5707946263986922557,37816.0000,22068.0000,71.3612,140.7832
100-200,kroE100,100,b_100x2500_m20_e20_t5,5707946263986922558,38022.0000,22068.0000,72.2947,139.5773
100-200,lin105,105,b_100x2500_m20_e20_t5,3363904419745192234,21448.0000,14379.0000,49.1620,143.6162
100-200,lin105,105,b_100x2500_m20_e20_t5,3363904419745192235,22729.0000,14379.0000,58.0708,143.0778
100-200,lin105,105,b_100x2500_m20_e20_t5,3363904419745192236,22804.0000,14379.0000,58.5924,145.6975
100-200,lin105,105,b_100x2500_m20_e20_t5,3363904419745192237,23719.0000,14379.0000,64.9558,144.2242
100-200,lin105,105,b_100x2500_m20_e20_t5,3363904419745192238,24373.0000,14379.0000,69.5041,143.5430
100-200,lin105,105,b_100x2500_m20_e20_t5,3363904419745192239,23032.0000,14379.0000,60.1780,143.3146
100-200,lin105,105,b_100x2500_m20_e20_t5,3363904419745192240,21776.0000,14379.0000,51.4431,144.0295
100-200,lin105,105,b_100x2500_m20_e20_t5,3363904419745192241,23325.0000,14379.0000,62.2157,144.4818
100-200,lin105,105,b_100x2500_m20_e20_t5,3363904419745192242,22771.0000,14379.0000,58.3629,162.4883
100-200,lin105,105,b_100x2500_m20_e20_t5,3363904419745192243,22816.0000,14379.0000,58.6758,146.1565
100-200,pr107,107,b_100x2500_m20_e20_t5,6471035791905563995,53926.0000,44303.0000,21.7209,144.9496
100-200,pr107,107,b_100x2500_m20_e20_t5,6471035791905563996,53419.0000,44303.0000,20.5765,146.1410
100-200,pr107,107,b_100x2500_m20_e20_t5,6471035791905563997,53544.0000,44303.0000,20.8586,146.5810
100-200,pr107,107,b_100x2500_m20_e20_t5,6471035791905563998,54041.0000,44303.0000,21.9805,145.8470
100-200,pr107,107,b_100x2500_m20_e20_t5,6471035791905563999,53864.0000,44303.0000,21.5809,148.7269
100-200,pr107,107,b_100x2500_m20_e20_t5,6471035791905564000,53833.0000,44303.0000,21.5110,145.1798
100-200,pr107,107,b_100x2500_m20_e20_t5,6471035791905564001,54237.0000,44303.0000,22.4229,144.3069
100-200,pr107,107,b_100x2500_m20_e20_t5,6471035791905564002,51980.0000,44303.0000,17.3284,145.7605
100-200,pr107,107,b_100x2500_m20_e20_t5,6471035791905564003,53833.0000,44303.0000,21.5110,148.0528
100-200,pr107,107,b_100x2500_m20_e20_t5,6471035791905564004,53332.0000,44303.0000,20.3801,146.7421
100-200,pr124,124,b_100x2500_m20_e20_t5,13022095208074858466,96502.0000,59030.0000,63.4796,165.2325
100-200,pr124,124,b_100x2500_m20_e20_t5,13022095208074858467,96502.0000,59030.0000,63.4796,165.8124
100-200,pr124,124,b_100x2500_m20_e20_t5,13022095208074858468,94420.0000,59030.0000,59.9526,165.0888
100-200,pr124,124,b_100x2500_m20_e20_t5,13022095208074858469,96502.0000,59030.0000,63.4796,165.1210
100-200,pr124,124,b_100x2500_m20_e20_t5,13022095208074858470,96502.0000,59030.0000,63.4796,163.5899
100-200,pr124,124,b_100x2500_m20_e20_t5,13022095208074858471,94322.0000,59030.0000,59.7865,165.2060
100-200,pr124,124,b_100x2500_m20_e20_t5,13022095208074858472,96502.0000,59030.0000,63.4796,164.0482
100-200,pr124,124,b_100x2500_m20_e20_t5,13022095208074858473,93622.0000,59030.0000,58.6007,168.9148
100-200,pr124,124,b_100x2500_m20_e20_t5,13022095208074858474,96537.0000,59030.0000,63.5389,166.9754
100-200,pr124,124,b_100x2500_m20_e20_t5,13022095208074858475,94430.0000,59030.0000,59.9695,164.9621
100-200,pr136,136,b_100x2500_m20_e20_t5,10901985589058953795,195547.0000,96772.0000,102.0698,178.0745
100-200,pr136,136,b_100x2500_m20_e20_t5,10901985589058953796,229815.0000,96772.0000,137.4809,179.8482
100-200,pr136,136,b_100x2500_m20_e20_t5,10901985589058953797,222738.0000,96772.0000,130.1678,182.5012
100-200,pr136,136,b_100x2500_m20_e20_t5,10901985589058953798,239797.0000,96772.0000,147.7959,180.3796
100-200,pr136,136,b_100x2500_m20_e20_t5,10901985589058953799,215021.0000,96772.0000,122.1934,178.6239
100-200,pr136,136,b_100x2500_m20_e20_t5,10901985589058953800,219341.0000,96772.0000,126.6575,181.4134
100-200,pr136,136,b_100x2500_m20_e20_t5,10901985589058953801,232750.0000,96772.0000,140.5138,180.1726
100-200,pr136,136,b_100x2500_m20_e20_t5,10901985589058953802,193361.0000,96772.0000,99.8109,183.5192
100-200,pr136,136,b_100x2500_m20_e20_t5,10901985589058953803,176355.0000,96772.0000,82.2376,178.4540
100-200,pr136,136,b_100x2500_m20_e20_t5,10901985589058953804,205483.0000,96772.0000,112.3372,182.6128
100-200,pr144,144,b_100x2500_m20_e20_t5,1772075148365428720,92442.0000,58537.0000,57.9206,188.5068
100-200,pr144,144,b_100x2500_m20_e20_t5,1772075148365428721,92580.0000,58537.0000,58.1564,188.3537
100-200,pr144,144,b_100x2500_m20_e20_t5,1772075148365428722,92442.0000,58537.0000,57.9206,188.1503
100-200,pr144,144,b_100x2500_m20_e20_t5,1772075148365428723,92580.0000,58537.0000,58.1564,189.2170
100-200,pr144,144,b_100x2500_m20_e20_t5,1772075148365428724,92442.0000,58537.0000,57.9206,190.4456
100-200,pr144,144,b_100x2500_m20_e20_t5,1772075148365428725,92593.0000,58537.0000,58.1786,188.6717
100-200,pr144,144,b_100x2500_m20_e20_t5,1772075148365428726,92593.0000,58537.0000,58.1786,187.5591
100-200,pr144,144,b_100x2500_m20_e20_t5,1772075148365428727,93021.0000,58537.0000,58.9097,188.4570
100-200,pr144,144,b_100x2500_m20_e20_t5,1772075148365428728,92580.0000,58537.0000,58.1564,187.4004
100-200,pr144,144,b_100x2500_m20_e20_t5,1772075148365428729,92580.0000,58537.0000,58.1564,188.6370
100-200,pr152,152,b_100x2500_m20_e20_t5,11088908781381455261,130886.0000,73682.0000,77.6363,197.7675
100-200,pr152,152,b_100x2500_m20_e20_t5,11088908781381455262,133628.0000,73682.0000,81.3577,195.5448
100-200,pr152,152,b_100x2500_m20_e20_t5,11088908781381455263,140433.0000,73682.0000,90.5934,199.4806
100-200,pr152,152,b_100x2500_m20_e20_t5,11088908781381455264,134590.0000,73682.0000,82.6633,197.8011
100-200,pr152,152,b_100x2500_m20_e20_t5,11088908781381455265,134641.0000,73682.0000,82.7326,196.5151
100-200,pr152,152,b_100x2500_m20_e20_t5,11088908781381455266,134801.0000,73682.0000,82.9497,197.7419
100-200,pr152,152,b_100x2500_m20_e20_t5,11088908781381455267,137835.0000,73682.0000,87.0674,195.7177
100-200,pr152,152,b_100x2500_m20_e20_t5,11088908781381455268,143589.0000,73682.0000,94.8766,197.3363
100-200,pr152,152,b_100x2500_m20_e20_t5,11088908781381455269,138435.0000,73682.0000,87.8817,197.2401
100-200,pr152,152,b_100x2500_m20_e20_t5,11088908781381455270,135333.0000,73682.0000,83.6717,204.3378
100-200,rat195,195,b_100x2500_m20_e20_t5,66930645572734021,3841.0000,2323.0000,65.3465,244.5929
100-200,rat195,195,b_100x2500_m20_e20_t5,66930645572734022,3709.0000,2323.0000,59.6642,242.2803
100-200,rat195,195,b_100x2500_m20_e20_t5,66930645572734023,3789.0000,2323.0000,63.1080,244.0935
100-200,rat195,195,b_100x2500_m20_e20_t5,66930645572734024,3622.0000,2323.0000,55.9191,242.0529
100-200,rat195,195,b_100x2500_m20_e20_t5,66930645572734025,3858.0000,2323.0000,66.0783,242.5881
100-200,rat195,195,b_100x2500_m20_e20_t5,66930645572734026,3906.0000,2323.0000,68.1446,246.4332
100-200,rat195,195,b_100x2500_m20_e20_t5,66930645572734027,3834.0000,2323.0000,65.0452,245.0276
100-200,rat195,195,b_100x2500_m20_e20_t5,66930645572734028,3829.0000,2323.0000,64.8300,244.4713
100-200,rat195,195,b_100x2500_m20_e20_t5,66930645572734029,3528.0000,2323.0000,51.8726,251.5424
100-200,rat195,195,b_100x2500_m20_e20_t5,66930645572734030,3873.0000,2323.0000,66.7241,242.0812
100-200,rd100,100,b_100x2500_m20_e20_t5,10632512973947346984,12180.0000,7910.0000,53.9823,139.0756
100-200,rd100,100,b_100x2500_m20_e20_t5,10632512973947346985,12426.0000,7910.0000,57.0923,140.3303
100-200,rd100,100,b_100x2500_m20_e20_t5,10632512973947346986,12089.0000,7910.0000,52.8319,140.0806
100-200,rd100,100,b_100x2500_m20_e20_t5,10632512973947346987,12668.0000,7910.0000,60.1517,138.4427
100-200,rd100,100,b_100x2500_m20_e20_t5,10632512973947346988,13103.0000,7910.0000,65.6511,139.9295
100-200,rd100,100,b_100x2500_m20_e20_t5,10632512973947346989,13516.0000,7910.0000,70.8723,139.9177
100-200,rd100,100,b_100x2500_m20_e20_t5,10632512973947346990,12452.0000,7910.0000,57.4210,139.2866
100-200,rd100,100,b_100x2500_m20_e20_t5,10632512973947346991,12718.0000,7910.0000,60.7838,139.5459
100-200,rd100,100,b_100x2500_m20_e20_t5,10632512973947346992,12594.0000,7910.0000,59.2162,139.9831
100-200,rd100,100,b_100x2500_m20_e20_t5,10632512973947346993,12825.0000,7910.0000,62.1365,137.6257
100-200,si175,175,b_100x2500_m20_e20_t5,2715235735123923378,23717.0000,21407.0000,10.7909,221.1742
100-200,si175,175,b_100x2500_m20_e20_t5,2715235735123923379,23603.0000,21407.0000,10.2583,221.4456
100-200,si175,175,b_100x2500_m20_e20_t5,2715235735123923380,23438.0000,21407.0000,9.4876,223.2925
100-200,si175,175,b_100x2500_m20_e20_t5,2715235735123923381,23695.0000,21407.0000,10.6881,223.4349
100-200,si175,175,b_100x2500_m20_e20_t5,2715235735123923382,23611.0000,21407.0000,10.2957,274.8619
100-200,si175,175,b_100x2500_m20_e20_t5,2715235735123923383,23872.0000,21407.0000,11.5149,222.1574
100-200,si175,175,b_100x2500_m20_e20_t5,2715235735123923384,23361.0000,21407.0000,9.1279,219.9192
100-200,si175,175,b_100x2500_m20_e20_t5,2715235735123923385,23252.0000,21407.0000,8.6187,221.4979
100-200,si175,175,b_100x2500_m20_e20_t5,2715235735123923386,23156.0000,21407.0000,8.1702,220.5149
100-200,si175,175,b_100x2500_m20_e20_t5,2715235735123923387,23736.0000,21407.0000,10.8796,221.3310
100-200,u159,159,b_100x2500_m20_e20_t5,3656305575178177713,42981.0000,42080.0000,2.1412,204.6531
100-200,u159,159,b_100x2500_m20_e20_t5,3656305575178177714,42981.0000,42080.0000,2.1412,204.5432
100-200,u159,159,b_100x2500_m20_e20_t5,3656305575178177715,42981.0000,42080.0000,2.1412,204.8272
100-200,u159,159,b_100x2500_m20_e20_t5,3656305575178177716,42981.0000,42080.0000,2.1412,203.9506
100-200,u159,159,b_100x2500_m20_e20_t5,3656305575178177717,42981.0000,42080.0000,2.1412,205.9370
100-200,u159,159,b_100x2500_m20_e20_t5,3656305575178177718,42981.0000,42080.0000,2.1412,203.9377
100-200,u159,159,b_100x2500_m20_e20_t5,3656305575178177719,42981.0000,42080.0000,2.1412,207.9835
100-200,u159,159,b_100x2500_m20_e20_t5,3656305575178177720,42981.0000,42080.0000,2.1412,206.0023
100-200,u159,159,b_100x2500_m20_e20_t5,3656305575178177721,42981.0000,42080.0000,2.1412,204.4251
100-200,u159,159,b_100x2500_m20_e20_t5,3656305575178177722,43024.0000,42080.0000,2.2433,209.7018
100-200,bier127,127,b_100x2500_m20_e10_t7,6422312341521086770,180853.0000,118282.0000,52.8998,194.6218
100-200,bier127,127,b_100x2500_m20_e10_t7,6422312341521086771,184845.0000,118282.0000,56.2748,193.1258
100-200,bier127,127,b_100x2500_m20_e10_t7,6422312341521086772,169564.0000,118282.0000,43.3557,194.1865
100-200,bier127,127,b_100x2500_m20_e10_t7,6422312341521086773,164543.0000,118282.0000,39.1108,196.7756
100-200,bier127,127,b_100x2500_m20_e10_t7,6422312341521086774,163095.0000,118282.0000,37.8866,197.1673
100-200,bier127,127,b_100x2500_m20_e10_t7,6422312341521086775,169673.0000,118282.0000,43.4479,195.8409
100-200,bier127,127,b_100x2500_m20_e10_t7,6422312341521086776,177556.0000,118282.0000,50.1124,197.0134
100-200,bier127,127,b_100x2500_m20_e10_t7,6422312341521086777,167486.0000,118282.0000,41.5989,191.3777
100-200,bier127,127,b_100x2500_m20_e10_t7,6422312341521086778,160796.0000,118282.0000,35.9429,190.5135
100-200,bier127,127,b_100x2500_m20_e10_t7,6422312341521086779,184465.0000,118282.0000,55.9536,192.9107
100-200,brg180,180,b_100x2500_m20_e10_t7,7594121272381252188,2930.0000,1950.0000,50.2564,256.9251
100-200,brg180,180,b_100x2500_m20_e10_t7,7594121272381252189,6240.0000,1950.0000,220.0000,254.8637
100-200,brg180,180,b_100x2500_m20_e10_t7,7594121272381252190,6260.0000,1950.0000,221.0256,255.4336
100-200,brg180,180,b_100x2500_m20_e10_t7,7594121272381252191,2690.0000,1950.0000,37.9487,256.6084
100-200,brg180,180,b_100x2500_m20_e10_t7,7594121272381252192,2910.0000,1950.0000,49.2308,256.1849
100-200,brg180,180,b_100x2500_m20_e10_t7,7594121272381252193,6250.0000,1950.0000,220.5128,256.6116
100-200,brg180,180,b_100x2500_m20_e10_t7,7594121272381252194,9700.0000,1950.0000,397.4359,253.8453
100-200,brg180,180,b_100x2500_m20_e10_t7,7594121272381252195,2590.0000,1950.0000,32.8205,257.0073
100-200,brg180,180,b_100x2500_m20_e10_t7,7594121272381252196,13060.0000,1950.0000,569.7436,254.9916
100-200,brg180,180,b_100x2500_m20_e10_t7,7594121272381252197,6100.0000,1950.0000,212.8205,255.2830
100-200,ch130,130,b_100x2500_m20_e10_t7,13509638117281705389,10252.0000,6110.0000,67.7905,193.9847
100-200,ch130,130,b_100x2500_m20_e10_t7,13509638117281705390,10862.0000,6110.0000,77.7741,195.4676
100-200,ch130,130,b_100x2500_m20_e10_t7,13509638117281705391,11639.0000,6110.0000,90.4910,196.0927
100-200,ch130,130,b_100x2500_m20_e10_t7,13509638117281705392,11311.0000,6110.0000,85.1227,196.4356
100-200,ch130,130,b_100x2500_m20_e10_t7,13509638117281705393,11865.0000,6110.0000,94.1899,197.0965
100-200,ch130,130,b_100x2500_m20_e10_t7,13509638117281705394,10765.0000,6110.0000,76.1866,194.8224
100-200,ch130,130,b_100x2500_m20_e10_t7,13509638117281705395,10566.0000,6110.0000,72.9296,195.9551
100-200,ch130,130,b_100x2500_m20_e10_t7,13509638117281705396,11303.0000,6110.0000,84.9918,196.3883
100-200,ch130,130,b_100x2500_m20_e10_t7,13509638117281705397,9844.0000,6110.0000,61.1129,193.6295
100-200,ch130,130,b_100x2500_m20_e10_t7,13509638117281705398,9762.0000,6110.0000,59.7709,198.6924
100-200,ch150,150,b_100x2500_m20_e10_t7,2259618057572275643,12092.0000,6528.0000,85.2328,219.1674
100-200,ch150,150,b_100x2500_m20_e10_t7,2259618057572275644,11925.0000,6528.0000,82.6746,227.5382
100-200,ch150,150,b_100x2500_m20_e10_t7,2259618057572275645,11547.0000,6528.0000,76.8842,224.5182
100-200,ch150,150,b_100x2500_m20_e10_t7,2259618057572275646,12338.0000,6528.0000,89.0012,232.9059
100-200,ch150,150,b_100x2500_m20_e10_t7,2259618057572275647,13164.0000,6528.0000,101.6544,218.3821
100-200,ch150,150,b_100x2500_m20_e10_t7,2259618057572275648,11899.0000,6528.0000,82.2763,219.8756
100-200,ch150,150,b_100x2500_m20_e10_t7,2259618057572275649,12023.0000,6528.0000,84.1759,219.6097
100-200,ch150,150,b_100x2500_m20_e10_t7,2259618057572275650,12746.0000,6528.0000,95.2512,222.4718
100-200,ch150,150,b_100x2500_m20_e10_t7,2259618057572275651,11904.0000,6528.0000,82.3529,222.0184
100-200,ch150,150,b_100x2500_m20_e10_t7,2259618057572275652,12395.0000,6528.0000,89.8744,219.3317
100-200,d198,198,b_100x2500_m20_e10_t7,1538517642120370846,21008.0000,15780.0000,33.1305,281.0473
100-200,d198,198,b_100x2500_m20_e10_t7,1538517642120370847,21260.0000,15780.0000,34.7275,278.6741
100-200,d198,198,b_100x2500_m20_e10_t7,1538517642120370848,21042.0000,15780.0000,33.3460,277.2311
100-200,d198,198,b_100x2500_m20_e10_t7,1538517642120370849,21267.0000,15780.0000,34.7719,276.9347
100-200,d198,198,b_100x2500_m20_e10_t7,1538517642120370850,20941.0000,15780.0000,32.7060,278.2513
100-200,d198,198,b_100x2500_m20_e10_t7,1538517642120370851,20911.0000,15780.0000,32.5158,282.1610
100-200,d198,198,b_100x2500_m20_e10_t7,1538517642120370852,21193.0000,15780.0000,34.3029,282.0483
100-200,d198,198,b_100x2500_m20_e10_t7,1538517642120370853,21316.0000,15780.0000,35.0824,282.4103
100-200,d198,198,b_100x2500_m20_e10_t7,1538517642120370854,20973.0000,15780.0000,32.9087,278.8270
100-200,d198,198,b_100x2500_m20_e10_t7,1538517642120370855,21209.0000,15780.0000,34.4043,278.6883
100-200,eil101,101,b_100x2500_m20_e10_t7,14986045744407644940,890.0000,629.0000,41.4944,159.5152
100-200,eil101,101,b_100x2500_m20_e10_t7,14986045744407644941,891.0000,629.0000,41.6534,161.4773
100-200,eil101,101,b_100x2500_m20_e10_t7,14986045744407644942,894.0000,629.0000,42.1304,161.3346
100-200,eil101,101,b_100x2500_m20_e10_t7,14986045744407644943,978.0000,629.0000,55.4849,158.6282
100-200,eil101,101,b_100x2500_m20_e10_t7,14986045744407644944,943.0000,629.0000,49.9205,159.3750
100-200,eil101,101,b_100x2500_m20_e10_t7,14986045744407644945,847.0000,629.0000,34.6582,159.3164
100-200,eil101,101,b_100x2500_m20_e10_t7,14986045744407644946,842.0000,629.0000,33.8633,158.8386
100-200,eil101,101,b_100x2500_m20_e10_t7,14986045744407644947,934.0000,629.0000,48.4897,160.3986
100-200,eil101,101,b_100x2500_m20_e10_t7,14986045744407644948,887.0000,629.0000,41.0175,160.1512
100-200,eil101,101,b_100x2500_m20_e10_t7,14986045744407644949,934.0000,629.0000,48.4897,159.5094
100-200,gr120,120,b_100x2500_m20_e10_t7,16760313734476948240,12256.0000,6942.0000,76.5485,183.0020
100-200,gr120,120,b_100x2500_m20_e10_t7,16760313734476948241,11371.0000,6942.0000,63.8001,183.3936
100-200,gr120,120,b_100x2500_m20_e10_t7,16760313734476948242,12116.0000,6942.0000,74.5318,181.9821
100-200,gr120,120,b_100x2500_m20_e10_t7,16760313734476948243,11106.0000,6942.0000,59.9827,185.2455
100-200,gr120,120,b_100x2500_m20_e10_t7,16760313734476948244,11694.0000,6942.0000,68.4529,184.1598
100-200,gr120,120,b_100x2500_m20_e10_t7,16760313734476948245,10777.0000,6942.0000,55.2434,186.5748
100-200,gr120,120,b_100x2500_m20_e10_t7,16760313734476948246,11196.0000,6942.0000,61.2792,183.9641
100-200,gr120,120,b_100x2500_m20_e10_t7,16760313734476948247,10850.0000,6942.0000,56.2950,183.9175
100-200,gr120,120,b_100x2500_m20_e10_t7,16760313734476948248,9565.0000,6942.0000,37.7845,187.2041
100-200,gr120,120,b_100x2500_m20_e10_t7,16760313734476948249,10593.0000,6942.0000,52.5929,182.7968
100-200,gr137,137,b_100x2500_m20_e10_t7,9567397087275905362,90715.0000,69853.0000,29.8656,204.9837
100-200,gr137,137,b_100x2500_m20_e10_t7,9567397087275905363,90730.0000,69853.0000,29.8870,204.8309
100-200,gr137,137,b_100x2500_m20_e10_t7,9567397087275905364,90223.0000,69853.0000,29.1612,203.3423
100-200,gr137,137,b_100x2500_m20_e10_t7,9567397087275905365,91214.0000,69853.0000,30.5799,204.8313
100-200,gr137,137,b_100x2500_m20_e10_t7,9567397087275905366,91375.0000,69853.0000,30.8104,204.8701
100-200,gr137,137,b_100x2500_m20_e10_t7,9567397087275905367,90610.0000,69853.0000,29.7153,205.3529
100-200,gr137,137,b_100x2500_m20_e10_t7,9567397087275905368,89606.0000,69853.0000,28.2780,202.8859
100-200,gr137,137,b_100x2500_m20_e10_t7,9567397087275905369,89617.0000,69853.0000,28.2937,205.9973
100-200,gr137,137,b_100x2500_m20_e10_t7,9567397087275905370,89112.0000,69853.0000,27.5708,203.0167
100-200,gr137,137,b_100x2500_m20_e10_t7,9567397087275905371,89315.0000,69853.0000,27.8614,204.5535
100-200,kroA100,100,b_100x2500_m20_e10_t7,5155320789915427192,36061.0000,21282.0000,69.4437,156.5059
100-200,kroA100,100,b_100x2500_m20_e10_t7,5155320789915427193,35860.0000,21282.0000,68.4992,157.4798
100-200,kroA100,100,b_100x2500_m20_e10_t7,5155320789915427194,31444.0000,21282.0000,47.7493,161.6731
100-200,kroA100,100,b_100x2500_m20_e10_t7,5155320789915427195,36475.0000,21282.0000,71.3890,157.5392
100-200,kroA100,100,b_100x2500_m20_e10_t7,5155320789915427196,36215.0000,21282.0000,70.1673,155.6949
100-200,kroA100,100,b_100x2500_m20_e10_t7,5155320789915427197,38115.0000,21282.0000,79.0950,160.6277
100-200,kroA100,100,b_100x2500_m20_e10_t7,5155320789915427198,37248.0000,21282.0000,75.0211,159.6634
100-200,kroA100,100,b_100x2500_m20_e10_t7,5155320789915427199,41217.0000,21282.0000,93.6707,156.1580
100-200,kroA100,100,b_100x2500_m20_e10_t7,5155320789915427200,35181.0000,21282.0000,65.3087,156.9407
100-200,kroA100,100,b_100x2500_m20_e10_t7,5155320789915427201,38003.0000,21282.0000,78.5687,157.4707
100-200,kroA150,150,b_100x2500_m20_e10_t7,4700386751206180251,50485.0000,26524.0000,90.3371,218.9042
100-200,kroA150,150,b_100x2500_m20_e10_t7,4700386751206180252,50905.0000,26524.0000,91.9205,222.6168
100-200,kroA150,150,b_100x2500_m20_e10_t7,4700386751206180253,53277.0000,26524.0000,100.8634,220.7564
100-200,kroA150,150,b_100x2500_m20_e10_t7,4700386751206180254,56773.0000,26524.0000,114.0439,219.7643
100-200,kroA150,150,b_100x2500_m20_e10_t7,4700386751206180255,51670.0000,26524.0000,94.8047,221.5592
100-200,kroA150,150,b_100x2500_m20_e10_t7,4700386751206180256,53383.0000,26524.0000,101.2630,225.6520
100-200,kroA150,150,b_100x2500_m20_e10_t7,4700386751206180257,50637.0000,26524.0000,90.9101,228.6886
100-200,kroA150,150,b_100x2500_m20_e10_t7,4700386751206180258,49937.0000,26524.0000,88.2710,218.6584
100-200,kroA150,150,b_100x2500_m20_e10_t7,4700386751206180259,49451.0000,26524.0000,86.4387,217.6669
100-200,kroA150,150,b_100x2500_m20_e10_t7,4700386751206180260,47198.0000,26524.0000,77.9445,222.7479
100-200,kroB100,100,b_100x2500_m20_e10_t7,15393308212091873975,34149.0000,22141.0000,54.2342,161.1231
100-200,kroB100,100,b_100x2500_m20_e10_t7,15393308212091873976,36042.0000,22141.0000,62.7840,156.8915
100-200,kroB100,100,b_100x2500_m20_e10_t7,15393308212091873977,37965.0000,22141.0000,71.4692,157.3469
100-200,kroB100,100,b_100x2500_m20_e10_t7,15393308212091873978,32491.0000,22141.0000,46.7459,157.9897
100-200,kroB100,100,b_100x2500_m20_e10_t7,15393308212091873979,34954.0000,22141.0000,57.8700,157.3921
100-200,kroB100,100,b_100x2500_m20_e10_t7,15393308212091873980,35827.0000,22141.0000,61.8129,158.4015
100-200,kroB100,100,b_100x2500_m20_e10_t7,15393308212091873981,37715.0000,22141.0000,70.3401,157.0602
100-200,kroB100,100,b_100x2500_m20_e10_t7,15393308212091873982,33496.0000,22141.0000,51.2849,158.9398
100-200,kroB100,100,b_100x2500_m20_e10_t7,15393308212091873983,37157.0000,22141.0000,67.8199,161.0859
100-200,kroB100,100,b_100x2500_m20_e10_t7,15393308212091873984,37263.0000,22141.0000,68.2986,157.7466
100-200,kroB150,150,b_100x2500_m20_e10_t7,14938374173382627034,48300.0000,26130.0000,84.8450,220.2285
100-200,kroB150,150,b_100x2500_m20_e10_t7,14938374173382627035,52216.0000,26130.0000,99.8316,220.0522
100-200,kroB150,150,b_100x2500_m20_e10_t7,14938374173382627036,48706.0000,26130.0000,86.3988,219.5256
100-200,kroB150,150,b_100x2500_m20_e10_t7,14938374173382627037,49768.0000,26130.0000,90.4631,219.3757
100-200,kroB150,150,b_100x2500_m20_e10_t7,14938374173382627038,51800.0000,26130.0000,98.2396,220.4690
100-200,kroB150,150,b_100x2500_m20_e10_t7,14938374173382627039,50619.0000,26130.0000,93.7199,218.4537
100-200,kroB150,150,b_100x2500_m20_e10_t7,14938374173382627040,59834.0000,26130.0000,128.9858,219.8740
100-200,kroB150,150,b_100x2500_m20_e10_t7,14938374173382627041,50923.0000,26130.0000,94.8833,222.8651
100-200,kroB150,150,b_100x2500_m20_e10_t7,14938374173382627042,46617.0000,26130.0000,78.4041,219.7289
100-200,kroB150,150,b_100x2500_m20_e10_t7,14938374173382627043,49465.0000,26130.0000,89.3035,219.5454
100-200,kroC100,100,b_100x2500_m20_e10_t7,7184551560558769142,36682.0000,20749.0000,76.7892,158.8009
100-200,kroC100,100,b_100x2500_m20_e10_t7,7184551560558769143,33049.0000,20749.0000,59.2800,160.3482
100-200,kroC100,100,b_100x2500_m20_e10_t7,7184551560558769144,38791.0000,20749.0000,86.9536,160.9625
100-200,kroC100,100,b_100x2500_m20_e10_t7,7184551560558769145,34235.0000,20749.0000,64.9959,158.7160
100-200,kroC100,100,b_100x2500_m20_e10_t7,7184551560558769146,40389.0000,20749.0000,94.6552,156.8503
100-200,kroC100,100,b_100x2500_m20_e10_t7,7184551560558769147,42461.0000,20749.0000,104.6412,158.7688
100-200,kroC100,100,b_100x2500_m20_e10_t7,7184551560558769148,34831.0000,20749.0000,67.8683,158.9201
100-200,kroC100,100,b_100x2500_m20_e10_t7,7184551560558769149,36959.0000,20749.0000,78.1242,161.2553
100-200,kroC100,100,b_100x2500_m20_e10_t7,7184551560558769150,33142.0000,20749.0000,59.7282,159.0322
100-200,kroC100,100,b_100x2500_m20_e10_t7,7184551560558769151,30726.0000,20749.0000,48.0842,159.0842
100-200,kroD100,100,b_100x2500_m20_e10_t7,17422538982735215925,35710.0000,21294.0000,67.6998,167.0977
100-200,kroD100,100,b_100x2500_m20_e10_t7,17422538982735215926,35438.0000,21294.0000,66.4225,161.4311
100-200,kroD100,100,b_100x2500_m20_e10_t7,17422538982735215927,34097.0000,21294.0000,60.1249,157.2611
100-200,kroD100,100,b_100x2500_m20_e10_t7,17422538982735215928,38336.0000,21294.0000,80.0319,157.2424
100-200,kroD100,100,b_100x2500_m20_e10_t7,17422538982735215929,35190.0000,21294.0000,65.2578,157.6081
100-200,kroD100,100,b_100x2500_m20_e10_t7,17422538982735215930,31227.0000,21294.0000,46.6469,168.3174
100-200,kroD100,100,b_100x2500_m20_e10_t7,17422538982735215931,33611.0000,21294.0000,57.8426,165.8318
100-200,kroD100,100,b_100x2500_m20_e10_t7,17422538982735215932,36848.0000,21294.0000,73.0440,166.6259
100-200,kroD100,100,b_100x2500_m20_e10_t7,17422538982735215933,34387.0000,21294.0000,61.4868,158.2834
100-200,kroD100,100,b_100x2500_m20_e10_t7,17422538982735215934,34813.0000,21294.0000,63.4874,161.6795
100-200,kroE100,100,b_100x2500_m20_e10_t7,9213782331202111092,37072.0000,22068.0000,67.9898,164.2654
100-200,kroE100,100,b_100x2500_m20_e10_t7,9213782331202111093,37952.0000,22068.0000,71.9775,162.6463
100-200,kroE100,100,b_100x2500_m20_e10_t7,9213782331202111094,37636.0000,22068.0000,70.5456,166.4802
100-200,kroE100,100,b_100x2500_m20_e10_t7,9213782331202111095,39134.0000,22068.0000,77.3337,160.2025
100-200,kroE100,100,b_100x2500_m20_e10_t7,9213782331202111096,38508.0000,22068.0000,74.4970,159.2727
100-200,kroE100,100,b_100x2500_m20_e10_t7,9213782331202111097,34992.0000,22068.0000,58.5644,159.6712
100-200,kroE100,100,b_100x2500_m20_e10_t7,9213782331202111098,37994.0000,22068.0000,72.1678,158.2256
100-200,kroE100,100,b_100x2500_m20_e10_t7,9213782331202111099,37502.0000,22068.0000,69.9384,160.9343
100-200,kroE100,100,b_100x2500_m20_e10_t7,9213782331202111100,38075.0000,22068.0000,72.5349,159.1437
100-200,kroE100,100,b_100x2500_m20_e10_t7,9213782331202111101,36446.0000,22068.0000,65.1532,157.2502
100-200,lin105,105,b_100x2500_m20_e10_t7,1419258763525966783,23882.0000,14379.0000,66.0894,163.0704
100-200,lin105,105,b_100x2500_m20_e10_t7,1419258763525966784,23792.0000,14379.0000,65.4635,163.6995
100-200,lin105,105,b_100x2500_m20_e10_t7,1419258763525966785,21952.0000,14379.0000,52.6671,165.5520
100-200,lin105,105,b_100x2500_m20_e10_t7,1419258763525966786,21242.0000,14379.0000,47.7293,163.3719
100-200,lin105,105,b_100x2500_m20_e10_t7,1419258763525966787,25867.0000,14379.0000,79.8943,163.7272
100-200,lin105,105,b_100x2500_m20_e10_t7,1419258763525966788,24114.0000,14379.0000,67.7029,162.1467
100-200,lin105,105,b_100x2500_m20_e10_t7,1419258763525966789,23506.0000,14379.0000,63.4745,163.9958
100-200,lin105,105,b_100x2500_m20_e10_t7,1419258763525966790,24464.0000,14379.0000,70.1370,163.2068
100-200,lin105,105,b_100x2500_m20_e10_t7,1419258763525966791,22898.0000,14379.0000,59.2461,163.9274
100-200,lin105,105,b_100x2500_m20_e10_t7,1419258763525966792,23195.0000,14379.0000,61.3116,164.7905
100-200,pr107,107,b_100x2500_m20_e10_t7,5188857606259722850,53376.0000,44303.0000,20.4794,176.3021
100-200,pr107,107,b_100x2500_m20_e10_t7,5188857606259722851,53021.0000,44303.0000,19.6781,166.6594
100-200,pr107,107,b_100x2500_m20_e10_t7,5188857606259722852,54085.0000,44303.0000,22.0798,165.6766
100-200,pr107,107,b_100x2500_m20_e10_t7,5188857606259722853,54305.0000,44303.0000,22.5763,168.9302
100-200,pr107,107,b_100x2500_m20_e10_t7,5188857606259722854,52826.0000,44303.0000,19.2380,166.9756
100-200,pr107,107,b_100x2500_m20_e10_t7,5188857606259722855,54108.0000,44303.0000,22.1317,166.7273
100-200,pr107,107,b_100x2500_m20_e10_t7,5188857606259722856,52718.0000,44303.0000,18.9942,165.1331
100-200,pr107,107,b_100x2500_m20_e10_t7,5188857606259722857,53910.0000,44303.0000,21.6848,166.6510
100-200,pr107,107,b_100x2500_m20_e10_t7,5188857606259722858,53229.0000,44303.0000,20.1476,166.1145
100-200,pr107,107,b_100x2500_m20_e10_t7,5188857606259722859,53571.0000,44303.0000,20.9196,168.3122
100-200,pr124,124,b_100x2500_m20_e10_t7,11739917022429017321,96537.0000,59030.0000,63.5389,189.1835
100-200,pr124,124,b_100x2500_m20_e10_t7,11739917022429017322,93818.0000,59030.0000,58.9327,187.4618
100-200,pr124,124,b_100x2500_m20_e10_t7,11739917022429017323,87017.0000,59030.0000,47.4115,186.5969
100-200,pr124,124,b_100x2500_m20_e10_t7,11739917022429017324,96502.0000,59030.0000,63.4796,189.0637
100-200,pr124,124,b_100x2500_m20_e10_t7,11739917022429017325,96502.0000,59030.0000,63.4796,187.9040
100-200,pr124,124,b_100x2500_m20_e10_t7,11739917022429017326,95984.0000,59030.0000,62.6021,188.8930
100-200,pr124,124,b_100x2500_m20_e10_t7,11739917022429017327,96537.0000,59030.0000,63.5389,186.5786
100-200,pr124,124,b_100x2500_m20_e10_t7,11739917022429017328,88728.0000,59030.0000,50.3100,186.1141
100-200,pr124,124,b_100x2500_m20_e10_t7,11739917022429017329,96470.0000,59030.0000,63.4254,187.6941
100-200,pr124,124,b_100x2500_m20_e10_t7,11739917022429017330,96537.0000,59030.0000,63.5389,186.5446
100-200,pr136,136,b_100x2500_m20_e10_t7,9619807403413112650,224949.0000,96772.0000,132.4526,201.8897
100-200,pr136,136,b_100x2500_m20_e10_t7,9619807403413112651,218716.0000,96772.0000,126.0117,203.7117
100-200,pr136,136,b_100x2500_m20_e10_t7,9619807403413112652,199630.0000,96772.0000,106.2890,201.9031
100-200,pr136,136,b_100x2500_m20_e10_t7,9619807403413112653,211034.0000,96772.0000,118.0734,203.0119
100-200,pr136,136,b_100x2500_m20_e10_t7,9619807403413112654,211691.0000,96772.0000,118.7523,201.9729
100-200,pr136,136,b_100x2500_m20_e10_t7,9619807403413112655,209314.0000,96772.0000,116.2960,201.6414
100-200,pr136,136,b_100x2500_m20_e10_t7,9619807403413112656,227349.0000,96772.0000,134.9326,202.5845
100-200,pr136,136,b_100x2500_m20_e10_t7,9619807403413112657,234079.0000,96772.0000,141.8871,201.5181
100-200,pr136,136,b_100x2500_m20_e10_t7,9619807403413112658,227935.0000,96772.0000,135.5382,201.9463
100-200,pr136,136,b_100x2500_m20_e10_t7,9619807403413112659,207791.0000,96772.0000,114.7222,200.6083
100-200,pr144,144,b_100x2500_m20_e10_t7,489896962719587575,92455.0000,58537.0000,57.9428,212.9411
100-200,pr144,144,b_100x2500_m20_e10_t7,489896962719587576,92482.0000,58537.0000,57.9890,212.8151
100-200,pr144,144,b_100x2500_m20_e10_t7,489896962719587577,92580.0000,58537.0000,58.1564,212.1606
100-200,pr144,144,b_100x2500_m20_e10_t7,489896962719587578,92482.0000,58537.0000,57.9890,211.6756
100-200,pr144,144,b_100x2500_m20_e10_t7,489896962719587579,92580.0000,58537.0000,58.1564,211.7302
100-200,pr144,144,b_100x2500_m20_e10_t7,489896962719587580,92442.0000,58537.0000,57.9206,213.2640
100-200,pr144,144,b_100x2500_m20_e10_t7,489896962719587581,92526.0000,58537.0000,58.0641,215.1099
100-200,pr144,144,b_100x2500_m20_e10_t7,489896962719587582,92471.0000,58537.0000,57.9702,212.4347
100-200,pr144,144,b_100x2500_m20_e10_t7,489896962719587583,92580.0000,58537.0000,58.1564,213.7189
100-200,pr144,144,b_100x2500_m20_e10_t7,489896962719587584,92482.0000,58537.0000,57.9890,215.2420
100-200,pr152,152,b_100x2500_m20_e10_t7,9806730595735614116,136349.0000,73682.0000,85.0506,221.6913
100-200,pr152,152,b_100x2500_m20_e10_t7,9806730595735614117,136816.0000,73682.0000,85.6844,224.9194
100-200,pr152,152,b_100x2500_m20_e10_t7,9806730595735614118,137702.0000,73682.0000,86.8869,223.0445
100-200,pr152,152,b_100x2500_m20_e10_t7,9806730595735614119,140990.0000,73682.0000,91.3493,225.3006
100-200,pr152,152,b_100x2500_m20_e10_t7,9806730595735614120,136778.0000,73682.0000,85.6329,222.2201
100-200,pr152,152,b_100x2500_m20_e10_t7,9806730595735614121,138252.0000,73682.0000,87.6333,224.7016
100-200,pr152,152,b_100x2500_m20_e10_t7,9806730595735614122,141555.0000,73682.0000,92.1161,222.3194
100-200,pr152,152,b_100x2500_m20_e10_t7,9806730595735614123,138481.0000,73682.0000,87.9441,221.1664
100-200,pr152,152,b_100x2500_m20_e10_t7,9806730595735614124,137285.0000,73682.0000,86.3209,226.9098
100-200,pr152,152,b_100x2500_m20_e10_t7,9806730595735614125,127031.0000,73682.0000,72.4044,230.3993
100-200,rat195,195,b_100x2500_m20_e10_t7,16569029063063060186,3547.0000,2323.0000,52.6905,276.3124
100-200,rat195,195,b_100x2500_m20_e10_t7,16569029063063060187,3756.0000,2323.0000,61.6875,274.7787
100-200,rat195,195,b_100x2500_m20_e10_t7,16569029063063060188,3581.0000,2323.0000,54.1541,278.9503
100-200,rat195,195,b_100x2500_m20_e10_t7,16569029063063060189,3727.0000,2323.0000,60.4391,276.3591
100-200,rat195,195,b_100x2500_m20_e10_t7,16569029063063060190,3807.0000,2323.0000,63.8829,276.0383
100-200,rat195,195,b_100x2500_m20_e10_t7,16569029063063060191,3789.0000,2323.0000,63.1080,271.7430
100-200,rat195,195,b_100x2500_m20_e10_t7,16569029063063060192,3806.0000,2323.0000,63.8399,279.5154
100-200,rat195,195,b_100x2500_m20_e10_t7,16569029063063060193,3725.0000,2323.0000,60.3530,280.5807
100-200,rat195,195,b_100x2500_m20_e10_t7,16569029063063060194,3587.0000,2323.0000,54.4124,275.7405
100-200,rat195,195,b_100x2500_m20_e10_t7,16569029063063060195,3780.0000,2323.0000,62.7206,273.0808
100-200,rd100,100,b_100x2500_m20_e10_t7,9350334788301505839,13136.0000,7910.0000,66.0683,158.2295
100-200,rd100,100,b_100x2500_m20_e10_t7,9350334788301505840,12328.0000,7910.0000,55.8534,158.2133
100-200,rd100,100,b_100x2500_m20_e10_t7,9350334788301505841,13224.0000,7910.0000,67.1808,156.9677
100-200,rd100,100,b_100x2500_m20_e10_t7,9350334788301505842,12943.0000,7910.0000,63.6283,158.0298
100-200,rd100,100,b_100x2500_m20_e10_t7,9350334788301505843,13434.0000,7910.0000,69.8357,157.6897
100-200,rd100,100,b_100x2500_m20_e10_t7,9350334788301505844,12430.0000,7910.0000,57.1429,160.0437
100-200,rd100,100,b_100x2500_m20_e10_t7,9350334788301505845,12631.0000,7910.0000,59.6839,161.0542
100-200,rd100,100,b_100x2500_m20_e10_t7,9350334788301505846,12603.0000,7910.0000,59.3300,159.6056
100-200,rd100,100,b_100x2500_m20_e10_t7,9350334788301505847,12845.0000,7910.0000,62.3894,159.3427
100-200,rd100,100,b_100x2500_m20_e10_t7,9350334788301505848,12422.0000,7910.0000,57.0417,157.2458
100-200,si175,175,b_100x2500_m20_e10_t7,1433057549478082233,23494.0000,21407.0000,9.7491,254.3162
100-200,si175,175,b_100x2500_m20_e10_t7,1433057549478082234,23271.0000,21407.0000,8.7074,250.1465
100-200,si175,175,b_100x2500_m20_e10_t7,1433057549478082235,23337.0000,21407.0000,9.0157,250.8548
100-200,si175,175,b_100x2500_m20_e10_t7,1433057549478082236,23222.0000,21407.0000,8.4785,253.8070
100-200,si175,175,b_100x2500_m20_e10_t7,1433057549478082237,23470.0000,21407.0000,9.6370,249.8934
100-200,si175,175,b_100x2500_m20_e10_t7,1433057549478082238,23193.0000,21407.0000,8.3431,315.3261
100-200,si175,175,b_100x2500_m20_e10_t7,1433057549478082239,23116.0000,21407.0000,7.9834,256.8778
100-200,si175,175,b_100x2500_m20_e10_t7,1433057549478082240,23236.0000,21407.0000,8.5439,254.7099
100-200,si175,175,b_100x2500_m20_e10_t7,1433057549478082241,23288.0000,21407.0000,8.7868,250.9370
100-200,si175,175,b_100x2500_m20_e10_t7,1433057549478082242,23379.0000,21407.0000,9.2119,256.2556
100-200,u159,159,b_100x2500_m20_e10_t7,1534295351580550878,42981.0000,42080.0000,2.1412,237.5869
100-200,u159,159,b_100x2500_m20_e10_t7,1534295351580550879,43055.0000,42080.0000,2.3170,232.0679
100-200,u159,159,b_100x2500_m20_e10_t7,1534295351580550880,42981.0000,42080.0000,2.1412,231.9378
100-200,u159,159,b_100x2500_m20_e10_t7,1534295351580550881,42981.0000,42080.0000,2.1412,234.3765
100-200,u159,159,b_100x2500_m20_e10_t7,1534295351580550882,42981.0000,42080.0000,2.1412,230.5738
100-200,u159,159,b_100x2500_m20_e10_t7,1534295351580550883,42981.0000,42080.0000,2.1412,232.9345
100-200,u159,159,b_100x2500_m20_e10_t7,1534295351580550884,43024.0000,42080.0000,2.2433,231.3589
100-200,u159,159,b_100x2500_m20_e10_t7,1534295351580550885,42981.0000,42080.0000,2.1412,231.0145
100-200,u159,159,b_100x2500_m20_e10_t7,1534295351580550886,42981.0000,42080.0000,2.1412,233.4959
100-200,u159,159,b_100x2500_m20_e10_t7,1534295351580550887,43092.0000,42080.0000,2.4049,231.6382
100-200,bier127,127,b_100x2500_m10_e10_t5,7986806671829324805,155932.0000,118282.0000,31.8307,191.6428
100-200,bier127,127,b_100x2500_m10_e10_t5,7986806671829324806,173239.0000,118282.0000,46.4627,186.2683
100-200,bier127,127,b_100x2500_m10_e10_t5,7986806671829324807,172839.0000,118282.0000,46.1245,193.1856
100-200,bier127,127,b_100x2500_m10_e10_t5,7986806671829324808,169968.0000,118282.0000,43.6973,193.2767
100-200,bier127,127,b_100x2500_m10_e10_t5,7986806671829324809,179180.0000,118282.0000,51.4854,191.8062
100-200,bier127,127,b_100x2500_m10_e10_t5,7986806671829324810,162344.0000,118282.0000,37.2517,193.9481
100-200,bier127,127,b_100x2500_m10_e10_t5,7986806671829324811,165915.0000,118282.0000,40.2707,190.4829
100-200,bier127,127,b_100x2500_m10_e10_t5,7986806671829324812,171749.0000,118282.0000,45.2030,189.7721
100-200,bier127,127,b_100x2500_m10_e10_t5,7986806671829324813,157023.0000,118282.0000,32.7531,187.1365
100-200,bier127,127,b_100x2500_m10_e10_t5,7986806671829324814,185292.0000,118282.0000,56.6527,186.7484
100-200,brg180,180,b_100x2500_m10_e10_t5,5493841373332893133,6260.0000,1950.0000,221.0256,252.6226
100-200,brg180,180,b_100x2500_m10_e10_t5,5493841373332893134,6160.0000,1950.0000,215.8974,257.0305
100-200,brg180,180,b_100x2500_m10_e10_t5,5493841373332893135,9870.0000,1950.0000,406.1538,255.2018
100-200,brg180,180,b_100x2500_m10_e10_t5,5493841373332893136,6460.0000,1950.0000,231.2821,250.9452
100-200,brg180,180,b_100x2500_m10_e10_t5,5493841373332893137,2720.0000,1950.0000,39.4872,251.7646
100-200,brg180,180,b_100x2500_m10_e10_t5,5493841373332893138,6160.0000,1950.0000,215.8974,253.2986
100-200,brg180,180,b_100x2500_m10_e10_t5,5493841373332893139,2800.0000,1950.0000,43.5897,256.9141
100-200,brg180,180,b_100x2500_m10_e10_t5,5493841373332893140,6260.0000,1950.0000,221.0256,254.9185
100-200,brg180,180,b_100x2500_m10_e10_t5,5493841373332893141,6320.0000,1950.0000,224.1026,257.3766
100-200,brg180,180,b_100x2500_m10_e10_t5,5493841373332893142,2640.0000,1950.0000,35.3846,252.5334
100-200,ch130,130,b_100x2500_m10_e10_t5,12789531245009979304,10866.0000,6110.0000,77.8396,195.2613
100-200,ch130,130,b_100x2500_m10_e10_t5,12789531245009979305,10664.0000,6110.0000,74.5336,191.2804
100-200,ch130,130,b_100x2500_m10_e10_t5,12789531245009979306,11069.0000,6110.0000,81.1620,190.4786
100-200,ch130,130,b_100x2500_m10_e10_t5,12789531245009979307,11155.0000,6110.0000,82.5696,189.8949
100-200,ch130,130,b_100x2500_m10_e10_t5,12789531245009979308,9886.0000,6110.0000,61.8003,193.7408
100-200,ch130,130,b_100x2500_m10_e10_t5,12789531245009979309,10562.0000,6110.0000,72.8642,193.5962
100-200,ch130,130,b_100x2500_m10_e10_t5,12789531245009979310,9530.0000,6110.0000,55.9738,192.2168
100-200,ch130,130,b_100x2500_m10_e10_t5,12789531245009979311,11253.0000,6110.0000,84.1735,191.6693
100-200,ch130,130,b_100x2500_m10_e10_t5,12789531245009979312,10634.0000,6110.0000,74.0426,190.6088
100-200,ch130,130,b_100x2500_m10_e10_t5,12789531245009979313,10668.0000,6110.0000,74.5990,191.6368
100-200,ch150,150,b_100x2500_m10_e10_t5,1539511185300549558,12205.0000,6528.0000,86.9638,216.8556
100-200,ch150,150,b_100x2500_m10_e10_t5,1539511185300549559,11902.0000,6528.0000,82.3223,217.4680
100-200,ch150,150,b_100x2500_m10_e10_t5,1539511185300549560,11988.0000,6528.0000,83.6397,217.9692
100-200,ch150,150,b_100x2500_m10_e10_t5,1539511185300549561,12361.0000,6528.0000,89.3536,217.9187
100-200,ch150,150,b_100x2500_m10_e10_t5,1539511185300549562,12930.0000,6528.0000,98.0699,230.6980
100-200,ch150,150,b_100x2500_m10_e10_t5,1539511185300549563,12876.0000,6528.0000,97.2426,217.5728
100-200,ch150,150,b_100x2500_m10_e10_t5,1539511185300549564,11975.0000,6528.0000,83.4406,215.1983
100-200,ch150,150,b_100x2500_m10_e10_t5,1539511185300549565,11439.0000,6528.0000,75.2298,216.0852
100-200,ch150,150,b_100x2500_m10_e10_t5,1539511185300549566,12712.0000,6528.0000,94.7304,216.8592
100-200,ch150,150,b_100x2500_m10_e10_t5,1539511185300549567,12351.0000,6528.0000,89.2004,216.5267
100-200,d198,198,b_100x2500_m10_e10_t5,9559466537762910663,21725.0000,15780.0000,37.6743,275.8267
100-200,d198,198,b_100x2500_m10_e10_t5,9559466537762910664,21177.0000,15780.0000,34.2015,275.8994
100-200,d198,198,b_100x2500_m10_e10_t5,9559466537762910665,21134.0000,15780.0000,33.9290,276.8501
100-200,d198,198,b_100x2500_m10_e10_t5,9559466537762910666,21390.0000,15780.0000,35.5513,279.6630
100-200,d198,198,b_100x2500_m10_e10_t5,9559466537762910667,21194.0000,15780.0000,34.3093,274.4982
100-200,d198,198,b_100x2500_m10_e10_t5,9559466537762910668,21311.0000,15780.0000,35.0507,274.8848
100-200,d198,198,b_100x2500_m10_e10_t5,9559466537762910669,21511.0000,15780.0000,36.3181,274.1290
100-200,d198,198,b_100x2500_m10_e10_t5,9559466537762910670,21292.0000,15780.0000,34.9303,275.1796
100-200,d198,198,b_100x2500_m10_e10_t5,9559466537762910671,21140.0000,15780.0000,33.9670,276.6932
100-200,d198,198,b_100x2500_m10_e10_t5,9559466537762910672,21398.0000,15780.0000,35.6020,275.2607
100-200,eil101,101,b_100x2500_m10_e10_t5,12885765845359285885,851.0000,629.0000,35.2941,156.7712
100-200,eil101,101,b_100x2500_m10_e10_t5,12885765845359285886,811.0000,629.0000,28.9348,154.6065
100-200,eil101,101,b_100x2500_m10_e10_t5,12885765845359285887,934.0000,629.0000,48.4897,155.8101
100-200,eil101,101,b_100x2500_m10_e10_t5,12885765845359285888,949.0000,629.0000,50.8744,154.7648
100-200,eil101,101,b_100x2500_m10_e10_t5,12885765845359285889,835.0000,629.0000,32.7504,156.5965
100-200,eil101,101,b_100x2500_m10_e10_t5,12885765845359285890,1052.0000,629.0000,67.2496,155.7817
100-200,eil101,101,b_100x2500_m10_e10_t5,12885765845359285891,910.0000,629.0000,44.6741,155.8301
100-200,eil101,101,b_100x2500_m10_e10_t5,12885765845359285892,909.0000,629.0000,44.5151,159.2756
100-200,eil101,101,b_100x2500_m10_e10_t5,12885765845359285893,930.0000,629.0000,47.8537,157.6890
100-200,eil101,101,b_100x2500_m10_e10_t5,12885765845359285894,905.0000,629.0000,43.8792,156.1769
100-200,gr120,120,b_100x2500_m10_e10_t5,16040206862205222155,12166.0000,6942.0000,75.2521,178.0026
100-200,gr120,120,b_100x2500_m10_e10_t5,16040206862205222156,12425.0000,6942.0000,78.9830,178.2546
100-200,gr120,120,b_100x2500_m10_e10_t5,16040206862205222157,10757.0000,6942.0000,54.9553,177.8596
100-200,gr120,120,b_100x2500_m10_e10_t5,16040206862205222158,13190.0000,6942.0000,90.0029,179.4584
100-200,gr120,120,b_100x2500_m10_e10_t5,16040206862205222159,10719.0000,6942.0000,54.4080,180.4402
100-200,gr120,120,b_100x2500_m10_e10_t5,16040206862205222160,10895.0000,6942.0000,56.9432,178.6920
100-200,gr120,120,b_100x2500_m10_e10_t5,16040206862205222161,10993.0000,6942.0000,58.3549,180.6688
100-200,gr120,120,b_100x2500_m10_e10_t5,16040206862205222162,12242.0000,6942.0000,76.3469,180.4082
100-200,gr120,120,b_100x2500_m10_e10_t5,16040206862205222163,11301.0000,6942.0000,62.7917,179.4709
100-200,gr120,120,b_100x2500_m10_e10_t5,16040206862205222164,10362.0000,6942.0000,49.2653,178.9177
100-200,gr137,137,b_100x2500_m10_e10_t5,8847290215004179277,90450.0000,69853.0000,29.4862,200.1803
100-200,gr137,137,b_100x2500_m10_e10_t5,8847290215004179278,91186.0000,69853.0000,30.5398,201.2826
100-200,gr137,137,b_100x2500_m10_e10_t5,8847290215004179279,90306.0000,69853.0000,29.2801,203.5613
100-200,gr137,137,b_100x2500_m10_e10_t5,8847290215004179280,91680.0000,69853.0000,31.2470,201.0570
100-200,gr137,137,b_100x2500_m10_e10_t5,8847290215004179281,92028.0000,69853.0000,31.7452,199.1069
100-200,gr137,137,b_100x2500_m10_e10_t5,8847290215004179282,89989.0000,69853.0000,28.8262,196.8761
100-200,gr137,137,b_100x2500_m10_e10_t5,8847290215004179283,90516.0000,69853.0000,29.5807,202.7848
100-200,gr137,137,b_100x2500_m10_e10_t5,8847290215004179284,88469.0000,69853.0000,26.6503,196.7970
100-200,gr137,137,b_100x2500_m10_e10_t5,8847290215004179285,90414.0000,69853.0000,29.4347,201.1295
100-200,gr137,137,b_100x2500_m10_e10_t5,8847290215004179286,90328.0000,69853.0000,29.3116,202.4903
100-200,kroA100,100,b_100x2500_m10_e10_t5,6719815120223665227,37008.0000,21282.0000,73.8934,155.2495
100-200,kroA100,100,b_100x2500_m10_e10_t5,6719815120223665228,33193.0000,21282.0000,55.9675,154.0912
100-200,kroA100,100,b_100x2500_m10_e10_t5,6719815120223665229,36435.0000,21282.0000,71.2010,155.5445
100-200,kroA100,100,b_100x2500_m10_e10_t5,6719815120223665230,34641.0000,21282.0000,62.7714,157.5827
100-200,kroA100,100,b_100x2500_m10_e10_t5,6719815120223665231,38346.0000,21282.0000,80.1804,152.5128
100-200,kroA100,100,b_100x2500_m10_e10_t5,6719815120223665232,33634.0000,21282.0000,58.0397,154.2733
100-200,kroA100,100,b_100x2500_m10_e10_t5,6719815120223665233,33444.0000,21282.0000,57.1469,152.2803
100-200,kroA100,100,b_100x2500_m10_e10_t5,6719815120223665234,33052.0000,21282.0000,55.3050,152.1058
100-200,kroA100,100,b_100x2500_m10_e10_t5,6719815120223665235,32528.0000,21282.0000,52.8428,153.8442
100-200,kroA100,100,b_100x2500_m10_e10_t5,6719815120223665236,33741.0000,21282.0000,58.5424,155.1323
100-200,kroA150,150,b_100x2500_m10_e10_t5,6264881081514418286,49189.0000,26524.0000,85.4509,215.3617
100-200,kroA150,150,b_100x2500_m10_e10_t5,6264881081514418287,50743.0000,26524.0000,91.3098,216.3177
100-200,kroA150,150,b_100x2500_m10_e10_t5,6264881081514418288,51551.0000,26524.0000,94.3561,215.6982
100-200,kroA150,150,b_100x2500_m10_e10_t5,6264881081514418289,49431.0000,26524.0000,86.3633,216.4947
100-200,kroA150,150,b_100x2500_m10_e10_t5,6264881081514418290,46465.0000,26524.0000,75.1810,216.0784
100-200,kroA150,150,b_100x2500_m10_e10_t5,6264881081514418291,46691.0000,26524.0000,76.0330,216.7432
100-200,kroA150,150,b_100x2500_m10_e10_t5,6264881081514418292,54345.0000,26524.0000,104.8899,218.0032
100-200,kroA150,150,b_100x2500_m10_e10_t5,6264881081514418293,53653.0000,26524.0000,102.2810,214.3575
100-200,kroA150,150,b_100x2500_m10_e10_t5,6264881081514418294,51766.0000,26524.0000,95.1666,218.7537
100-200,kroA150,150,b_100x2500_m10_e10_t5,6264881081514418295,51776.0000,26524.0000,95.2043,227.9630
100-200,kroB100,100,b_100x2500_m10_e10_t5,16957802542400112010,35211.0000,22141.0000,59.0308,154.5938
100-200,kroB100,100,b_100x2500_m10_e10_t5,16957802542400112011,36993.0000,22141.0000,67.0792,156.1804
100-200,kroB100,100,b_100x2500_m10_e10_t5,16957802542400112012,34213.0000,22141.0000,54.5233,153.3659
100-200,kroB100,100,b_100x2500_m10_e10_t5,16957802542400112013,41045.0000,22141.0000,85.3801,154.8028
100-200,kroB100,100,b_100x2500_m10_e10_t5,16957802542400112014,37337.0000,22141.0000,68.6329,154.5851
100-200,kroB100,100,b_100x2500_m10_e10_t5,16957802542400112015,35959.0000,22141.0000,62.4091,152.7330
100-200,kroB100,100,b_100x2500_m10_e10_t5,16957802542400112016,36168.0000,22141.0000,63.3531,152.6821
100-200,kroB100,100,b_100x2500_m10_e10_t5,16957802542400112017,34099.0000,22141.0000,54.0084,158.3819
100-200,kroB100,100,b_100x2500_m10_e10_t5,16957802542400112018,40036.0000,22141.0000,80.8229,164.6035
100-200,kroB100,100,b_100x2500_m10_e10_t5,16957802542400112019,32742.0000,22141.0000,47.8795,151.7231
100-200,kroB150,150,b_100x2500_m10_e10_t5,16502868503690865069,49488.0000,26130.0000,89.3915,215.7444
100-200,kroB150,150,b_100x2500_m10_e10_t5,16502868503690865070,53538.0000,26130.0000,104.8909,213.5840
100-200,kroB150,150,b_100x2500_m10_e10_t5,16502868503690865071,48563.0000,26130.0000,85.8515,220.0077
100-200,kroB150,150,b_100x2500_m10_e10_t5,16502868503690865072,50730.0000,26130.0000,94.1447,216.4559
100-200,kroB150,150,b_100x2500_m10_e10_t5,16502868503690865073,53134.0000,26130.0000,103.3448,215.3442
100-200,kroB150,150,b_100x2500_m10_e10_t5,16502868503690865074,49137.0000,26130.0000,88.0482,214.7875
100-200,kroB150,150,b_100x2500_m10_e10_t5,16502868503690865075,52499.0000,26130.0000,100.9147,216.4643
100-200,kroB150,150,b_100x2500_m10_e10_t5,16502868503690865076,45397.0000,26130.0000,73.7352,214.2516
100-200,kroB150,150,b_100x2500_m10_e10_t5,16502868503690865077,52479.0000,26130.0000,100.8381,216.3414
100-200,kroB150,150,b_100x2500_m10_e10_t5,16502868503690865078,48557.0000,26130.0000,85.8285,215.9863
100-200,kroC100,100,b_100x2500_m10_e10_t5,8749045890867007177,34205.0000,20749.0000,64.8513,154.4783
100-200,kroC100,100,b_100x2500_m10_e10_t5,8749045890867007178,37476.0000,20749.0000,80.6159,152.0611
100-200,kroC100,100,b_100x2500_m10_e10_t5,8749045890867007179,38632.0000,20749.0000,86.1873,154.1646
100-200,kroC100,100,b_100x2500_m10_e10_t5,8749045890867007180,33604.0000,20749.0000,61.9548,153.2452
100-200,kroC100,100,b_100x2500_m10_e10_t5,8749045890867007181,37817.0000,20749.0000,82.2594,156.7737
100-200,kroC100,100,b_100x2500_m10_e10_t5,8749045890867007182,32087.0000,20749.0000,54.6436,153.7901
100-200,kroC100,100,b_100x2500_m10_e10_t5,8749045890867007183,41519.0000,20749.0000,100.1012,153.5373
100-200,kroC100,100,b_100x2500_m10_e10_t5,8749045890867007184,37105.0000,20749.0000,78.8279,152.9797
100-200,kroC100,100,b_100x2500_m10_e10_t5,8749045890867007185,34821.0000,20749.0000,67.8201,153.7053
100-200,kroC100,100,b_100x2500_m10_e10_t5,8749045890867007186,35094.0000,20749.0000,69.1359,156.5917
100-200,kroD100,100,b_100x2500_m10_e10_t5,540289239333902344,41635.0000,21294.0000,95.5246,153.1025
100-200,kroD100,100,b_100x2500_m10_e10_t5,540289239333902345,40026.0000,21294.0000,87.9684,154.0652
100-200,kroD100,100,b_100x2500_m10_e10_t5,540289239333902346,31516.0000,21294.0000,48.0041,154.1519
100-200,kroD100,100,b_100x2500_m10_e10_t5,540289239333902347,36456.0000,21294.0000,71.2032,151.4835
100-200,kroD100,100,b_100x2500_m10_e10_t5,540289239333902348,38262.0000,21294.0000,79.6844,152.2955
100-200,kroD100,100,b_100x2500_m10_e10_t5,540289239333902349,32886.0000,21294.0000,54.4379,154.5194
100-200,kroD100,100,b_100x2500_m10_e10_t5,540289239333902350,34425.0000,21294.0000,61.6653,153.9612
100-200,kroD100,100,b_100x2500_m10_e10_t5,540289239333902351,30937.0000,21294.0000,45.2851,152.9670
100-200,kroD100,100,b_100x2500_m10_e10_t5,540289239333902352,33998.0000,21294.0000,59.6600,153.6958
100-200,kroD100,100,b_100x2500_m10_e10_t5,540289239333902353,35428.0000,21294.0000,66.3755,155.5681
100-200,kroE100,100,b_100x2500_m10_e10_t5,10778276661510349127,37242.0000,22068.0000,68.7602,153.0680
100-200,kroE100,100,b_100x2500_m10_e10_t5,10778276661510349128,31073.0000,22068.0000,40.8057,155.2505
100-200,kroE100,100,b_100x2500_m10_e10_t5,10778276661510349129,32652.0000,22068.0000,47.9608,154.3766
100-200,kroE100,100,b_100x2500_m10_e10_t5,10778276661510349130,32894.0000,22068.0000,49.0575,153.5638
100-200,kroE100,100,b_100x2500_m10_e10_t5,10778276661510349131,33061.0000,22068.0000,49.8142,152.7764
100-200,kroE100,100,b_100x2500_m10_e10_t5,10778276661510349132,38145.0000,22068.0000,72.8521,155.4027
100-200,kroE100,100,b_100x2500_m10_e10_t5,10778276661510349133,42138.0000,22068.0000,90.9462,152.7794
100-200,kroE100,100,b_100x2500_m10_e10_t5,10778276661510349134,32893.0000,22068.0000,49.0529,152.9454
100-200,kroE100,100,b_100x2500_m10_e10_t5,10778276661510349135,34269.0000,22068.0000,55.2882,156.1212
100-200,kroE100,100,b_100x2500_m10_e10_t5,10778276661510349136,31593.0000,22068.0000,43.1620,154.4096
100-200,lin105,105,b_100x2500_m10_e10_t5,17765722938187159344,24787.0000,14379.0000,72.3833,158.4600
100-200,lin105,105,b_100x2500_m10_e10_t5,17765722938187159345,23797.0000,14379.0000,65.4983,160.5243
100-200,lin105,105,b_100x2500_m10_e10_t5,17765722938187159346,25116.0000,14379.0000,74.6714,159.0312
100-200,lin105,105,b_100x2500_m10_e10_t5,17765722938187159347,22766.0000,14379.0000,58.3281,158.0834
100-200,lin105,105,b_100x2500_m10_e10_t5,17765722938187159348,24648.0000,14379.0000,71.4166,158.7798
100-200,lin105,105,b_100x2500_m10_e10_t5,17765722938187159349,22289.0000,14379.0000,55.0108,160.7733
100-200,lin105,105,b_100x2500_m10_e10_t5,17765722938187159350,23171.0000,14379.0000,61.1447,158.3532
100-200,lin105,105,b_100x2500_m10_e10_t5,17765722938187159351,25481.0000,14379.0000,77.2098,158.3780
100-200,lin105,105,b_100x2500_m10_e10_t5,17765722938187159352,23179.0000,14379.0000,61.2004,158.9154
100-200,lin105,105,b_100x2500_m10_e10_t5,17765722938187159353,25142.0000,14379.0000,74.8522,158.2937
100-200,pr107,107,b_100x2500_m10_e10_t5,4468750733987996765,53349.0000,44303.0000,20.4185,163.3411
100-200,pr107,107,b_100x2500_m10_e10_t5,4468750733987996766,52989.0000,44303.0000,19.6059,161.0792
100-200,pr107,107,b_100x2500_m10_e10_t5,4468750733987996767,53597.0000,44303.0000,20.9783,161.8292
100-200,pr107,107,b_100x2500_m10_e10_t5,4468750733987996768,54045.0000,44303.0000,21.9895,173.2004
100-200,pr107,107,b_100x2500_m10_e10_t5,4468750733987996769,53618.0000,44303.0000,21.0257,161.4968
100-200,pr107,107,b_100x2500_m10_e10_t5,4468750733987996770,53305.0000,44303.0000,20.3192,161.8360
100-200,pr107,107,b_100x2500_m10_e10_t5,4468750733987996771,53314.0000,44303.0000,20.3395,160.7399
100-200,pr107,107,b_100x2500_m10_e10_t5,4468750733987996772,53488.0000,44303.0000,20.7322,163.6228
100-200,pr107,107,b_100x2500_m10_e10_t5,4468750733987996773,52928.0000,44303.0000,19.4682,161.7743
100-200,pr107,107,b_100x2500_m10_e10_t5,4468750733987996774,53612.0000,44303.0000,21.0121,163.4230
100-200,pr124,124,b_100x2500_m10_e10_t5,11019810150157291236,96505.0000,59030.0000,63.4847,184.4504
100-200,pr124,124,b_100x2500_m10_e10_t5,11019810150157291237,96581.0000,59030.0000,63.6134,182.2974
100-200,pr124,124,b_100x2500_m10_e10_t5,11019810150157291238,96537.0000,59030.0000,63.5389,183.9527
100-200,pr124,124,b_100x2500_m10_e10_t5,11019810150157291239,96821.0000,59030.0000,64.0200,183.7304
100-200,pr124,124,b_100x2500_m10_e10_t5,11019810150157291240,96537.0000,59030.0000,63.5389,183.6326
100-200,pr124,124,b_100x2500_m10_e10_t5,11019810150157291241,96821.0000,59030.0000,64.0200,183.6420
100-200,pr124,124,b_100x2500_m10_e10_t5,11019810150157291242,96537.0000,59030.0000,63.5389,181.7565
100-200,pr124,124,b_100x2500_m10_e10_t5,11019810150157291243,96581.0000,59030.0000,63.6134,183.9797
100-200,pr124,124,b_100x2500_m10_e10_t5,11019810150157291244,92958.0000,59030.0000,57.4759,182.7785
100-200,pr124,124,b_100x2500_m10_e10_t5,11019810150157291245,94304.0000,59030.0000,59.7561,182.0259
100-200,pr136,136,b_100x2500_m10_e10_t5,8899700531141386565,231728.0000,96772.0000,139.4577,198.8533
100-200,pr136,136,b_100x2500_m10_e10_t5,8899700531141386566,187759.0000,96772.0000,94.0220,198.6242
100-200,pr136,136,b_100x2500_m10_e10_t5,8899700531141386567,205452.0000,96772.0000,112.3052,198.9685
100-200,pr136,136,b_100x2500_m10_e10_t5,8899700531141386568,225569.0000,96772.0000,133.0933,198.4550
100-200,pr136,136,b_100x2500_m10_e10_t5,8899700531141386569,219622.0000,96772.0000,126.9479,197.6659
100-200,pr136,136,b_100x2500_m10_e10_t5,8899700531141386570,226696.0000,96772.0000,134.2578,201.7371
100-200,pr136,136,b_100x2500_m10_e10_t5,8899700531141386571,220761.0000,96772.0000,128.1249,201.8695
100-200,pr136,136,b_100x2500_m10_e10_t5,8899700531141386572,207471.0000,96772.0000,114.3916,197.8452
100-200,pr136,136,b_100x2500_m10_e10_t5,8899700531141386573,233870.0000,96772.0000,141.6711,199.5100
100-200,pr136,136,b_100x2500_m10_e10_t5,8899700531141386574,161219.0000,96772.0000,66.5967,197.3913
100-200,pr144,144,b_100x2500_m10_e10_t5,18216534164157413106,92580.0000,58537.0000,58.1564,207.9768
100-200,pr144,144,b_100x2500_m10_e10_t5,18216534164157413107,92494.0000,58537.0000,58.0095,213.5146
100-200,pr144,144,b_100x2500_m10_e10_t5,18216534164157413108,92099.0000,58537.0000,57.3347,208.9913
100-200,pr144,144,b_100x2500_m10_e10_t5,18216534164157413109,92457.0000,58537.0000,57.9463,207.8476
100-200,pr144,144,b_100x2500_m10_e10_t5,18216534164157413110,92593.0000,58537.0000,58.1786,210.8367
100-200,pr144,144,b_100x2500_m10_e10_t5,18216534164157413111,92580.0000,58537.0000,58.1564,207.8963
100-200,pr144,144,b_100x2500_m10_e10_t5,18216534164157413112,92883.0000,58537.0000,58.6740,209.2102
100-200,pr144,144,b_100x2500_m10_e10_t5,18216534164157413113,93021.0000,58537.0000,58.9097,207.6496
100-200,pr144,144,b_100x2500_m10_e10_t5,18216534164157413114,92471.0000,58537.0000,57.9702,208.1488
100-200,pr144,144,b_100x2500_m10_e10_t5,18216534164157413115,92482.0000,58537.0000,57.9890,208.5028
100-200,pr152,152,b_100x2500_m10_e10_t5,9086623723463888031,138553.0000,73682.0000,88.0419,220.6156
100-200,pr152,152,b_100x2500_m10_e10_t5,9086623723463888032,137158.0000,73682.0000,86.1486,218.8379
100-200,pr152,152,b_100x2500_m10_e10_t5,9086623723463888033,147534.0000,73682.0000,100.2307,219.6401
100-200,pr152,152,b_100x2500_m10_e10_t5,9086623723463888034,144473.0000,73682.0000,96.0764,219.0253
100-200,pr152,152,b_100x2500_m10_e10_t5,9086623723463888035,140501.0000,73682.0000,90.6856,217.0258
100-200,pr152,152,b_100x2500_m10_e10_t5,9086623723463888036,142695.0000,73682.0000,93.6633,219.3529
100-200,pr152,152,b_100x2500_m10_e10_t5,9086623723463888037,147522.0000,73682.0000,100.2144,218.8916
100-200,pr152,152,b_100x2500_m10_e10_t5,9086623723463888038,133386.0000,73682.0000,81.0293,220.5444
100-200,pr152,152,b_100x2500_m10_e10_t5,9086623723463888039,140778.0000,73682.0000,91.0616,219.8449
100-200,pr152,152,b_100x2500_m10_e10_t5,9086623723463888040,149802.0000,73682.0000,103.3088,218.4673
100-200,rat195,195,b_100x2500_m10_e10_t5,14468749164014701131,3768.0000,2323.0000,62.2040,269.6485
100-200,rat195,195,b_100x2500_m10_e10_t5,14468749164014701132,3755.0000,2323.0000,61.6444,274.0807
100-200,rat195,195,b_100x2500_m10_e10_t5,14468749164014701133,3769.0000,2323.0000,62.2471,270.3985
100-200,rat195,195,b_100x2500_m10_e10_t5,14468749164014701134,3831.0000,2323.0000,64.9161,271.8704
100-200,rat195,195,b_100x2500_m10_e10_t5,14468749164014701135,3876.0000,2323.0000,66.8532,271.0898
100-200,rat195,195,b_100x2500_m10_e10_t5,14468749164014701136,3925.0000,2323.0000,68.9625,269.4629
100-200,rat195,195,b_100x2500_m10_e10_t5,14468749164014701137,3824.0000,2323.0000,64.6147,271.6004
100-200,rat195,195,b_100x2500_m10_e10_t5,14468749164014701138,3837.0000,2323.0000,65.1743,270.6641
100-200,rat195,195,b_100x2500_m10_e10_t5,14468749164014701139,3826.0000,2323.0000,64.7008,272.1500
100-200,rat195,195,b_100x2500_m10_e10_t5,14468749164014701140,3906.0000,2323.0000,68.1446,273.7593
100-200,rd100,100,b_100x2500_m10_e10_t5,8630227916029779754,13307.0000,7910.0000,68.2301,153.8270
100-200,rd100,100,b_100x2500_m10_e10_t5,8630227916029779755,14245.0000,7910.0000,80.0885,154.3388
100-200,rd100,100,b_100x2500_m10_e10_t5,8630227916029779756,13176.0000,7910.0000,66.5740,153.1755
100-200,rd100,100,b_100x2500_m10_e10_t5,8630227916029779757,12151.0000,7910.0000,53.6157,153.3280
100-200,rd100,100,b_100x2500_m10_e10_t5,8630227916029779758,13047.0000,7910.0000,64.9431,153.3405
100-200,rd100,100,b_100x2500_m10_e10_t5,8630227916029779759,13890.0000,7910.0000,75.6005,153.5182
100-200,rd100,100,b_100x2500_m10_e10_t5,8630227916029779760,12735.0000,7910.0000,60.9987,156.1092
100-200,rd100,100,b_100x2500_m10_e10_t5,8630227916029779761,11947.0000,7910.0000,51.0367,154.4537
100-200,rd100,100,b_100x2500_m10_e10_t5,8630227916029779762,14148.0000,7910.0000,78.8622,153.0493
100-200,rd100,100,b_100x2500_m10_e10_t5,8630227916029779763,12591.0000,7910.0000,59.1783,169.2438
100-200,si175,175,b_100x2500_m10_e10_t5,712950677206356148,23168.0000,21407.0000,8.2263,247.4175
100-200,si175,175,b_100x2500_m10_e10_t5,712950677206356149,23795.0000,21407.0000,11.1552,245.6316
100-200,si175,175,b_100x2500_m10_e10_t5,712950677206356150,23397.0000,21407.0000,9.2960,246.7657
100-200,si175,175,b_100x2500_m10_e10_t5,712950677206356151,23650.0000,21407.0000,10.4779,245.6743
100-200,si175,175,b_100x2500_m10_e10_t5,712950677206356152,23389.0000,21407.0000,9.2587,248.3709
100-200,si175,175,b_100x2500_m10_e10_t5,712950677206356153,23304.0000,21407.0000,8.8616,243.7484
100-200,si175,175,b_100x2500_m10_e10_t5,712950677206356154,23945.0000,21407.0000,11.8559,245.2173
100-200,si175,175,b_100x2500_m10_e10_t5,712950677206356155,23692.0000,21407.0000,10.6741,245.2710
100-200,si175,175,b_100x2500_m10_e10_t5,712950677206356156,23668.0000,21407.0000,10.5620,246.2763
100-200,si175,175,b_100x2500_m10_e10_t5,712950677206356157,23477.0000,21407.0000,9.6697,249.5380
100-200,u159,159,b_100x2500_m10_e10_t5,9555244247223090695,42981.0000,42080.0000,2.1412,227.0825
100-200,u159,159,b_100x2500_m10_e10_t5,9555244247223090696,42981.0000,42080.0000,2.1412,285.6897
100-200,u159,159,b_100x2500_m10_e10_t5,9555244247223090697,42981.0000,42080.0000,2.1412,227.7560
100-200,u159,159,b_100x2500_m10_e10_t5,9555244247223090698,43152.0000,42080.0000,2.5475,227.3343
100-200,u159,159,b_100x2500_m10_e10_t5,9555244247223090699,43099.0000,42080.0000,2.4216,225.4861
100-200,u159,159,b_100x2500_m10_e10_t5,9555244247223090700,43092.0000,42080.0000,2.4049,227.6956
100-200,u159,159,b_100x2500_m10_e10_t5,9555244247223090701,43263.0000,42080.0000,2.8113,225.3879
100-200,u159,159,b_100x2500_m10_e10_t5,9555244247223090702,43135.0000,42080.0000,2.5071,228.1012
100-200,u159,159,b_100x2500_m10_e10_t5,9555244247223090703,42981.0000,42080.0000,2.1412,225.8290
100-200,u159,159,b_100x2500_m10_e10_t5,9555244247223090704,43056.0000,42080.0000,2.3194,230.1248
100-200,bier127,127,b_100x2500_m30_x99_e10_t5,3281193849231546008,159638.0000,118282.0000,34.9639,206.3722
100-200,bier127,127,b_100x2500_m30_x99_e10_t5,3281193849231546009,182966.0000,118282.0000,54.6863,200.8719
100-200,bier127,127,b_100x2500_m30_x99_e10_t5,3281193849231546010,160727.0000,118282.0000,35.8846,203.2259
100-200,bier127,127,b_100x2500_m30_x99_e10_t5,3281193849231546011,178286.0000,118282.0000,50.7296,204.0776
100-200,bier127,127,b_100x2500_m30_x99_e10_t5,3281193849231546012,178385.0000,118282.0000,50.8133,203.6917
100-200,bier127,127,b_100x2500_m30_x99_e10_t5,3281193849231546013,161054.0000,118282.0000,36.1610,205.4355
100-200,bier127,127,b_100x2500_m30_x99_e10_t5,3281193849231546014,170736.0000,118282.0000,44.3466,201.6896
100-200,bier127,127,b_100x2500_m30_x99_e10_t5,3281193849231546015,156620.0000,118282.0000,32.4124,201.4356
100-200,bier127,127,b_100x2500_m30_x99_e10_t5,3281193849231546016,156496.0000,118282.0000,32.3075,199.2474
100-200,bier127,127,b_100x2500_m30_x99_e10_t5,3281193849231546017,165608.0000,118282.0000,40.0112,199.4729
100-200,brg180,180,b_100x2500_m30_x99_e10_t5,1515105137558349438,6300.0000,1950.0000,223.0769,266.8279
100-200,brg180,180,b_100x2500_m30_x99_e10_t5,1515105137558349439,9550.0000,1950.0000,389.7436,267.3205
100-200,brg180,180,b_100x2500_m30_x99_e10_t5,1515105137558349440,2620.0000,1950.0000,34.3590,267.2120
100-200,brg180,180,b_100x2500_m30_x99_e10_t5,1515105137558349441,6080.0000,1950.0000,211.7949,266.0797
100-200,brg180,180,b_100x2500_m30_x99_e10_t5,1515105137558349442,2900.0000,1950.0000,48.7179,272.4870
100-200,brg180,180,b_100x2500_m30_x99_e10_t5,1515105137558349443,2670.0000,1950.0000,36.9231,265.9311
100-200,brg180,180,b_100x2500_m30_x99_e10_t5,1515105137558349444,6180.0000,1950.0000,216.9231,268.4068
100-200,brg180,180,b_100x2500_m30_x99_e10_t5,1515105137558349445,6200.0000,1950.0000,217.9487,267.8950
100-200,brg180,180,b_100x2500_m30_x99_e10_t5,1515105137558349446,2890.0000,1950.0000,48.2051,269.8763
100-200,brg180,180,b_100x2500_m30_x99_e10_t5,1515105137558349447,2950.0000,1950.0000,51.2821,268.4166
100-200,ch130,130,b_100x2500_m30_x99_e10_t5,9097973365985377123,10699.0000,6110.0000,75.1064,204.3757
100-200,ch130,130,b_100x2500_m30_x99_e10_t5,9097973365985377124,9829.0000,6110.0000,60.8674,202.8539
100-200,ch130,130,b_100x2500_m30_x99_e10_t5,9097973365985377125,10058.0000,6110.0000,64.6154,206.4987
100-200,ch130,130,b_100x2500_m30_x99_e10_t5,9097973365985377126,10188.0000,6110.0000,66.7430,204.4192
100-200,ch130,130,b_100x2500_m30_x99_e10_t5,9097973365985377127,10711.0000,6110.0000,75.3028,204.0048
100-200,ch130,130,b_100x2500_m30_x99_e10_t5,9097973365985377128,10337.0000,6110.0000,69.1817,203.6608
100-200,ch130,130,b_100x2500_m30_x99_e10_t5,9097973365985377129,8921.0000,6110.0000,46.0065,204.1101
100-200,ch130,130,b_100x2500_m30_x99_e10_t5,9097973365985377130,10685.0000,6110.0000,74.8773,207.7708
100-200,ch130,130,b_100x2500_m30_x99_e10_t5,9097973365985377131,9327.0000,6110.0000,52.6514,206.3861
100-200,ch130,130,b_100x2500_m30_x99_e10_t5,9097973365985377132,10414.0000,6110.0000,70.4419,204.3225
100-200,ch150,150,b_100x2500_m30_x99_e10_t5,16294697379985498993,10681.0000,6528.0000,63.6183,232.3117
100-200,ch150,150,b_100x2500_m30_x99_e10_t5,16294697379985498994,10691.0000,6528.0000,63.7714,230.0447
100-200,ch150,150,b_100x2500_m30_x99_e10_t5,16294697379985498995,10307.0000,6528.0000,57.8891,230.1572
100-200,ch150,150,b_100x2500_m30_x99_e10_t5,16294697379985498996,12479.0000,6528.0000,91.1612,232.8273
100-200,ch150,150,b_100x2500_m30_x99_e10_t5,16294697379985498997,11866.0000,6528.0000,81.7708,232.2766
100-200,ch150,150,b_100x2500_m30_x99_e10_t5,16294697379985498998,11250.0000,6528.0000,72.3346,233.6892
100-200,ch150,150,b_100x2500_m30_x99_e10_t5,16294697379985498999,11454.0000,6528.0000,75.4596,231.7779
100-200,ch150,150,b_100x2500_m30_x99_e10_t5,16294697379985499000,11903.0000,6528.0000,82.3376,243.6772
100-200,ch150,150,b_100x2500_m30_x99_e10_t5,16294697379985499001,11628.0000,6528.0000,78.1250,229.9253
100-200,ch150,150,b_100x2500_m30_x99_e10_t5,16294697379985499002,11172.0000,6528.0000,71.1397,230.2366
100-200,d198,198,b_100x2500_m30_x99_e10_t5,7278249262508121136,20544.0000,15780.0000,30.1901,296.9079
100-200,d198,198,b_100x2500_m30_x99_e10_t5,7278249262508121137,20743.0000,15780.0000,31.4512,292.4134
100-200,d198,198,b_100x2500_m30_x99_e10_t5,7278249262508121138,21050.0000,15780.0000,33.3967,290.4721
100-200,d198,198,b_100x2500_m30_x99_e10_t5,7278249262508121139,20904.0000,15780.0000,32.4715,299.1257
100-200,d198,198,b_100x2500_m30_x99_e10_t5,7278249262508121140,21057.0000,15780.0000,33.4411,291.0164
100-200,d198,198,b_100x2500_m30_x99_e10_t5,7278249262508121141,20736.0000,15780.0000,31.4068,291.9732
100-200,d198,198,b_100x2500_m30_x99_e10_t5,7278249262508121142,20888.0000,15780.0000,32.3701,291.8952
100-200,d198,198,b_100x2500_m30_x99_e10_t5,7278249262508121143,21087.0000,15780.0000,33.6312,293.9398
100-200,d198,198,b_100x2500_m30_x99_e10_t5,7278249262508121144,20471.0000,15780.0000,29.7275,292.5345
100-200,d198,198,b_100x2500_m30_x99_e10_t5,7278249262508121145,20417.0000,15780.0000,29.3853,292.1015
100-200,eil101,101,b_100x2500_m30_x99_e10_t5,8907029609584742190,862.0000,629.0000,37.0429,167.6127
100-200,eil101,101,b_100x2500_m30_x99_e10_t5,8907029609584742191,848.0000,629.0000,34.8172,165.9849
100-200,eil101,101,b_100x2500_m30_x99_e10_t5,8907029609584742192,856.0000,629.0000,36.0890,164.6116
100-200,eil101,101,b_100x2500_m30_x99_e10_t5,8907029609584742193,946.0000,629.0000,50.3975,165.6554
100-200,eil101,101,b_100x2500_m30_x99_e10_t5,8907029609584742194,854.0000,629.0000,35.7711,167.4027
100-200,eil101,101,b_100x2500_m30_x99_e10_t5,8907029609584742195,890.0000,629.0000,41.4944,165.4881
100-200,eil101,101,b_100x2500_m30_x99_e10_t5,8907029609584742196,843.0000,629.0000,34.0223,165.5533
100-200,eil101,101,b_100x2500_m30_x99_e10_t5,8907029609584742197,863.0000,629.0000,37.2019,166.2297
100-200,eil101,101,b_100x2500_m30_x99_e10_t5,8907029609584742198,940.0000,629.0000,49.4436,166.6469
100-200,eil101,101,b_100x2500_m30_x99_e10_t5,8907029609584742199,912.0000,629.0000,44.9921,167.3528
100-200,gr120,120,b_100x2500_m30_x99_e10_t5,12348648983180619974,10244.0000,6942.0000,47.5655,191.7701
100-200,gr120,120,b_100x2500_m30_x99_e10_t5,12348648983180619975,11333.0000,6942.0000,63.2527,190.8977
100-200,gr120,120,b_100x2500_m30_x99_e10_t5,12348648983180619976,10964.0000,6942.0000,57.9372,191.2235
100-200,gr120,120,b_100x2500_m30_x99_e10_t5,12348648983180619977,9863.0000,6942.0000,42.0772,193.8359
100-200,gr120,120,b_100x2500_m30_x99_e10_t5,12348648983180619978,10398.0000,6942.0000,49.7839,189.4829
100-200,gr120,120,b_100x2500_m30_x99_e10_t5,12348648983180619979,11025.0000,6942.0000,58.8159,190.5492
100-200,gr120,120,b_100x2500_m30_x99_e10_t5,12348648983180619980,11017.0000,6942.0000,58.7007,191.1895
100-200,gr120,120,b_100x2500_m30_x99_e10_t5,12348648983180619981,10485.0000,6942.0000,51.0372,192.2837
100-200,gr120,120,b_100x2500_m30_x99_e10_t5,12348648983180619982,11667.0000,6942.0000,68.0640,191.5338
100-200,gr120,120,b_100x2500_m30_x99_e10_t5,12348648983180619983,11126.0000,6942.0000,60.2708,194.8855
100-200,gr137,137,b_100x2500_m30_x99_e10_t5,5155732335979577096,89308.0000,69853.0000,27.8513,210.5657
100-200,gr137,137,b_100x2500_m30_x99_e10_t5,5155732335979577097,90536.0000,69853.0000,29.6093,212.6910
100-200,gr137,137,b_100x2500_m30_x99_e10_t5,5155732335979577098,87163.0000,69853.0000,24.7806,211.7518
100-200,gr137,137,b_100x2500_m30_x99_e10_t5,5155732335979577099,89367.0000,69853.0000,27.9358,214.2707
100-200,gr137,137,b_100x2500_m30_x99_e10_t5,5155732335979577100,91283.0000,69853.0000,30.6787,211.6790
100-200,gr137,137,b_100x2500_m30_x99_e10_t5,5155732335979577101,88563.0000,69853.0000,26.7848,210.7750
100-200,gr137,137,b_100x2500_m30_x99_e10_t5,5155732335979577102,90265.0000,69853.0000,29.2214,211.9497
100-200,gr137,137,b_100x2500_m30_x99_e10_t5,5155732335979577103,90842.0000,69853.0000,30.0474,214.2304
100-200,gr137,137,b_100x2500_m30_x99_e10_t5,5155732335979577104,90701.0000,69853.0000,29.8455,213.5634
100-200,gr137,137,b_100x2500_m30_x99_e10_t5,5155732335979577105,88929.0000,69853.0000,27.3088,212.8703
100-200,kroA100,100,b_100x2500_m30_x99_e10_t5,2014202297625886430,32882.0000,21282.0000,54.5062,164.8073
100-200,kroA100,100,b_100x2500_m30_x99_e10_t5,2014202297625886431,29599.0000,21282.0000,39.0800,164.3835
100-200,kroA100,100,b_100x2500_m30_x99_e10_t5,2014202297625886432,35056.0000,21282.0000,64.7214,165.1841
100-200,kroA100,100,b_100x2500_m30_x99_e10_t5,2014202297625886433,35692.0000,21282.0000,67.7098,165.7679
100-200,kroA100,100,b_100x2500_m30_x99_e10_t5,2014202297625886434,36434.0000,21282.0000,71.1963,164.7924
100-200,kroA100,100,b_100x2500_m30_x99_e10_t5,2014202297625886435,38986.0000,21282.0000,83.1877,163.6913
100-200,kroA100,100,b_100x2500_m30_x99_e10_t5,2014202297625886436,37964.0000,21282.0000,78.3855,165.0769
100-200,kroA100,100,b_100x2500_m30_x99_e10_t5,2014202297625886437,35587.0000,21282.0000,67.2164,166.0911
100-200,kroA100,100,b_100x2500_m30_x99_e10_t5,2014202297625886438,38534.0000,21282.0000,81.0638,163.0656
100-200,kroA100,100,b_100x2500_m30_x99_e10_t5,2014202297625886439,30726.0000,21282.0000,44.3755,164.6263
100-200,kroA150,150,b_100x2500_m30_x99_e10_t5,1559268258916639489,47521.0000,26524.0000,79.1623,229.5367
100-200,kroA150,150,b_100x2500_m30_x99_e10_t5,1559268258916639490,43882.0000,26524.0000,65.4426,234.4611
100-200,kroA150,150,b_100x2500_m30_x99_e10_t5,1559268258916639491,43186.0000,26524.0000,62.8186,230.9295
100-200,kroA150,150,b_100x2500_m30_x99_e10_t5,1559268258916639492,44654.0000,26524.0000,68.3532,231.2713
100-200,kroA150,150,b_100x2500_m30_x99_e10_t5,1559268258916639493,46651.0000,26524.0000,75.8822,233.6655
100-200,kroA150,150,b_100x2500_m30_x99_e10_t5,1559268258916639494,47901.0000,26524.0000,80.5949,231.4572
100-200,kroA150,150,b_100x2500_m30_x99_e10_t5,1559268258916639495,54233.0000,26524.0000,104.4677,231.3298
100-200,kroA150,150,b_100x2500_m30_x99_e10_t5,1559268258916639496,47827.0000,26524.0000,80.3159,230.2076
100-200,kroA150,150,b_100x2500_m30_x99_e10_t5,1559268258916639497,46334.0000,26524.0000,74.6871,233.1859
100-200,kroA150,150,b_100x2500_m30_x99_e10_t5,1559268258916639498,53503.0000,26524.0000,101.7154,230.6907
100-200,kroB100,100,b_100x2500_m30_x99_e10_t5,12252189719802333213,36052.0000,22141.0000,62.8291,164.7310
100-200,kroB100,100,b_100x2500_m30_x99_e10_t5,12252189719802333214,34622.0000,22141.0000,56.3705,164.8524
100-200,kroB100,100,b_100x2500_m30_x99_e10_t5,12252189719802333215,33139.0000,22141.0000,49.6726,172.2884
100-200,kroB100,100,b_100x2500_m30_x99_e10_t5,12252189719802333216,32988.0000,22141.0000,48.9906,165.1214
100-200,kroB100,100,b_100x2500_m30_x99_e10_t5,12252189719802333217,32962.0000,22141.0000,48.8731,163.7400
100-200,kroB100,100,b_100x2500_m30_x99_e10_t5,12252189719802333218,35950.0000,22141.0000,62.3685,164.3520
100-200,kroB100,100,b_100x2500_m30_x99_e10_t5,12252189719802333219,36013.0000,22141.0000,62.6530,166.8658
100-200,kroB100,100,b_100x2500_m30_x99_e10_t5,12252189719802333220,32664.0000,22141.0000,47.5272,163.1170
100-200,kroB100,100,b_100x2500_m30_x99_e10_t5,12252189719802333221,34763.0000,22141.0000,57.0074,162.9211
100-200,kroB100,100,b_100x2500_m30_x99_e10_t5,12252189719802333222,38129.0000,22141.0000,72.2099,163.2409
100-200,kroB150,150,b_100x2500_m30_x99_e10_t5,11797255681093086272,47090.0000,26130.0000,80.2143,231.6469
100-200,kroB150,150,b_100x2500_m30_x99_e10_t5,11797255681093086273,45758.0000,26130.0000,75.1167,229.7617
100-200,kroB150,150,b_100x2500_m30_x99_e10_t5,11797255681093086274,46941.0000,26130.0000,79.6441,231.3002
100-200,kroB150,150,b_100x2500_m30_x99_e10_t5,11797255681093086275,46435.0000,26130.0000,77.7076,230.7317
100-200,kroB150,150,b_100x2500_m30_x99_e10_t5,11797255681093086276,47505.0000,26130.0000,81.8025,232.8319
100-200,kroB150,150,b_100x2500_m30_x99_e10_t5,11797255681093086277,52068.0000,26130.0000,99.2652,229.1746
100-200,kroB150,150,b_100x2500_m30_x99_e10_t5,11797255681093086278,43809.0000,26130.0000,67.6579,231.2594
100-200,kroB150,150,b_100x2500_m30_x99_e10_t5,11797255681093086279,52672.0000,26130.0000,101.5767,229.9321
100-200,kroB150,150,b_100x2500_m30_x99_e10_t5,11797255681093086280,42360.0000,26130.0000,62.1125,232.4444
100-200,kroB150,150,b_100x2500_m30_x99_e10_t5,11797255681093086281,45448.0000,26130.0000,73.9303,230.8242
100-200,kroC100,100,b_100x2500_m30_x99_e10_t5,4043433068269228380,36918.0000,20749.0000,77.9266,165.1556
100-200,kroC100,100,b_100x2500_m30_x99_e10_t5,4043433068269228381,34174.0000,20749.0000,64.7019,164.0955
100-200,kroC100,100,b_100x2500_m30_x99_e10_t5,4043433068269228382,36117.0000,20749.0000,74.0662,164.9600
100-200,kroC100,100,b_100x2500_m30_x99_e10_t5,4043433068269228383,37962.0000,20749.0000,82.9582,165.9686
100-200,kroC100,100,b_100x2500_m30_x99_e10_t5,4043433068269228384,34377.0000,20749.0000,65.6803,162.4759
100-200,kroC100,100,b_100x2500_m30_x99_e10_t5,4043433068269228385,34871.0000,20749.0000,68.0611,165.2232
100-200,kroC100,100,b_100x2500_m30_x99_e10_t5,4043433068269228386,35960.0000,20749.0000,73.3096,164.1336
100-200,kroC100,100,b_100x2500_m30_x99_e10_t5,4043433068269228387,39731.0000,20749.0000,91.4839,165.6195
100-200,kroC100,100,b_100x2500_m30_x99_e10_t5,4043433068269228388,36065.0000,20749.0000,73.8156,165.2158
100-200,kroC100,100,b_100x2500_m30_x99_e10_t5,4043433068269228389,33062.0000,20749.0000,59.3426,165.3305
100-200,kroD100,100,b_100x2500_m30_x99_e10_t5,14281420490445675163,32604.0000,21294.0000,53.1136,166.4240
100-200,kroD100,100,b_100x2500_m30_x99_e10_t5,14281420490445675164,35176.0000,21294.0000,65.1921,168.7804
100-200,kroD100,100,b_100x2500_m30_x99_e10_t5,14281420490445675165,30127.0000,21294.0000,41.4812,164.3132
100-200,kroD100,100,b_100x2500_m30_x99_e10_t5,14281420490445675166,29786.0000,21294.0000,39.8798,163.5170
100-200,kroD100,100,b_100x2500_m30_x99_e10_t5,14281420490445675167,35439.0000,21294.0000,66.4272,163.5649
100-200,kroD100,100,b_100x2500_m30_x99_e10_t5,14281420490445675168,33023.0000,21294.0000,55.0812,163.9164
100-200,kroD100,100,b_100x2500_m30_x99_e10_t5,14281420490445675169,31766.0000,21294.0000,49.1782,164.1562
100-200,kroD100,100,b_100x2500_m30_x99_e10_t5,14281420490445675170,35158.0000,21294.0000,65.1075,162.3876
100-200,kroD100,100,b_100x2500_m30_x99_e10_t5,14281420490445675171,34527.0000,21294.0000,62.1443,164.7663
100-200,kroD100,100,b_100x2500_m30_x99_e10_t5,14281420490445675172,32622.0000,21294.0000,53.1981,163.9671
100-200,kroE100,100,b_100x2500_m30_x99_e10_t5,6072663838912570330,37481.0000,22068.0000,69.8432,162.1402
100-200,kroE100,100,b_100x2500_m30_x99_e10_t5,6072663838912570331,36056.0000,22068.0000,63.3859,170.8412
100-200,kroE100,100,b_100x2500_m30_x99_e10_t5,6072663838912570332,32454.0000,22068.0000,47.0636,165.9065
100-200,kroE100,100,b_100x2500_m30_x99_e10_t5,6072663838912570333,31411.0000,22068.0000,42.3373,164.3832
100-200,kroE100,100,b_100x2500_m30_x99_e10_t5,6072663838912570334,31848.0000,22068.0000,44.3176,163.6985
100-200,kroE100,100,b_100x2500_m30_x99_e10_t5,6072663838912570335,37998.0000,22068.0000,72.1860,164.2693
100-200,kroE100,100,b_100x2500_m30_x99_e10_t5,6072663838912570336,34457.0000,22068.0000,56.1401,165.1485
100-200,kroE100,100,b_100x2500_m30_x99_e10_t5,6072663838912570337,30455.0000,22068.0000,38.0053,165.1443
100-200,kroE100,100,b_100x2500_m30_x99_e10_t5,6072663838912570338,33733.0000,22068.0000,52.8593,166.1751
100-200,kroE100,100,b_100x2500_m30_x99_e10_t5,6072663838912570339,34223.0000,22068.0000,55.0798,162.8905
100-200,lin105,105,b_100x2500_m30_x99_e10_t5,13786986702412615649,22327.0000,14379.0000,55.2751,169.2209
100-200,lin105,105,b_100x2500_m30_x99_e10_t5,13786986702412615650,20397.0000,14379.0000,41.8527,170.3620
100-200,lin105,105,b_100x2500_m30_x99_e10_t5,13786986702412615651,24524.0000,14379.0000,70.5543,169.0022
100-200,lin105,105,b_100x2500_m30_x99_e10_t5,13786986702412615652,22921.0000,14379.0000,59.4061,171.0944
100-200,lin105,105,b_100x2500_m30_x99_e10_t5,13786986702412615653,24478.0000,14379.0000,70.2344,170.5340
100-200,lin105,105,b_100x2500_m30_x99_e10_t5,13786986702412615654,22868.0000,14379.0000,59.0375,170.0595
100-200,lin105,105,b_100x2500_m30_x99_e10_t5,13786986702412615655,23239.0000,14379.0000,61.6176,169.1804
100-200,lin105,105,b_100x2500_m30_x99_e10_t5,13786986702412615656,23235.0000,14379.0000,61.5898,169.7315
100-200,lin105,105,b_100x2500_m30_x99_e10_t5,13786986702412615657,23108.0000,14379.0000,60.7066,169.8372
100-200,lin105,105,b_100x2500_m30_x99_e10_t5,13786986702412615658,23328.0000,14379.0000,62.2366,172.3289
100-200,pr107,107,b_100x2500_m30_x99_e10_t5,777192854963394584,54132.0000,44303.0000,22.1859,172.4119
100-200,pr107,107,b_100x2500_m30_x99_e10_t5,777192854963394585,53503.0000,44303.0000,20.7661,173.0789
100-200,pr107,107,b_100x2500_m30_x99_e10_t5,777192854963394586,53552.0000,44303.0000,20.8767,173.9164
100-200,pr107,107,b_100x2500_m30_x99_e10_t5,777192854963394587,53282.0000,44303.0000,20.2673,174.1612
100-200,pr107,107,b_100x2500_m30_x99_e10_t5,777192854963394588,53418.0000,44303.0000,20.5742,171.9425
100-200,pr107,107,b_100x2500_m30_x99_e10_t5,777192854963394589,54142.0000,44303.0000,22.2084,175.5530
100-200,pr107,107,b_100x2500_m30_x99_e10_t5,777192854963394590,53887.0000,44303.0000,21.6328,172.4285
100-200,pr107,107,b_100x2500_m30_x99_e10_t5,777192854963394591,54004.0000,44303.0000,21.8969,174.6637
100-200,pr107,107,b_100x2500_m30_x99_e10_t5,777192854963394592,53190.0000,44303.0000,20.0596,172.7325
100-200,pr107,107,b_100x2500_m30_x99_e10_t5,777192854963394593,52577.0000,44303.0000,18.6759,180.7146
100-200,pr124,124,b_100x2500_m30_x99_e10_t5,7328252271132689055,96537.0000,59030.0000,63.5389,195.1622
100-200,pr124,124,b_100x2500_m30_x99_e10_t5,7328252271132689056,96537.0000,59030.0000,63.5389,199.4594
100-200,pr124,124,b_100x2500_m30_x99_e10_t5,7328252271132689057,96537.0000,59030.0000,63.5389,194.9973
100-200,pr124,124,b_100x2500_m30_x99_e10_t5,7328252271132689058,96537.0000,59030.0000,63.5389,196.2368
100-200,pr124,124,b_100x2500_m30_x99_e10_t5,7328252271132689059,96502.0000,59030.0000,63.4796,195.4532
100-200,pr124,124,b_100x2500_m30_x99_e10_t5,7328252271132689060,96208.0000,59030.0000,62.9815,194.6634
100-200,pr124,124,b_100x2500_m30_x99_e10_t5,7328252271132689061,96537.0000,59030.0000,63.5389,196.7859
100-200,pr124,124,b_100x2500_m30_x99_e10_t5,7328252271132689062,96502.0000,59030.0000,63.4796,196.1425
100-200,pr124,124,b_100x2500_m30_x99_e10_t5,7328252271132689063,96502.0000,59030.0000,63.4796,194.0605
100-200,pr124,124,b_100x2500_m30_x99_e10_t5,7328252271132689064,96502.0000,59030.0000,63.4796,194.8865
100-200,pr136,136,b_100x2500_m30_x99_e10_t5,5208142652116784384,226364.0000,96772.0000,133.9148,214.4837
100-200,pr136,136,b_100x2500_m30_x99_e10_t5,5208142652116784385,192518.0000,96772.0000,98.9398,210.4820
100-200,pr136,136,b_100x2500_m30_x99_e10_t5,5208142652116784386,207129.0000,96772.0000,114.0382,210.1004
100-200,pr136,136,b_100x2500_m30_x99_e10_t5,5208142652116784387,171949.0000,96772.0000,77.6847,212.3663
100-200,pr136,136,b_100x2500_m30_x99_e10_t5,5208142652116784388,200055.0000,96772.0000,106.7282,212.2223
100-200,pr136,136,b_100x2500_m30_x99_e10_t5,5208142652116784389,189957.0000,96772.0000,96.2933,213.3257
100-200,pr136,136,b_100x2500_m30_x99_e10_t5,5208142652116784390,219465.0000,96772.0000,126.7856,213.2817
100-200,pr136,136,b_100x2500_m30_x99_e10_t5,5208142652116784391,197557.0000,96772.0000,104.1469,214.6751
100-200,pr136,136,b_100x2500_m30_x99_e10_t5,5208142652116784392,210252.0000,96772.0000,117.2653,215.7359
100-200,pr136,136,b_100x2500_m30_x99_e10_t5,5208142652116784393,235049.0000,96772.0000,142.8895,212.3519
100-200,pr144,144,b_100x2500_m30_x99_e10_t5,14524976285132810925,89510.0000,58537.0000,52.9118,225.9262
100-200,pr144,144,b_100x2500_m30_x99_e10_t5,14524976285132810926,92482.0000,58537.0000,57.9890,221.5120
100-200,pr144,144,b_100x2500_m30_x99_e10_t5,14524976285132810927,92482.0000,58537.0000,57.9890,222.1459
100-200,pr144,144,b_100x2500_m30_x99_e10_t5,14524976285132810928,92580.0000,58537.0000,58.1564,224.4972
100-200,pr144,144,b_100x2500_m30_x99_e10_t5,14524976285132810929,92580.0000,58537.0000,58.1564,221.2048
100-200,pr144,144,b_100x2500_m30_x99_e10_t5,14524976285132810930,92442.0000,58537.0000,57.9206,223.5057
100-200,pr144,144,b_100x2500_m30_x99_e10_t5,14524976285132810931,92580.0000,58537.0000,58.1564,221.4468
100-200,pr144,144,b_100x2500_m30_x99_e10_t5,14524976285132810932,92482.0000,58537.0000,57.9890,222.5329
100-200,pr144,144,b_100x2500_m30_x99_e10_t5,14524976285132810933,92442.0000,58537.0000,57.9206,220.5296
100-200,pr144,144,b_100x2500_m30_x99_e10_t5,14524976285132810934,92580.0000,58537.0000,58.1564,223.8820
100-200,pr152,152,b_100x2500_m30_x99_e10_t5,5395065844439285850,131294.0000,73682.0000,78.1901,231.5276
100-200,pr152,152,b_100x2500_m30_x99_e10_t5,5395065844439285851,132933.0000,73682.0000,80.4145,230.5395
100-200,pr152,152,b_100x2500_m30_x99_e10_t5,5395065844439285852,123293.0000,73682.0000,67.3312,232.2312
100-200,pr152,152,b_100x2500_m30_x99_e10_t5,5395065844439285853,124695.0000,73682.0000,69.2340,232.4961
100-200,pr152,152,b_100x2500_m30_x99_e10_t5,5395065844439285854,135413.0000,73682.0000,83.7803,235.3589
100-200,pr152,152,b_100x2500_m30_x99_e10_t5,5395065844439285855,126243.0000,73682.0000,71.3349,233.2273
100-200,pr152,152,b_100x2500_m30_x99_e10_t5,5395065844439285856,127958.0000,73682.0000,73.6625,232.0505
100-200,pr152,152,b_100x2500_m30_x99_e10_t5,5395065844439285857,127323.0000,73682.0000,72.8007,231.8559
100-200,pr152,152,b_100x2500_m30_x99_e10_t5,5395065844439285858,134349.0000,73682.0000,82.3363,234.2273
100-200,pr152,152,b_100x2500_m30_x99_e10_t5,5395065844439285859,135661.0000,73682.0000,84.1169,231.5893
100-200,rat195,195,b_100x2500_m30_x99_e10_t5,10490012928240157436,3807.0000,2323.0000,63.8829,290.8375
100-200,rat195,195,b_100x2500_m30_x99_e10_t5,10490012928240157437,3751.0000,2323.0000,61.4722,291.1961
100-200,rat195,195,b_100x2500_m30_x99_e10_t5,10490012928240157438,3664.0000,2323.0000,57.7271,290.3519
100-200,rat195,195,b_100x2500_m30_x99_e10_t5,10490012928240157439,3601.0000,2323.0000,55.0151,290.8164
100-200,rat195,195,b_100x2500_m30_x99_e10_t5,10490012928240157440,3484.0000,2323.0000,49.9785,286.9663
100-200,rat195,195,b_100x2500_m30_x99_e10_t5,10490012928240157441,3495.0000,2323.0000,50.4520,289.8610
100-200,rat195,195,b_100x2500_m30_x99_e10_t5,10490012928240157442,3910.0000,2323.0000,68.3168,289.1438
100-200,rat195,195,b_100x2500_m30_x99_e10_t5,10490012928240157443,3652.0000,2323.0000,57.2105,289.2670
100-200,rat195,195,b_100x2500_m30_x99_e10_t5,10490012928240157444,3848.0000,2323.0000,65.6479,287.4855
100-200,rat195,195,b_100x2500_m30_x99_e10_t5,10490012928240157445,3772.0000,2323.0000,62.3762,287.1734
100-200,rd100,100,b_100x2500_m30_x99_e10_t5,4938670037005177573,13507.0000,7910.0000,70.7585,165.8704
100-200,rd100,100,b_100x2500_m30_x99_e10_t5,4938670037005177574,11178.0000,7910.0000,41.3148,164.3848
100-200,rd100,100,b_100x2500_m30_x99_e10_t5,4938670037005177575,11813.0000,7910.0000,49.3426,164.4134
100-200,rd100,100,b_100x2500_m30_x99_e10_t5,4938670037005177576,12195.0000,7910.0000,54.1719,164.9802
100-200,rd100,100,b_100x2500_m30_x99_e10_t5,4938670037005177577,11729.0000,7910.0000,48.2807,164.1267
100-200,rd100,100,b_100x2500_m30_x99_e10_t5,4938670037005177578,12059.0000,7910.0000,52.4526,164.0277
100-200,rd100,100,b_100x2500_m30_x99_e10_t5,4938670037005177579,13798.0000,7910.0000,74.4374,163.7552
100-200,rd100,100,b_100x2500_m30_x99_e10_t5,4938670037005177580,12067.0000,7910.0000,52.5537,164.3551
100-200,rd100,100,b_100x2500_m30_x99_e10_t5,4938670037005177581,13488.0000,7910.0000,70.5183,164.1877
100-200,rd100,100,b_100x2500_m30_x99_e10_t5,4938670037005177582,11613.0000,7910.0000,46.8142,165.8218
100-200,si175,175,b_100x2500_m30_x99_e10_t5,15468136871891305583,23053.0000,21407.0000,7.6891,265.2698
100-200,si175,175,b_100x2500_m30_x99_e10_t5,15468136871891305584,23246.0000,21407.0000,8.5906,276.9423
100-200,si175,175,b_100x2500_m30_x99_e10_t5,15468136871891305585,23193.0000,21407.0000,8.3431,261.8814
100-200,si175,175,b_100x2500_m30_x99_e10_t5,15468136871891305586,23391.0000,21407.0000,9.2680,262.2893
100-200,si175,175,b_100x2500_m30_x99_e10_t5,15468136871891305587,23584.0000,21407.0000,10.1696,262.6073
100-200,si175,175,b_100x2500_m30_x99_e10_t5,15468136871891305588,23455.0000,21407.0000,9.5670,260.8152
100-200,si175,175,b_100x2500_m30_x99_e10_t5,15468136871891305589,22776.0000,21407.0000,6.3951,263.4296
100-200,si175,175,b_100x2500_m30_x99_e10_t5,15468136871891305590,23038.0000,21407.0000,7.6190,263.7721
100-200,si175,175,b_100x2500_m30_x99_e10_t5,15468136871891305591,23266.0000,21407.0000,8.6841,262.7921
100-200,si175,175,b_100x2500_m30_x99_e10_t5,15468136871891305592,23269.0000,21407.0000,8.6981,263.1254
100-200,u159,159,b_100x2500_m30_x99_e10_t5,7274026971968301168,42981.0000,42080.0000,2.1412,244.0658
100-200,u159,159,b_100x2500_m30_x99_e10_t5,7274026971968301169,42981.0000,42080.0000,2.1412,251.5840
100-200,u159,159,b_100x2500_m30_x99_e10_t5,7274026971968301170,42981.0000,42080.0000,2.1412,241.8290
100-200,u159,159,b_100x2500_m30_x99_e10_t5,7274026971968301171,42981.0000,42080.0000,2.1412,243.9818
100-200,u159,159,b_100x2500_m30_x99_e10_t5,7274026971968301172,42981.0000,42080.0000,2.1412,242.1620
100-200,u159,159,b_100x2500_m30_x99_e10_t5,7274026971968301173,42981.0000,42080.0000,2.1412,244.3875
100-200,u159,159,b_100x2500_m30_x99_e10_t5,7274026971968301174,42981.0000,42080.0000,2.1412,244.1007
100-200,u159,159,b_100x2500_m30_x99_e10_t5,7274026971968301175,42981.0000,42080.0000,2.1412,242.6433
100-200,u159,159,b_100x2500_m30_x99_e10_t5,7274026971968301176,42981.0000,42080.0000,2.1412,247.4881
100-200,u159,159,b_100x2500_m30_x99_e10_t5,7274026971968301177,42981.0000,42080.0000,2.1412,244.2805
100-200,bier127,127,b_100x2500_m40_x99_e10_t5,15301165193722462359,170486.0000,118282.0000,44.1352,207.7931
100-200,bier127,127,b_100x2500_m40_x99_e10_t5,15301165193722462360,177642.0000,118282.0000,50.1852,199.9090
100-200,bier127,127,b_100x2500_m40_x99_e10_t5,15301165193722462361,164268.0000,118282.0000,38.8783,204.8259
100-200,bier127,127,b_100x2500_m40_x99_e10_t5,15301165193722462362,178322.0000,118282.0000,50.7600,206.0836
100-200,bier127,127,b_100x2500_m40_x99_e10_t5,15301165193722462363,166976.0000,118282.0000,41.1677,203.3513
100-200,bier127,127,b_100x2500_m40_x99_e10_t5,15301165193722462364,170923.0000,118282.0000,44.5047,206.9454
100-200,bier127,127,b_100x2500_m40_x99_e10_t5,15301165193722462365,182084.0000,118282.0000,53.9406,203.1926
100-200,bier127,127,b_100x2500_m40_x99_e10_t5,15301165193722462366,149751.0000,118282.0000,26.6051,201.0986
100-200,bier127,127,b_100x2500_m40_x99_e10_t5,15301165193722462367,166653.0000,118282.0000,40.8946,201.0275
100-200,bier127,127,b_100x2500_m40_x99_e10_t5,15301165193722462368,155388.0000,118282.0000,31.3708,203.7609
100-200,brg180,180,b_100x2500_m40_x99_e10_t5,7661898775069812307,2650.0000,1950.0000,35.8974,274.3609
100-200,brg180,180,b_100x2500_m40_x99_e10_t5,7661898775069812308,2680.0000,1950.0000,37.4359,268.6114
100-200,brg180,180,b_100x2500_m40_x99_e10_t5,7661898775069812309,2690.0000,1950.0000,37.9487,268.9667
100-200,brg180,180,b_100x2500_m40_x99_e10_t5,7661898775069812310,2560.0000,1950.0000,31.2821,270.6353
100-200,brg180,180,b_100x2500_m40_x99_e10_t5,7661898775069812311,6110.0000,1950.0000,213.3333,269.0760
100-200,brg180,180,b_100x2500_m40_x99_e10_t5,7661898775069812312,2690.0000,1950.0000,37.9487,268.2973
100-200,brg180,180,b_100x2500_m40_x99_e10_t5,7661898775069812313,2770.0000,1950.0000,42.0513,267.2061
100-200,brg180,180,b_100x2500_m40_x99_e10_t5,7661898775069812314,2760.0000,1950.0000,41.5385,268.2726
100-200,brg180,180,b_100x2500_m40_x99_e10_t5,7661898775069812315,2700.0000,1950.0000,38.4615,272.1264
100-200,brg180,180,b_100x2500_m40_x99_e10_t5,7661898775069812316,2880.0000,1950.0000,47.6923,269.0539
100-200,ch130,130,b_100x2500_m40_x99_e10_t5,5906154128902871594,10365.0000,6110.0000,69.6399,206.3015
100-200,ch130,130,b_100x2500_m40_x99_e10_t5,5906154128902871595,10101.0000,6110.0000,65.3191,206.2838
100-200,ch130,130,b_100x2500_m40_x99_e10_t5,5906154128902871596,9809.0000,6110.0000,60.5401,205.5189
100-200,ch130,130,b_100x2500_m40_x99_e10_t5,5906154128902871597,9306.0000,6110.0000,52.3077,206.0050
100-200,ch130,130,b_100x2500_m40_x99_e10_t5,5906154128902871598,9349.0000,6110.0000,53.0115,203.5655
100-200,ch130,130,b_100x2500_m40_x99_e10_t5,5906154128902871599,10262.0000,6110.0000,67.9542,205.3918
100-200,ch130,130,b_100x2500_m40_x99_e10_t5,5906154128902871600,8643.0000,6110.0000,41.4566,204.6262
100-200,ch130,130,b_100x2500_m40_x99_e10_t5,5906154128902871601,10440.0000,6110.0000,70.8674,208.7877
100-200,ch130,130,b_100x2500_m40_x99_e10_t5,5906154128902871602,9692.0000,6110.0000,58.6252,206.7194
100-200,ch130,130,b_100x2500_m40_x99_e10_t5,5906154128902871603,11495.0000,6110.0000,88.1342,203.8410
100-200,ch150,150,b_100x2500_m40_x99_e10_t5,13102878142902993464,10233.0000,6528.0000,56.7555,235.5628
100-200,ch150,150,b_100x2500_m40_x99_e10_t5,13102878142902993465,10774.0000,6528.0000,65.0429,233.5065
100-200,ch150,150,b_100x2500_m40_x99_e10_t5,13102878142902993466,11010.0000,6528.0000,68.6581,232.8461
100-200,ch150,150,b_100x2500_m40_x99_e10_t5,13102878142902993467,10388.0000,6528.0000,59.1299,231.8217
100-200,ch150,150,b_100x2500_m40_x99_e10_t5,13102878142902993468,11222.0000,6528.0000,71.9056,233.0075
100-200,ch150,150,b_100x2500_m40_x99_e10_t5,13102878142902993469,10510.0000,6528.0000,60.9988,232.9934
100-200,ch150,150,b_100x2500_m40_x99_e10_t5,13102878142902993470,11079.0000,6528.0000,69.7151,231.0497
100-200,ch150,150,b_100x2500_m40_x99_e10_t5,13102878142902993471,10797.0000,6528.0000,65.3952,232.7697
100-200,ch150,150,b_100x2500_m40_x99_e10_t5,13102878142902993472,10424.0000,6528.0000,59.6814,230.6110
100-200,ch150,150,b_100x2500_m40_x99_e10_t5,13102878142902993473,10702.0000,6528.0000,63.9400,235.5485
100-200,d198,198,b_100x2500_m40_x99_e10_t5,4296772584760158621,20766.0000,15780.0000,31.5970,295.3332
100-200,d198,198,b_100x2500_m40_x99_e10_t5,4296772584760158622,20742.0000,15780.0000,31.4449,303.4140
100-200,d198,198,b_100x2500_m40_x99_e10_t5,4296772584760158623,21111.0000,15780.0000,33.7833,296.5385
100-200,d198,198,b_100x2500_m40_x99_e10_t5,4296772584760158624,21039.0000,15780.0000,33.3270,294.1445
100-200,d198,198,b_100x2500_m40_x99_e10_t5,4296772584760158625,20749.0000,15780.0000,31.4892,303.0074
100-200,d198,198,b_100x2500_m40_x99_e10_t5,4296772584760158626,20715.0000,15780.0000,31.2738,299.7291
100-200,d198,198,b_100x2500_m40_x99_e10_t5,4296772584760158627,20955.0000,15780.0000,32.7947,309.6344
100-200,d198,198,b_100x2500_m40_x99_e10_t5,4296772584760158628,20498.0000,15780.0000,29.8986,293.0262
100-200,d198,198,b_100x2500_m40_x99_e10_t5,4296772584760158629,20793.0000,15780.0000,31.7681,290.6963
100-200,d198,198,b_100x2500_m40_x99_e10_t5,4296772584760158630,20825.0000,15780.0000,31.9708,292.4790
100-200,eil101,101,b_100x2500_m40_x99_e10_t5,15053823247096205059,954.0000,629.0000,51.6693,168.3503
100-200,eil101,101,b_100x2500_m40_x99_e10_t5,15053823247096205060,858.0000,629.0000,36.4070,169.4344
100-200,eil101,101,b_100x2500_m40_x99_e10_t5,15053823247096205061,955.0000,629.0000,51.8283,166.7824
100-200,eil101,101,b_100x2500_m40_x99_e10_t5,15053823247096205062,921.0000,629.0000,46.4229,167.3031
100-200,eil101,101,b_100x2500_m40_x99_e10_t5,15053823247096205063,823.0000,629.0000,30.8426,168.8340
100-200,eil101,101,b_100x2500_m40_x99_e10_t5,15053823247096205064,888.0000,629.0000,41.1765,166.6293
100-200,eil101,101,b_100x2500_m40_x99_e10_t5,15053823247096205065,879.0000,629.0000,39.7456,173.7039
100-200,eil101,101,b_100x2500_m40_x99_e10_t5,15053823247096205066,917.0000,629.0000,45.7870,166.1633
100-200,eil101,101,b_100x2500_m40_x99_e10_t5,15053823247096205067,835.0000,629.0000,32.7504,166.8005
100-200,eil101,101,b_100x2500_m40_x99_e10_t5,15053823247096205068,902.0000,629.0000,43.4022,166.0943
100-200,gr120,120,b_100x2500_m40_x99_e10_t5,9156829746098114445,10030.0000,6942.0000,44.4829,194.4027
100-200,gr120,120,b_100x2500_m40_x99_e10_t5,9156829746098114446,9863.0000,6942.0000,42.0772,190.8558
100-200,gr120,120,b_100x2500_m40_x99_e10_t5,9156829746098114447,10120.0000,6942.0000,45.7793,192.6609
100-200,gr120,120,b_100x2500_m40_x99_e10_t5,9156829746098114448,11757.0000,6942.0000,69.3604,194.2296
100-200,gr120,120,b_100x2500_m40_x99_e10_t5,9156829746098114449,9946.0000,6942.0000,43.2728,193.3728
100-200,gr120,120,b_100x2500_m40_x99_e10_t5,9156829746098114450,11025.0000,6942.0000,58.8159,193.3024
100-200,gr120,120,b_100x2500_m40_x99_e10_t5,9156829746098114451,11920.0000,6942.0000,71.7084,194.2601
100-200,gr120,120,b_100x2500_m40_x99_e10_t5,9156829746098114452,11997.0000,6942.0000,72.8176,193.0063
100-200,gr120,120,b_100x2500_m40_x99_e10_t5,9156829746098114453,12132.0000,6942.0000,74.7623,194.4771
100-200,gr120,120,b_100x2500_m40_x99_e10_t5,9156829746098114454,10293.0000,6942.0000,48.2714,194.9963
100-200,gr137,137,b_100x2500_m40_x99_e10_t5,1963913098897071567,90425.0000,69853.0000,29.4504,213.2317
100-200,gr137,137,b_100x2500_m40_x99_e10_t5,1963913098897071568,90554.0000,69853.0000,29.6351,213.3231
100-200,gr137,137,b_100x2500_m40_x99_e10_t5,1963913098897071569,91111.0000,69853.0000,30.4325,217.0976
100-200,gr137,137,b_100x2500_m40_x99_e10_t5,1963913098897071570,88468.0000,69853.0000,26.6488,213.8642
100-200,gr137,137,b_100x2500_m40_x99_e10_t5,1963913098897071571,88646.0000,69853.0000,26.9036,213.4355
100-200,gr137,137,b_100x2500_m40_x99_e10_t5,1963913098897071572,89606.0000,69853.0000,28.2780,212.6959
100-200,gr137,137,b_100x2500_m40_x99_e10_t5,1963913098897071573,90163.0000,69853.0000,29.0753,214.1732
100-200,gr137,137,b_100x2500_m40_x99_e10_t5,1963913098897071574,86342.0000,69853.0000,23.6053,213.9640
100-200,gr137,137,b_100x2500_m40_x99_e10_t5,1963913098897071575,89803.0000,69853.0000,28.5600,213.0153
100-200,gr137,137,b_100x2500_m40_x99_e10_t5,1963913098897071576,87648.0000,69853.0000,25.4749,211.9628
100-200,kroA100,100,b_100x2500_m40_x99_e10_t5,14034173642116802781,28437.0000,21282.0000,33.6200,166.0021
100-200,kroA100,100,b_100x2500_m40_x99_e10_t5,14034173642116802782,36426.0000,21282.0000,71.1587,165.0348
100-200,kroA100,100,b_100x2500_m40_x99_e10_t5,14034173642116802783,32507.0000,21282.0000,52.7441,164.8253
100-200,kroA100,100,b_100x2500_m40_x99_e10_t5,14034173642116802784,33447.0000,21282.0000,57.1610,166.5581
100-200,kroA100,100,b_100x2500_m40_x99_e10_t5,14034173642116802785,32684.0000,21282.0000,53.5758,166.9943
100-200,kroA100,100,b_100x2500_m40_x99_e10_t5,14034173642116802786,32598.0000,21282.0000,53.1717,165.0907
100-200,kroA100,100,b_100x2500_m40_x99_e10_t5,14034173642116802787,38125.0000,21282.0000,79.1420,165.1729
100-200,kroA100,100,b_100x2500_m40_x99_e10_t5,14034173642116802788,35372.0000,21282.0000,66.2062,165.0568
100-200,kroA100,100,b_100x2500_m40_x99_e10_t5,14034173642116802789,35959.0000,21282.0000,68.9644,165.9770
100-200,kroA100,100,b_100x2500_m40_x99_e10_t5,14034173642116802790,30736.0000,21282.0000,44.4225,164.0553
100-200,kroA150,150,b_100x2500_m40_x99_e10_t5,13579239603407555840,43624.0000,26524.0000,64.4699,231.1079
100-200,kroA150,150,b_100x2500_m40_x99_e10_t5,13579239603407555841,44901.0000,26524.0000,69.2844,236.2126
100-200,kroA150,150,b_100x2500_m40_x99_e10_t5,13579239603407555842,48809.0000,26524.0000,84.0182,230.9998
100-200,kroA150,150,b_100x2500_m40_x99_e10_t5,13579239603407555843,46815.0000,26524.0000,76.5005,231.0662
100-200,kroA150,150,b_100x2500_m40_x99_e10_t5,13579239603407555844,44946.0000,26524.0000,69.4541,231.8668
100-200,kroA150,150,b_100x2500_m40_x99_e10_t5,13579239603407555845,42615.0000,26524.0000,60.6658,231.8981
100-200,kroA150,150,b_100x2500_m40_x99_e10_t5,13579239603407555846,48402.0000,26524.0000,82.4838,231.4803
100-200,kroA150,150,b_100x2500_m40_x99_e10_t5,13579239603407555847,46207.0000,26524.0000,74.2083,231.4658
100-200,kroA150,150,b_100x2500_m40_x99_e10_t5,13579239603407555848,47683.0000,26524.0000,79.7730,232.9927
100-200,kroA150,150,b_100x2500_m40_x99_e10_t5,13579239603407555849,47580.0000,26524.0000,79.3847,232.2673
100-200,kroB100,100,b_100x2500_m40_x99_e10_t5,5825416990583697948,31160.0000,22141.0000,40.7344,168.4494
100-200,kroB100,100,b_100x2500_m40_x99_e10_t5,5825416990583697949,32969.0000,22141.0000,48.9047,167.6213
100-200,kroB100,100,b_100x2500_m40_x99_e10_t5,5825416990583697950,38254.0000,22141.0000,72.7745,164.0405
100-200,kroB100,100,b_100x2500_m40_x99_e10_t5,5825416990583697951,36237.0000,22141.0000,63.6647,164.5996
100-200,kroB100,100,b_100x2500_m40_x99_e10_t5,5825416990583697952,37520.0000,22141.0000,69.4594,164.7287
100-200,kroB100,100,b_100x2500_m40_x99_e10_t5,5825416990583697953,34814.0000,22141.0000,57.2377,164.5498
100-200,kroB100,100,b_100x2500_m40_x99_e10_t5,5825416990583697954,31394.0000,22141.0000,41.7912,180.7082
100-200,kroB100,100,b_100x2500_m40_x99_e10_t5,5825416990583697955,33883.0000,22141.0000,53.0328,163.5767
100-200,kroB100,100,b_100x2500_m40_x99_e10_t5,5825416990583697956,34506.0000,22141.0000,55.8466,164.0028
100-200,kroB100,100,b_100x2500_m40_x99_e10_t5,5825416990583697957,35687.0000,22141.0000,61.1806,166.8736
100-200,kroB150,150,b_100x2500_m40_x99_e10_t5,5370482951874451007,50799.0000,26130.0000,94.4087,233.1145
100-200,kroB150,150,b_100x2500_m40_x99_e10_t5,5370482951874451008,49496.0000,26130.0000,89.4221,232.6375
100-200,kroB150,150,b_100x2500_m40_x99_e10_t5,5370482951874451009,48608.0000,26130.0000,86.0237,230.1542
100-200,kroB150,150,b_100x2500_m40_x99_e10_t5,5370482951874451010,48007.0000,26130.0000,83.7237,230.8125
100-200,kroB150,150,b_100x2500_m40_x99_e10_t5,5370482951874451011,49222.0000,26130.0000,88.3735,234.1415
100-200,kroB150,150,b_100x2500_m40_x99_e10_t5,5370482951874451012,42852.0000,26130.0000,63.9954,232.4482
100-200,kroB150,150,b_100x2500_m40_x99_e10_t5,5370482951874451013,44775.0000,26130.0000,71.3548,236.1794
100-200,kroB150,150,b_100x2500_m40_x99_e10_t5,5370482951874451014,45428.0000,26130.0000,73.8538,235.1941
100-200,kroB150,150,b_100x2500_m40_x99_e10_t5,5370482951874451015,53828.0000,26130.0000,106.0008,235.6458
100-200,kroB150,150,b_100x2500_m40_x99_e10_t5,5370482951874451016,46944.0000,26130.0000,79.6556,230.0758
100-200,kroC100,100,b_100x2500_m40_x99_e10_t5,16063404412760144731,29961.0000,20749.0000,44.3973,166.3336
100-200,kroC100,100,b_100x2500_m40_x99_e10_t5,16063404412760144732,37282.0000,20749.0000,79.6809,163.2841
100-200,kroC100,100,b_100x2500_m40_x99_e10_t5,16063404412760144733,31463.0000,20749.0000,51.6362,169.5942
100-200,kroC100,100,b_100x2500_m40_x99_e10_t5,16063404412760144734,33541.0000,20749.0000,61.6512,169.3907
100-200,kroC100,100,b_100x2500_m40_x99_e10_t5,16063404412760144735,39890.0000,20749.0000,92.2502,169.0660
100-200,kroC100,100,b_100x2500_m40_x99_e10_t5,16063404412760144736,36238.0000,20749.0000,74.6494,169.3259
100-200,kroC100,100,b_100x2500_m40_x99_e10_t5,16063404412760144737,33032.0000,20749.0000,59.1980,170.5521
100-200,kroC100,100,b_100x2500_m40_x99_e10_t5,16063404412760144738,35065.0000,20749.0000,68.9961,167.7017
100-200,kroC100,100,b_100x2500_m40_x99_e10_t5,16063404412760144739,34590.0000,20749.0000,66.7068,166.1402
100-200,kroC100,100,b_100x2500_m40_x99_e10_t5,16063404412760144740,36821.0000,20749.0000,77.4592,169.3731
100-200,kroD100,100,b_100x2500_m40_x99_e10_t5,7854647761227039898,31823.0000,21294.0000,49.4459,170.3687
100-200,kroD100,100,b_100x2500_m40_x99_e10_t5,7854647761227039899,37118.0000,21294.0000,74.3120,169.7732
100-200,kroD100,100,b_100x2500_m40_x99_e10_t5,7854647761227039900,36258.0000,21294.0000,70.2733,168.8172
100-200,kroD100,100,b_100x2500_m40_x99_e10_t5,7854647761227039901,36646.0000,21294.0000,72.0954,166.4443
100-200,kroD100,100,b_100x2500_m40_x99_e10_t5,7854647761227039902,33041.0000,21294.0000,55.1658,169.4322
100-200,kroD100,100,b_100x2500_m40_x99_e10_t5,7854647761227039903,29928.0000,21294.0000,40.5466,169.2370
100-200,kroD100,100,b_100x2500_m40_x99_e10_t5,7854647761227039904,33643.0000,21294.0000,57.9929,168.0549
100-200,kroD100,100,b_100x2500_m40_x99_e10_t5,7854647761227039905,34869.0000,21294.0000,63.7504,169.0958
100-200,kroD100,100,b_100x2500_m40_x99_e10_t5,7854647761227039906,36127.0000,21294.0000,69.6581,168.5180
100-200,kroD100,100,b_100x2500_m40_x99_e10_t5,7854647761227039907,36283.0000,21294.0000,70.3907,164.6491
100-200,kroE100,100,b_100x2500_m40_x99_e10_t5,18092635183403486681,33422.0000,22068.0000,51.4501,170.2666
100-200,kroE100,100,b_100x2500_m40_x99_e10_t5,18092635183403486682,40172.0000,22068.0000,82.0373,166.9165
100-200,kroE100,100,b_100x2500_m40_x99_e10_t5,18092635183403486683,40760.0000,22068.0000,84.7018,167.7814
100-200,kroE100,100,b_100x2500_m40_x99_e10_t5,18092635183403486684,31540.0000,22068.0000,42.9219,170.9535
100-200,kroE100,100,b_100x2500_m40_x99_e10_t5,18092635183403486685,38487.0000,22068.0000,74.4018,167.9225
100-200,kroE100,100,b_100x2500_m40_x99_e10_t5,18092635183403486686,33159.0000,22068.0000,50.2583,167.6127
100-200,kroE100,100,b_100x2500_m40_x99_e10_t5,18092635183403486687,36689.0000,22068.0000,66.2543,170.3892
100-200,kroE100,100,b_100x2500_m40_x99_e10_t5,18092635183403486688,37718.0000,22068.0000,70.9172,170.5103
100-200,kroE100,100,b_100x2500_m40_x99_e10_t5,18092635183403486689,31284.0000,22068.0000,41.7618,166.2860
100-200,kroE100,100,b_100x2500_m40_x99_e10_t5,18092635183403486690,32570.0000,22068.0000,47.5893,170.8041
100-200,lin105,105,b_100x2500_m40_x99_e10_t5,1487036266214526902,26090.0000,14379.0000,81.4452,171.7484
100-200,lin105,105,b_100x2500_m40_x99_e10_t5,1487036266214526903,23203.0000,14379.0000,61.3673,174.7565
100-200,lin105,105,b_100x2500_m40_x99_e10_t5,1487036266214526904,23846.0000,14379.0000,65.8391,174.8143
100-200,lin105,105,b_100x2500_m40_x99_e10_t5,1487036266214526905,24129.0000,14379.0000,67.8072,170.2422
100-200,lin105,105,b_100x2500_m40_x99_e10_t5,1487036266214526906,23710.0000,14379.0000,64.8932,168.3014
100-200,lin105,105,b_100x2500_m40_x99_e10_t5,1487036266214526907,22357.0000,14379.0000,55.4837,172.9215
100-200,lin105,105,b_100x2500_m40_x99_e10_t5,1487036266214526908,23136.0000,14379.0000,60.9013,171.9991
100-200,lin105,105,b_100x2500_m40_x99_e10_t5,1487036266214526909,22631.0000,14379.0000,57.3892,174.9988
100-200,lin105,105,b_100x2500_m40_x99_e10_t5,1487036266214526910,21013.0000,14379.0000,46.1367,174.7153
100-200,lin105,105,b_100x2500_m40_x99_e10_t5,1487036266214526911,24493.0000,14379.0000,70.3387,171.5689
100-200,pr107,107,b_100x2500_m40_x99_e10_t5,16032117691590440671,53011.0000,44303.0000,19.6556,176.6798
100-200,pr107,107,b_100x2500_m40_x99_e10_t5,16032117691590440672,52201.0000,44303.0000,17.8272,180.1203
100-200,pr107,107,b_100x2500_m40_x99_e10_t5,16032117691590440673,53306.0000,44303.0000,20.3214,174.8920
100-200,pr107,107,b_100x2500_m40_x99_e10_t5,16032117691590440674,53108.0000,44303.0000,19.8745,174.8617
100-200,pr107,107,b_100x2500_m40_x99_e10_t5,16032117691590440675,52825.0000,44303.0000,19.2357,178.0072
100-200,pr107,107,b_100x2500_m40_x99_e10_t5,16032117691590440676,51843.0000,44303.0000,17.0192,175.1281
100-200,pr107,107,b_100x2500_m40_x99_e10_t5,16032117691590440677,53671.0000,44303.0000,21.1453,175.6289
100-200,pr107,107,b_100x2500_m40_x99_e10_t5,16032117691590440678,52406.0000,44303.0000,18.2900,183.1216
100-200,pr107,107,b_100x2500_m40_x99_e10_t5,16032117691590440679,52673.0000,44303.0000,18.8926,175.8601
100-200,pr107,107,b_100x2500_m40_x99_e10_t5,16032117691590440680,53347.0000,44303.0000,20.4140,178.3078
100-200,pr124,124,b_100x2500_m40_x99_e10_t5,4136433034050183526,96502.0000,59030.0000,63.4796,200.9925
100-200,pr124,124,b_100x2500_m40_x99_e10_t5,4136433034050183527,96537.0000,59030.0000,63.5389,197.6301
100-200,pr124,124,b_100x2500_m40_x99_e10_t5,4136433034050183528,94887.0000,59030.0000,60.7437,203.5969
100-200,pr124,124,b_100x2500_m40_x99_e10_t5,4136433034050183529,87453.0000,59030.0000,48.1501,202.4624
100-200,pr124,124,b_100x2500_m40_x99_e10_t5,4136433034050183530,96254.0000,59030.0000,63.0595,203.5787
100-200,pr124,124,b_100x2500_m40_x99_e10_t5,4136433034050183531,93810.0000,59030.0000,58.9192,202.0188
100-200,pr124,124,b_100x2500_m40_x99_e10_t5,4136433034050183532,96502.0000,59030.0000,63.4796,201.0156
100-200,pr124,124,b_100x2500_m40_x99_e10_t5,4136433034050183533,96502.0000,59030.0000,63.4796,201.7831
100-200,pr124,124,b_100x2500_m40_x99_e10_t5,4136433034050183534,93320.0000,59030.0000,58.0891,200.7256
100-200,pr124,124,b_100x2500_m40_x99_e10_t5,4136433034050183535,96502.0000,59030.0000,63.4796,200.8459
100-200,pr136,136,b_100x2500_m40_x99_e10_t5,2016323415034278855,214291.0000,96772.0000,121.4391,217.7058
100-200,pr136,136,b_100x2500_m40_x99_e10_t5,2016323415034278856,229007.0000,96772.0000,136.6459,218.7956
100-200,pr136,136,b_100x2500_m40_x99_e10_t5,2016323415034278857,181045.0000,96772.0000,87.0841,215.2552
100-200,pr136,136,b_100x2500_m40_x99_e10_t5,2016323415034278858,192074.0000,96772.0000,98.4810,215.0130
100-200,pr136,136,b_100x2500_m40_x99_e10_t5,2016323415034278859,174446.0000,96772.0000,80.2650,215.2686
100-200,pr136,136,b_100x2500_m40_x99_e10_t5,2016323415034278860,197436.0000,96772.0000,104.0218,215.4426
100-200,pr136,136,b_100x2500_m40_x99_e10_t5,2016323415034278861,228403.0000,96772.0000,136.0218,220.2623
100-200,pr136,136,b_100x2500_m40_x99_e10_t5,2016323415034278862,195875.0000,96772.0000,102.4088,211.4765
100-200,pr136,136,b_100x2500_m40_x99_e10_t5,2016323415034278863,197447.0000,96772.0000,104.0332,219.0846
100-200,pr136,136,b_100x2500_m40_x99_e10_t5,2016323415034278864,201124.0000,96772.0000,107.8328,216.3788
100-200,pr144,144,b_100x2500_m40_x99_e10_t5,11333157048050305396,92341.0000,58537.0000,57.7481,231.4409
100-200,pr144,144,b_100x2500_m40_x99_e10_t5,11333157048050305397,92442.0000,58537.0000,57.9206,229.6884
100-200,pr144,144,b_100x2500_m40_x99_e10_t5,11333157048050305398,92482.0000,58537.0000,57.9890,221.7561
100-200,pr144,144,b_100x2500_m40_x99_e10_t5,11333157048050305399,92442.0000,58537.0000,57.9206,234.6637
100-200,pr144,144,b_100x2500_m40_x99_e10_t5,11333157048050305400,90907.0000,58537.0000,55.2984,227.6827
100-200,pr144,144,b_100x2500_m40_x99_e10_t5,11333157048050305401,92580.0000,58537.0000,58.1564,230.2707
100-200,pr144,144,b_100x2500_m40_x99_e10_t5,11333157048050305402,92442.0000,58537.0000,57.9206,226.4625
100-200,pr144,144,b_100x2500_m40_x99_e10_t5,11333157048050305403,92420.0000,58537.0000,57.8830,229.9040
100-200,pr144,144,b_100x2500_m40_x99_e10_t5,11333157048050305404,92580.0000,58537.0000,58.1564,229.9874
100-200,pr144,144,b_100x2500_m40_x99_e10_t5,11333157048050305405,92580.0000,58537.0000,58.1564,232.1531
100-200,pr152,152,b_100x2500_m40_x99_e10_t5,2203246607356780321,133651.0000,73682.0000,81.3889,236.5613
100-200,pr152,152,b_100x2500_m40_x99_e10_t5,2203246607356780322,124779.0000,73682.0000,69.3480,232.1805
100-200,pr152,152,b_100x2500_m40_x99_e10_t5,2203246607356780323,126366.0000,73682.0000,71.5019,233.2075
100-200,pr152,152,b_100x2500_m40_x99_e10_t5,2203246607356780324,131267.0000,73682.0000,78.1534,232.1276
100-200,pr152,152,b_100x2500_m40_x99_e10_t5,2203246607356780325,120828.0000,73682.0000,63.9858,235.3831
100-200,pr152,152,b_100x2500_m40_x99_e10_t5,2203246607356780326,129536.0000,73682.0000,75.8041,232.5804
100-200,pr152,152,b_100x2500_m40_x99_e10_t5,2203246607356780327,124627.0000,73682.0000,69.1417,233.5263
100-200,pr152,152,b_100x2500_m40_x99_e10_t5,2203246607356780328,122985.0000,73682.0000,66.9132,245.3375
100-200,pr152,152,b_100x2500_m40_x99_e10_t5,2203246607356780329,119624.0000,73682.0000,62.3517,259.3272
100-200,pr152,152,b_100x2500_m40_x99_e10_t5,2203246607356780330,134241.0000,73682.0000,82.1897,266.2733
100-200,rat195,195,b_100x2500_m40_x99_e10_t5,16636806565751620305,3885.0000,2323.0000,67.2406,314.3808
100-200,rat195,195,b_100x2500_m40_x99_e10_t5,16636806565751620306,3551.0000,2323.0000,52.8627,307.9552
100-200,rat195,195,b_100x2500_m40_x99_e10_t5,16636806565751620307,3566.0000,2323.0000,53.5084,305.1626
100-200,rat195,195,b_100x2500_m40_x99_e10_t5,16636806565751620308,3641.0000,2323.0000,56.7370,308.8719
100-200,rat195,195,b_100x2500_m40_x99_e10_t5,16636806565751620309,3567.0000,2323.0000,53.5514,309.0587
100-200,rat195,195,b_100x2500_m40_x99_e10_t5,16636806565751620310,3528.0000,2323.0000,51.8726,305.2422
100-200,rat195,195,b_100x2500_m40_x99_e10_t5,16636806565751620311,3470.0000,2323.0000,49.3758,296.4807
100-200,rat195,195,b_100x2500_m40_x99_e10_t5,16636806565751620312,3940.0000,2323.0000,69.6083,291.7628
100-200,rat195,195,b_100x2500_m40_x99_e10_t5,16636806565751620313,3839.0000,2323.0000,65.2604,294.4190
100-200,rat195,195,b_100x2500_m40_x99_e10_t5,16636806565751620314,3525.0000,2323.0000,51.7434,298.4516
100-200,rd100,100,b_100x2500_m40_x99_e10_t5,1746850799922672044,11359.0000,7910.0000,43.6030,169.7243
100-200,rd100,100,b_100x2500_m40_x99_e10_t5,1746850799922672045,11525.0000,7910.0000,45.7016,169.6402
100-200,rd100,100,b_100x2500_m40_x99_e10_t5,1746850799922672046,12307.0000,7910.0000,55.5879,170.1027
100-200,rd100,100,b_100x2500_m40_x99_e10_t5,1746850799922672047,11939.0000,7910.0000,50.9355,169.7516
100-200,rd100,100,b_100x2500_m40_x99_e10_t5,1746850799922672048,12881.0000,7910.0000,62.8445,170.1484
100-200,rd100,100,b_100x2500_m40_x99_e10_t5,1746850799922672049,10929.0000,7910.0000,38.1669,168.7637
100-200,rd100,100,b_100x2500_m40_x99_e10_t5,1746850799922672050,12779.0000,7910.0000,61.5550,172.1032
100-200,rd100,100,b_100x2500_m40_x99_e10_t5,1746850799922672051,11193.0000,7910.0000,41.5044,171.2013
100-200,rd100,100,b_100x2500_m40_x99_e10_t5,1746850799922672052,11753.0000,7910.0000,48.5841,172.3892
100-200,rd100,100,b_100x2500_m40_x99_e10_t5,1746850799922672053,11821.0000,7910.0000,49.4437,168.7017
100-200,si175,175,b_100x2500_m40_x99_e10_t5,12276317634808800054,23645.0000,21407.0000,10.4545,266.1443
100-200,si175,175,b_100x2500_m40_x99_e10_t5,12276317634808800055,23129.0000,21407.0000,8.0441,274.1030
100-200,si175,175,b_100x2500_m40_x99_e10_t5,12276317634808800056,22982.0000,21407.0000,7.3574,263.3354
100-200,si175,175,b_100x2500_m40_x99_e10_t5,12276317634808800057,23116.0000,21407.0000,7.9834,273.5842
100-200,si175,175,b_100x2500_m40_x99_e10_t5,12276317634808800058,23255.0000,21407.0000,8.6327,271.8763
100-200,si175,175,b_100x2500_m40_x99_e10_t5,12276317634808800059,23257.0000,21407.0000,8.6420,266.9528
100-200,si175,175,b_100x2500_m40_x99_e10_t5,12276317634808800060,23341.0000,21407.0000,9.0344,271.5117
100-200,si175,175,b_100x2500_m40_x99_e10_t5,12276317634808800061,23292.0000,21407.0000,8.8055,263.3371
100-200,si175,175,b_100x2500_m40_x99_e10_t5,12276317634808800062,23128.0000,21407.0000,8.0394,266.2515
100-200,si175,175,b_100x2500_m40_x99_e10_t5,12276317634808800063,23301.0000,21407.0000,8.8476,264.3252
100-200,u159,159,b_100x2500_m40_x99_e10_t5,4292550294220338653,42981.0000,42080.0000,2.1412,248.4598
100-200,u159,159,b_100x2500_m40_x99_e10_t5,4292550294220338654,42981.0000,42080.0000,2.1412,252.7595
100-200,u159,159,b_100x2500_m40_x99_e10_t5,4292550294220338655,42981.0000,42080.0000,2.1412,245.5780
100-200,u159,159,b_100x2500_m40_x99_e10_t5,4292550294220338656,42981.0000,42080.0000,2.1412,241.0445
100-200,u159,159,b_100x2500_m40_x99_e10_t5,4292550294220338657,42981.0000,42080.0000,2.1412,250.9036
100-200,u159,159,b_100x2500_m40_x99_e10_t5,4292550294220338658,42981.0000,42080.0000,2.1412,250.4186
100-200,u159,159,b_100x2500_m40_x99_e10_t5,4292550294220338659,42981.0000,42080.0000,2.1412,260.7041
100-200,u159,159,b_100x2500_m40_x99_e10_t5,4292550294220338660,42981.0000,42080.0000,2.1412,251.8605
100-200,u159,159,b_100x2500_m40_x99_e10_t5,4292550294220338661,42981.0000,42080.0000,2.1412,253.2303
100-200,u159,159,b_100x2500_m40_x99_e10_t5,4292550294220338662,42981.0000,42080.0000,2.1412,246.6142
100-200,bier127,127,b_150x2000_m40_x99_e5_t5,15198709637816942511,162185.0000,118282.0000,37.1172,265.7120
100-200,bier127,127,b_150x2000_m40_x99_e5_t5,15198709637816942512,156383.0000,118282.0000,32.2120,263.4729
100-200,bier127,127,b_150x2000_m40_x99_e5_t5,15198709637816942513,149274.0000,118282.0000,26.2018,269.2550
100-200,bier127,127,b_150x2000_m40_x99_e5_t5,15198709637816942514,163720.0000,118282.0000,38.4150,265.8167
100-200,bier127,127,b_150x2000_m40_x99_e5_t5,15198709637816942515,149167.0000,118282.0000,26.1113,264.2152
100-200,bier127,127,b_150x2000_m40_x99_e5_t5,15198709637816942516,165938.0000,118282.0000,40.2902,261.4797
100-200,bier127,127,b_150x2000_m40_x99_e5_t5,15198709637816942517,162102.0000,118282.0000,37.0471,264.1450
100-200,bier127,127,b_150x2000_m40_x99_e5_t5,15198709637816942518,157087.0000,118282.0000,32.8072,257.2201
100-200,bier127,127,b_150x2000_m40_x99_e5_t5,15198709637816942519,150444.0000,118282.0000,27.1910,260.2377
100-200,bier127,127,b_150x2000_m40_x99_e5_t5,15198709637816942520,163790.0000,118282.0000,38.4742,259.9711
100-200,brg180,180,b_150x2000_m40_x99_e5_t5,7661116671589617499,2670.0000,1950.0000,36.9231,349.0648
100-200,brg180,180,b_150x2000_m40_x99_e5_t5,7661116671589617500,2750.0000,1950.0000,41.0256,349.3819
100-200,brg180,180,b_150x2000_m40_x99_e5_t5,7661116671589617501,2490.0000,1950.0000,27.6923,349.1918
100-200,brg180,180,b_150x2000_m40_x99_e5_t5,7661116671589617502,2550.0000,1950.0000,30.7692,348.3773
100-200,brg180,180,b_150x2000_m40_x99_e5_t5,7661116671589617503,2600.0000,1950.0000,33.3333,348.3490
100-200,brg180,180,b_150x2000_m40_x99_e5_t5,7661116671589617504,6190.0000,1950.0000,217.4359,352.6221
100-200,brg180,180,b_150x2000_m40_x99_e5_t5,7661116671589617505,2560.0000,1950.0000,31.2821,346.6708
100-200,brg180,180,b_150x2000_m40_x99_e5_t5,7661116671589617506,2690.0000,1950.0000,37.9487,351.7519
100-200,brg180,180,b_150x2000_m40_x99_e5_t5,7661116671589617507,6110.0000,1950.0000,213.3333,348.2937
100-200,brg180,180,b_150x2000_m40_x99_e5_t5,7661116671589617508,2720.0000,1950.0000,39.4872,348.0381
100-200,ch130,130,b_150x2000_m40_x99_e5_t5,18157039261034557058,8281.0000,6110.0000,35.5319,266.5667
100-200,ch130,130,b_150x2000_m40_x99_e5_t5,18157039261034557059,8577.0000,6110.0000,40.3764,270.9054
100-200,ch130,130,b_150x2000_m40_x99_e5_t5,18157039261034557060,9624.0000,6110.0000,57.5123,265.5764
100-200,ch130,130,b_150x2000_m40_x99_e5_t5,18157039261034557061,10164.0000,6110.0000,66.3502,265.4456
100-200,ch130,130,b_150x2000_m40_x99_e5_t5,18157039261034557062,8458.0000,6110.0000,38.4288,269.3560
100-200,ch130,130,b_150x2000_m40_x99_e5_t5,18157039261034557063,8763.0000,6110.0000,43.4206,274.8422
100-200,ch130,130,b_150x2000_m40_x99_e5_t5,18157039261034557064,9005.0000,6110.0000,47.3813,265.2206
100-200,ch130,130,b_150x2000_m40_x99_e5_t5,18157039261034557065,9260.0000,6110.0000,51.5548,272.3599
100-200,ch130,130,b_150x2000_m40_x99_e5_t5,18157039261034557066,9375.0000,6110.0000,53.4370,265.0682
100-200,ch130,130,b_150x2000_m40_x99_e5_t5,18157039261034557067,8630.0000,6110.0000,41.2439,266.9373
100-200,ch150,150,b_150x2000_m40_x99_e5_t5,6907019201325127312,11070.0000,6528.0000,69.5772,298.9792
100-200,ch150,150,b_150x2000_m40_x99_e5_t5,6907019201325127313,10788.0000,6528.0000,65.2574,300.0722
100-200,ch150,150,b_150x2000_m40_x99_e5_t5,6907019201325127314,9752.0000,6528.0000,49.3873,308.6287
100-200,ch150,150,b_150x2000_m40_x99_e5_t5,6907019201325127315,9624.0000,6528.0000,47.4265,301.7586
100-200,ch150,150,b_150x2000_m40_x99_e5_t5,6907019201325127316,10600.0000,6528.0000,62.3775,300.0738
100-200,ch150,150,b_150x2000_m40_x99_e5_t5,6907019201325127317,11203.0000,6528.0000,71.6146,301.9296
100-200,ch150,150,b_150x2000_m40_x99_e5_t5,6907019201325127318,10625.0000,6528.0000,62.7604,306.1223
100-200,ch150,150,b_150x2000_m40_x99_e5_t5,6907019201325127319,10125.0000,6528.0000,55.1011,300.4632
100-200,ch150,150,b_150x2000_m40_x99_e5_t5,6907019201325127320,10360.0000,6528.0000,58.7010,302.9278
100-200,ch150,150,b_150x2000_m40_x99_e5_t5,6907019201325127321,10465.0000,6528.0000,60.3094,303.7851
100-200,d198,198,b_150x2000_m40_x99_e5_t5,17063626415034901605,20627.0000,15780.0000,30.7161,383.2176
100-200,d198,198,b_150x2000_m40_x99_e5_t5,17063626415034901606,20413.0000,15780.0000,29.3599,381.6246
100-200,d198,198,b_150x2000_m40_x99_e5_t5,17063626415034901607,20446.0000,15780.0000,29.5691,381.0617
100-200,d198,198,b_150x2000_m40_x99_e5_t5,17063626415034901608,20430.0000,15780.0000,29.4677,382.3267
100-200,d198,198,b_150x2000_m40_x99_e5_t5,17063626415034901609,20614.0000,15780.0000,30.6337,382.0052
100-200,d198,198,b_150x2000_m40_x99_e5_t5,17063626415034901610,20334.0000,15780.0000,28.8593,380.1655
100-200,d198,198,b_150x2000_m40_x99_e5_t5,17063626415034901611,20200.0000,15780.0000,28.0101,384.2011
100-200,d198,198,b_150x2000_m40_x99_e5_t5,17063626415034901612,20760.0000,15780.0000,31.5589,403.9660
100-200,d198,198,b_150x2000_m40_x99_e5_t5,17063626415034901613,20329.0000,15780.0000,28.8276,380.5058
100-200,d198,198,b_150x2000_m40_x99_e5_t5,17063626415034901614,20349.0000,15780.0000,28.9544,387.8198
100-200,eil101,101,b_150x2000_m40_x99_e5_t5,15053041143616010251,808.0000,629.0000,28.4579,218.5074
100-200,eil101,101,b_150x2000_m40_x99_e5_t5,15053041143616010252,907.0000,629.0000,44.1971,220.4475
100-200,eil101,101,b_150x2000_m40_x99_e5_t5,15053041143616010253,842.0000,629.0000,33.8633,216.2598
100-200,eil101,101,b_150x2000_m40_x99_e5_t5,15053041143616010254,799.0000,629.0000,27.0270,219.2795
100-200,eil101,101,b_150x2000_m40_x99_e5_t5,15053041143616010255,775.0000,629.0000,23.2114,216.9894
100-200,eil101,101,b_150x2000_m40_x99_e5_t5,15053041143616010256,821.0000,629.0000,30.5246,216.3379
100-200,eil101,101,b_150x2000_m40_x99_e5_t5,15053041143616010257,846.0000,629.0000,34.4992,217.8633
100-200,eil101,101,b_150x2000_m40_x99_e5_t5,15053041143616010258,795.0000,629.0000,26.3911,219.0737
100-200,eil101,101,b_150x2000_m40_x99_e5_t5,15053041143616010259,826.0000,629.0000,31.3196,218.2405
100-200,eil101,101,b_150x2000_m40_x99_e5_t5,15053041143616010260,804.0000,629.0000,27.8219,216.6004
100-200,gr120,120,b_150x2000_m40_x99_e5_t5,2960970804520248293,10179.0000,6942.0000,46.6292,256.3173
100-200,gr120,120,b_150x2000_m40_x99_e5_t5,2960970804520248294,9544.0000,6942.0000,37.4820,252.2044
100-200,gr120,120,b_150x2000_m40_x99_e5_t5,2960970804520248295,10514.0000,6942.0000,51.4549,258.4665
100-200,gr120,120,b_150x2000_m40_x99_e5_t5,2960970804520248296,10824.0000,6942.0000,55.9205,251.9333
100-200,gr120,120,b_150x2000_m40_x99_e5_t5,2960970804520248297,9492.0000,6942.0000,36.7329,252.6876
100-200,gr120,120,b_150x2000_m40_x99_e5_t5,2960970804520248298,10303.0000,6942.0000,48.4154,250.7025
100-200,gr120,120,b_150x2000_m40_x99_e5_t5,2960970804520248299,9072.0000,6942.0000,30.6828,253.1567
100-200,gr120,120,b_150x2000_m40_x99_e5_t5,2960970804520248300,10065.0000,6942.0000,44.9870,254.2260
100-200,gr120,120,b_150x2000_m40_x99_e5_t5,2960970804520248301,8886.0000,6942.0000,28.0035,249.4703
100-200,gr120,120,b_150x2000_m40_x99_e5_t5,2960970804520248302,9756.0000,6942.0000,40.5359,247.8536
100-200,gr137,137,b_150x2000_m40_x99_e5_t5,14214798231028757031,89299.0000,69853.0000,27.8385,277.3838
100-200,gr137,137,b_150x2000_m40_x99_e5_t5,14214798231028757032,89272.0000,69853.0000,27.7998,277.0164
100-200,gr137,137,b_150x2000_m40_x99_e5_t5,14214798231028757033,87621.0000,69853.0000,25.4363,281.2913
100-200,gr137,137,b_150x2000_m40_x99_e5_t5,14214798231028757034,91245.0000,69853.0000,30.6243,280.8492
100-200,gr137,137,b_150x2000_m40_x99_e5_t5,14214798231028757035,88950.0000,69853.0000,27.3388,278.8785
100-200,gr137,137,b_150x2000_m40_x99_e5_t5,14214798231028757036,85707.0000,69853.0000,22.6962,280.1415
100-200,gr137,137,b_150x2000_m40_x99_e5_t5,14214798231028757037,88655.0000,69853.0000,26.9165,280.9884
100-200,gr137,137,b_150x2000_m40_x99_e5_t5,14214798231028757038,89513.0000,69853.0000,28.1448,276.7613
100-200,gr137,137,b_150x2000_m40_x99_e5_t5,14214798231028757039,87057.0000,69853.0000,24.6289,275.3371
100-200,gr137,137,b_150x2000_m40_x99_e5_t5,14214798231028757040,88830.0000,69853.0000,27.1671,274.2715
100-200,kroA100,100,b_150x2000_m40_x99_e5_t5,13931718086211282933,35465.0000,21282.0000,66.6432,221.2515
100-200,kroA100,100,b_150x2000_m40_x99_e5_t5,13931718086211282934,31421.0000,21282.0000,47.6412,226.4516
100-200,kroA100,100,b_150x2000_m40_x99_e5_t5,13931718086211282935,30176.0000,21282.0000,41.7912,217.8398
100-200,kroA100,100,b_150x2000_m40_x99_e5_t5,13931718086211282936,33600.0000,21282.0000,57.8799,212.2935
100-200,kroA100,100,b_150x2000_m40_x99_e5_t5,13931718086211282937,32542.0000,21282.0000,52.9086,217.5708
100-200,kroA100,100,b_150x2000_m40_x99_e5_t5,13931718086211282938,33933.0000,21282.0000,59.4446,213.8334
100-200,kroA100,100,b_150x2000_m40_x99_e5_t5,13931718086211282939,30950.0000,21282.0000,45.4281,216.1401
100-200,kroA100,100,b_150x2000_m40_x99_e5_t5,13931718086211282940,31745.0000,21282.0000,49.1636,215.3209
100-200,kroA100,100,b_150x2000_m40_x99_e5_t5,13931718086211282941,30102.0000,21282.0000,41.4435,216.2213
100-200,kroA100,100,b_150x2000_m40_x99_e5_t5,13931718086211282942,32946.0000,21282.0000,54.8069,216.6359
100-200,kroA150,150,b_150x2000_m40_x99_e5_t5,13476784047502035992,43250.0000,26524.0000,63.0599,304.9109
100-200,kroA150,150,b_150x2000_m40_x99_e5_t5,13476784047502035993,39493.0000,26524.0000,48.8953,304.8899
100-200,kroA150,150,b_150x2000_m40_x99_e5_t5,13476784047502035994,38873.0000,26524.0000,46.5578,303.4641
100-200,kroA150,150,b_150x2000_m40_x99_e5_t5,13476784047502035995,41751.0000,26524.0000,57.4084,309.1249
100-200,kroA150,150,b_150x2000_m40_x99_e5_t5,13476784047502035996,45537.0000,26524.0000,71.6823,304.3949
100-200,kroA150,150,b_150x2000_m40_x99_e5_t5,13476784047502035997,44571.0000,26524.0000,68.0403,300.6707
100-200,kroA150,150,b_150x2000_m40_x99_e5_t5,13476784047502035998,42129.0000,26524.0000,58.8335,308.4549
100-200,kroA150,150,b_150x2000_m40_x99_e5_t5,13476784047502035999,41858.0000,26524.0000,57.8118,303.1424
100-200,kroA150,150,b_150x2000_m40_x99_e5_t5,13476784047502036000,43594.0000,26524.0000,64.3568,304.0146
100-200,kroA150,150,b_150x2000_m40_x99_e5_t5,13476784047502036001,46085.0000,26524.0000,73.7483,304.4326
100-200,kroB100,100,b_150x2000_m40_x99_e5_t5,5722961434678178100,30820.0000,22141.0000,39.1988,215.8891
100-200,kroB100,100,b_150x2000_m40_x99_e5_t5,5722961434678178101,34687.0000,22141.0000,56.6641,213.5145
100-200,kroB100,100,b_150x2000_m40_x99_e5_t5,5722961434678178102,32295.0000,22141.0000,45.8606,218.9008
100-200,kroB100,100,b_150x2000_m40_x99_e5_t5,5722961434678178103,31724.0000,22141.0000,43.2817,215.7204
100-200,kroB100,100,b_150x2000_m40_x99_e5_t5,5722961434678178104,36119.0000,22141.0000,63.1317,213.8799
100-200,kroB100,100,b_150x2000_m40_x99_e5_t5,5722961434678178105,30191.0000,22141.0000,36.3579,232.1618
100-200,kroB100,100,b_150x2000_m40_x99_e5_t5,5722961434678178106,29939.0000,22141.0000,35.2197,217.1520
100-200,kroB100,100,b_150x2000_m40_x99_e5_t5,5722961434678178107,30861.0000,22141.0000,39.3839,213.7053
100-200,kroB100,100,b_150x2000_m40_x99_e5_t5,5722961434678178108,32709.0000,22141.0000,47.7305,213.9136
100-200,kroB100,100,b_150x2000_m40_x99_e5_t5,5722961434678178109,31548.0000,22141.0000,42.4868,213.2385
100-200,kroB150,150,b_150x2000_m40_x99_e5_t5,5268027395968931159,39131.0000,26130.0000,49.7551,302.8386
100-200,kroB150,150,b_150x2000_m40_x99_e5_t5,5268027395968931160,41733.0000,26130.0000,59.7130,300.3020
100-200,kroB150,150,b_150x2000_m40_x99_e5_t5,5268027395968931161,43244.0000,26130.0000,65.4956,301.1541
100-200,kroB150,150,b_150x2000_m40_x99_e5_t5,5268027395968931162,38767.0000,26130.0000,48.3620,303.2037
100-200,kroB150,150,b_150x2000_m40_x99_e5_t5,5268027395968931163,44969.0000,26130.0000,72.0972,297.6260
100-200,kroB150,150,b_150x2000_m40_x99_e5_t5,5268027395968931164,42820.0000,26130.0000,63.8729,301.4454
100-200,kroB150,150,b_150x2000_m40_x99_e5_t5,5268027395968931165,40880.0000,26130.0000,56.4485,300.9326
100-200,kroB150,150,b_150x2000_m40_x99_e5_t5,5268027395968931166,47045.0000,26130.0000,80.0421,296.7444
100-200,kroB150,150,b_150x2000_m40_x99_e5_t5,5268027395968931167,44097.0000,26130.0000,68.7600,297.8421
100-200,kroB150,150,b_150x2000_m40_x99_e5_t5,5268027395968931168,38921.0000,26130.0000,48.9514,298.3653
100-200,kroC100,100,b_150x2000_m40_x99_e5_t5,15960948856854624883,27966.0000,20749.0000,34.7824,214.6462
100-200,kroC100,100,b_150x2000_m40_x99_e5_t5,15960948856854624884,31380.0000,20749.0000,51.2362,216.7791
100-200,kroC100,100,b_150x2000_m40_x99_e5_t5,15960948856854624885,32067.0000,20749.0000,54.5472,212.4235
100-200,kroC100,100,b_150x2000_m40_x99_e5_t5,15960948856854624886,30314.0000,20749.0000,46.0986,213.4598
100-200,kroC100,100,b_150x2000_m40_x99_e5_t5,15960948856854624887,33044.0000,20749.0000,59.2559,214.2059
100-200,kroC100,100,b_150x2000_m40_x99_e5_t5,15960948856854624888,32940.0000,20749.0000,58.7546,213.8307
100-200,kroC100,100,b_150x2000_m40_x99_e5_t5,15960948856854624889,31590.0000,20749.0000,52.2483,210.9112
100-200,kroC100,100,b_150x2000_m40_x99_e5_t5,15960948856854624890,30095.0000,20749.0000,45.0431,213.1338
100-200,kroC100,100,b_150x2000_m40_x99_e5_t5,15960948856854624891,29135.0000,20749.0000,40.4164,213.5320
100-200,kroC100,100,b_150x2000_m40_x99_e5_t5,15960948856854624892,34647.0000,20749.0000,66.9815,213.4598
100-200,kroD100,100,b_150x2000_m40_x99_e5_t5,7752192205321520050,30702.0000,21294.0000,44.1815,214.6399
100-200,kroD100,100,b_150x2000_m40_x99_e5_t5,7752192205321520051,30635.0000,21294.0000,43.8668,212.3330
100-200,kroD100,100,b_150x2000_m40_x99_e5_t5,7752192205321520052,31192.0000,21294.0000,46.4826,214.2738
100-200,kroD100,100,b_150x2000_m40_x99_e5_t5,7752192205321520053,30805.0000,21294.0000,44.6652,217.3472
100-200,kroD100,100,b_150x2000_m40_x99_e5_t5,7752192205321520054,32658.0000,21294.0000,53.3671,220.0883
100-200,kroD100,100,b_150x2000_m40_x99_e5_t5,7752192205321520055,31357.0000,21294.0000,47.2574,223.5875
100-200,kroD100,100,b_150x2000_m40_x99_e5_t5,7752192205321520056,28561.0000,21294.0000,34.1270,212.5012
100-200,kroD100,100,b_150x2000_m40_x99_e5_t5,7752192205321520057,34746.0000,21294.0000,63.1727,217.8800
100-200,kroD100,100,b_150x2000_m40_x99_e5_t5,7752192205321520058,30010.0000,21294.0000,40.9317,212.6483
100-200,kroD100,100,b_150x2000_m40_x99_e5_t5,7752192205321520059,28551.0000,21294.0000,34.0800,212.8861
100-200,kroE100,100,b_150x2000_m40_x99_e5_t5,17990179627497966833,31570.0000,22068.0000,43.0578,213.5917
100-200,kroE100,100,b_150x2000_m40_x99_e5_t5,17990179627497966834,31583.0000,22068.0000,43.1167,215.9515
100-200,kroE100,100,b_150x2000_m40_x99_e5_t5,17990179627497966835,31748.0000,22068.0000,43.8644,213.4843
100-200,kroE100,100,b_150x2000_m40_x99_e5_t5,17990179627497966836,31974.0000,22068.0000,44.8885,213.9751
100-200,kroE100,100,b_150x2000_m40_x99_e5_t5,17990179627497966837,37980.0000,22068.0000,72.1044,213.3328
100-200,kroE100,100,b_150x2000_m40_x99_e5_t5,17990179627497966838,30594.0000,22068.0000,38.6351,215.6411
100-200,kroE100,100,b_150x2000_m40_x99_e5_t5,17990179627497966839,32661.0000,22068.0000,48.0016,213.1802
100-200,kroE100,100,b_150x2000_m40_x99_e5_t5,17990179627497966840,29494.0000,22068.0000,33.6505,213.4860
100-200,kroE100,100,b_150x2000_m40_x99_e5_t5,17990179627497966841,30768.0000,22068.0000,39.4236,222.9409
100-200,kroE100,100,b_150x2000_m40_x99_e5_t5,17990179627497966842,36956.0000,22068.0000,67.4642,219.6408
100-200,lin105,105,b_150x2000_m40_x99_e5_t5,1486254162734332094,20614.0000,14379.0000,43.3618,225.9422
100-200,lin105,105,b_150x2000_m40_x99_e5_t5,1486254162734332095,24801.0000,14379.0000,72.4807,222.0209
100-200,lin105,105,b_150x2000_m40_x99_e5_t5,1486254162734332096,22851.0000,14379.0000,58.9193,228.4491
100-200,lin105,105,b_150x2000_m40_x99_e5_t5,1486254162734332097,23576.0000,14379.0000,63.9613,229.0585
100-200,lin105,105,b_150x2000_m40_x99_e5_t5,1486254162734332098,21703.0000,14379.0000,50.9354,224.3000
100-200,lin105,105,b_150x2000_m40_x99_e5_t5,1486254162734332099,23495.0000,14379.0000,63.3980,218.9756
100-200,lin105,105,b_150x2000_m40_x99_e5_t5,1486254162734332100,21554.0000,14379.0000,49.8992,221.6171
100-200,lin105,105,b_150x2000_m40_x99_e5_t5,1486254162734332101,22813.0000,14379.0000,58.6550,231.3075
100-200,lin105,105,b_150x2000_m40_x99_e5_t5,1486254162734332102,21301.0000,14379.0000,48.1396,222.9572
100-200,lin105,105,b_150x2000_m40_x99_e5_t5,1486254162734332103,23943.0000,14379.0000,66.5137,222.6055
100-200,pr107,107,b_150x2000_m40_x99_e5_t5,9836258750012574519,53283.0000,44303.0000,20.2695,232.4342
100-200,pr107,107,b_150x2000_m40_x99_e5_t5,9836258750012574520,52442.0000,44303.0000,18.3712,236.6159
100-200,pr107,107,b_150x2000_m40_x99_e5_t5,9836258750012574521,52338.0000,44303.0000,18.1365,246.3514
100-200,pr107,107,b_150x2000_m40_x99_e5_t5,9836258750012574522,53429.0000,44303.0000,20.5991,240.4341
100-200,pr107,107,b_150x2000_m40_x99_e5_t5,9836258750012574523,53039.0000,44303.0000,19.7188,223.2711
100-200,pr107,107,b_150x2000_m40_x99_e5_t5,9836258750012574524,52876.0000,44303.0000,19.3508,226.2126
100-200,pr107,107,b_150x2000_m40_x99_e5_t5,9836258750012574525,52242.0000,44303.0000,17.9198,224.4073
100-200,pr107,107,b_150x2000_m40_x99_e5_t5,9836258750012574526,53341.0000,44303.0000,20.4004,224.1863
100-200,pr107,107,b_150x2000_m40_x99_e5_t5,9836258750012574527,52710.0000,44303.0000,18.9761,236.2568
100-200,pr107,107,b_150x2000_m40_x99_e5_t5,9836258750012574528,52895.0000,44303.0000,19.3937,224.9579
100-200,pr124,124,b_150x2000_m40_x99_e5_t5,16387318166181868990,93394.0000,59030.0000,58.2145,262.2069
100-200,pr124,124,b_150x2000_m40_x99_e5_t5,16387318166181868991,93036.0000,59030.0000,57.6080,255.5288
100-200,pr124,124,b_150x2000_m40_x99_e5_t5,16387318166181868992,93320.0000,59030.0000,58.0891,255.6283
100-200,pr124,124,b_150x2000_m40_x99_e5_t5,16387318166181868993,93320.0000,59030.0000,58.0891,255.2621
100-200,pr124,124,b_150x2000_m40_x99_e5_t5,16387318166181868994,96470.0000,59030.0000,63.4254,253.3960
100-200,pr124,124,b_150x2000_m40_x99_e5_t5,16387318166181868995,96119.0000,59030.0000,62.8308,256.4923
100-200,pr124,124,b_150x2000_m40_x99_e5_t5,16387318166181868996,94093.0000,59030.0000,59.3986,254.3138
100-200,pr124,124,b_150x2000_m40_x99_e5_t5,16387318166181868997,96119.0000,59030.0000,62.8308,259.7304
100-200,pr124,124,b_150x2000_m40_x99_e5_t5,16387318166181868998,96537.0000,59030.0000,63.5389,250.6583
100-200,pr124,124,b_150x2000_m40_x99_e5_t5,16387318166181868999,94128.0000,59030.0000,59.4579,254.3733
100-200,pr136,136,b_150x2000_m40_x99_e5_t5,14267208547165964319,161005.0000,96772.0000,66.3756,278.1341
100-200,pr136,136,b_150x2000_m40_x99_e5_t5,14267208547165964320,176819.0000,96772.0000,82.7171,279.6773
100-200,pr136,136,b_150x2000_m40_x99_e5_t5,14267208547165964321,147602.0000,96772.0000,52.5255,276.4904
100-200,pr136,136,b_150x2000_m40_x99_e5_t5,14267208547165964322,174443.0000,96772.0000,80.2619,278.5213
100-200,pr136,136,b_150x2000_m40_x99_e5_t5,14267208547165964323,167825.0000,96772.0000,73.4231,278.0126
100-200,pr136,136,b_150x2000_m40_x99_e5_t5,14267208547165964324,162951.0000,96772.0000,68.3865,277.4258
100-200,pr136,136,b_150x2000_m40_x99_e5_t5,14267208547165964325,177419.0000,96772.0000,83.3371,272.8021
100-200,pr136,136,b_150x2000_m40_x99_e5_t5,14267208547165964326,146535.0000,96772.0000,51.4229,274.8310
100-200,pr136,136,b_150x2000_m40_x99_e5_t5,14267208547165964327,155757.0000,96772.0000,60.9525,277.5939
100-200,pr136,136,b_150x2000_m40_x99_e5_t5,14267208547165964328,194193.0000,96772.0000,100.6706,275.1808
100-200,pr144,144,b_150x2000_m40_x99_e5_t5,5137298106472439244,92304.0000,58537.0000,57.6849,288.8502
100-200,pr144,144,b_150x2000_m40_x99_e5_t5,5137298106472439245,92580.0000,58537.0000,58.1564,287.0168
100-200,pr144,144,b_150x2000_m40_x99_e5_t5,5137298106472439246,92442.0000,58537.0000,57.9206,287.8087
100-200,pr144,144,b_150x2000_m40_x99_e5_t5,5137298106472439247,92526.0000,58537.0000,58.0641,290.1396
100-200,pr144,144,b_150x2000_m40_x99_e5_t5,5137298106472439248,92576.0000,58537.0000,58.1495,289.2720
100-200,pr144,144,b_150x2000_m40_x99_e5_t5,5137298106472439249,92442.0000,58537.0000,57.9206,292.3322
100-200,pr144,144,b_150x2000_m40_x99_e5_t5,5137298106472439250,92442.0000,58537.0000,57.9206,289.0148
100-200,pr144,144,b_150x2000_m40_x99_e5_t5,5137298106472439251,92580.0000,58537.0000,58.1564,290.3908
100-200,pr144,144,b_150x2000_m40_x99_e5_t5,5137298106472439252,92304.0000,58537.0000,57.6849,295.1821
100-200,pr144,144,b_150x2000_m40_x99_e5_t5,5137298106472439253,92420.0000,58537.0000,57.8830,289.1433
100-200,pr152,152,b_150x2000_m40_x99_e5_t5,14454131739488465785,113822.0000,73682.0000,54.4773,303.5667
100-200,pr152,152,b_150x2000_m40_x99_e5_t5,14454131739488465786,134633.0000,73682.0000,82.7217,307.9539
100-200,pr152,152,b_150x2000_m40_x99_e5_t5,14454131739488465787,120093.0000,73682.0000,62.9882,303.9309
100-200,pr152,152,b_150x2000_m40_x99_e5_t5,14454131739488465788,116356.0000,73682.0000,57.9165,301.4424
100-200,pr152,152,b_150x2000_m40_x99_e5_t5,14454131739488465789,113803.0000,73682.0000,54.4516,301.3118
100-200,pr152,152,b_150x2000_m40_x99_e5_t5,14454131739488465790,126503.0000,73682.0000,71.6878,304.9587
100-200,pr152,152,b_150x2000_m40_x99_e5_t5,14454131739488465791,121659.0000,73682.0000,65.1136,305.3486
100-200,pr152,152,b_150x2000_m40_x99_e5_t5,14454131739488465792,129158.0000,73682.0000,75.2911,301.0719
100-200,pr152,152,b_150x2000_m40_x99_e5_t5,14454131739488465793,117540.0000,73682.0000,59.5234,306.6119
100-200,pr152,152,b_150x2000_m40_x99_e5_t5,14454131739488465794,138477.0000,73682.0000,87.9387,308.8479
100-200,rat195,195,b_150x2000_m40_x99_e5_t5,16636024462271425497,3402.0000,2323.0000,46.4486,378.0275
100-200,rat195,195,b_150x2000_m40_x99_e5_t5,16636024462271425498,3321.0000,2323.0000,42.9617,376.6586
100-200,rat195,195,b_150x2000_m40_x99_e5_t5,16636024462271425499,3371.0000,2323.0000,45.1141,373.9413
100-200,rat195,195,b_150x2000_m40_x99_e5_t5,16636024462271425500,3529.0000,2323.0000,51.9156,377.0848
100-200,rat195,195,b_150x2000_m40_x99_e5_t5,16636024462271425501,3428.0000,2323.0000,47.5678,382.9964
100-200,rat195,195,b_150x2000_m40_x99_e5_t5,16636024462271425502,3192.0000,2323.0000,37.4085,374.7987
100-200,rat195,195,b_150x2000_m40_x99_e5_t5,16636024462271425503,3469.0000,2323.0000,49.3328,374.0693
100-200,rat195,195,b_150x2000_m40_x99_e5_t5,16636024462271425504,3547.0000,2323.0000,52.6905,377.8624
100-200,rat195,195,b_150x2000_m40_x99_e5_t5,16636024462271425505,3855.0000,2323.0000,65.9492,372.5923
100-200,rat195,195,b_150x2000_m40_x99_e5_t5,16636024462271425506,3509.0000,2323.0000,51.0547,378.6764
100-200,rd100,100,b_150x2000_m40_x99_e5_t5,13997735932054357508,11316.0000,7910.0000,43.0594,214.1039
100-200,rd100,100,b_150x2000_m40_x99_e5_t5,13997735932054357509,11467.0000,7910.0000,44.9684,214.0476
100-200,rd100,100,b_150x2000_m40_x99_e5_t5,13997735932054357510,10424.0000,7910.0000,31.7826,217.7720
100-200,rd100,100,b_150x2000_m40_x99_e5_t5,13997735932054357511,11301.0000,7910.0000,42.8698,214.6397
100-200,rd100,100,b_150x2000_m40_x99_e5_t5,13997735932054357512,11734.0000,7910.0000,48.3439,214.7077
100-200,rd100,100,b_150x2000_m40_x99_e5_t5,13997735932054357513,11908.0000,7910.0000,50.5436,217.1746
100-200,rd100,100,b_150x2000_m40_x99_e5_t5,13997735932054357514,13093.0000,7910.0000,65.5247,214.0824
100-200,rd100,100,b_150x2000_m40_x99_e5_t5,13997735932054357515,10885.0000,7910.0000,37.6106,215.1068
100-200,rd100,100,b_150x2000_m40_x99_e5_t5,13997735932054357516,12057.0000,7910.0000,52.4273,216.9134
100-200,rd100,100,b_150x2000_m40_x99_e5_t5,13997735932054357517,10958.0000,7910.0000,38.5335,216.2855
100-200,si175,175,b_150x2000_m40_x99_e5_t5,6080458693230933902,23472.0000,21407.0000,9.6464,342.3945
100-200,si175,175,b_150x2000_m40_x99_e5_t5,6080458693230933903,23023.0000,21407.0000,7.5489,343.6915
100-200,si175,175,b_150x2000_m40_x99_e5_t5,6080458693230933904,23541.0000,21407.0000,9.9687,352.8864
100-200,si175,175,b_150x2000_m40_x99_e5_t5,6080458693230933905,23472.0000,21407.0000,9.6464,341.7138
100-200,si175,175,b_150x2000_m40_x99_e5_t5,6080458693230933906,23220.0000,21407.0000,8.4692,338.2897
100-200,si175,175,b_150x2000_m40_x99_e5_t5,6080458693230933907,23005.0000,21407.0000,7.4648,341.3361
100-200,si175,175,b_150x2000_m40_x99_e5_t5,6080458693230933908,22975.0000,21407.0000,7.3247,338.2000
100-200,si175,175,b_150x2000_m40_x99_e5_t5,6080458693230933909,23236.0000,21407.0000,8.5439,339.0936
100-200,si175,175,b_150x2000_m40_x99_e5_t5,6080458693230933910,23014.0000,21407.0000,7.5069,344.5271
100-200,si175,175,b_150x2000_m40_x99_e5_t5,6080458693230933911,23432.0000,21407.0000,9.4595,342.3970
100-200,u159,159,b_150x2000_m40_x99_e5_t5,17059404124495081637,42981.0000,42080.0000,2.1412,311.6524
100-200,u159,159,b_150x2000_m40_x99_e5_t5,17059404124495081638,42981.0000,42080.0000,2.1412,314.5807
100-200,u159,159,b_150x2000_m40_x99_e5_t5,17059404124495081639,42981.0000,42080.0000,2.1412,312.9681
100-200,u159,159,b_150x2000_m40_x99_e5_t5,17059404124495081640,42981.0000,42080.0000,2.1412,310.8932
100-200,u159,159,b_150x2000_m40_x99_e5_t5,17059404124495081641,42981.0000,42080.0000,2.1412,319.3385
100-200,u159,159,b_150x2000_m40_x99_e5_t5,17059404124495081642,42981.0000,42080.0000,2.1412,310.4921
100-200,u159,159,b_150x2000_m40_x99_e5_t5,17059404124495081643,42981.0000,42080.0000,2.1412,312.7809
100-200,u159,159,b_150x2000_m40_x99_e5_t5,17059404124495081644,42981.0000,42080.0000,2.1412,312.9105
100-200,u159,159,b_150x2000_m40_x99_e5_t5,17059404124495081645,42981.0000,42080.0000,2.1412,312.6768
100-200,u159,159,b_150x2000_m40_x99_e5_t5,17059404124495081646,42981.0000,42080.0000,2.1412,313.6920
100-200,bier127,127,champ_0_100,5115746913977807750,164240.0000,118282.0000,38.8546,175.8390
100-200,bier127,127,champ_0_100,5115746913977807751,159328.0000,118282.0000,34.7018,166.8432
100-200,bier127,127,champ_0_100,5115746913977807752,167825.0000,118282.0000,41.8855,165.9849
100-200,bier127,127,champ_0_100,5115746913977807753,168398.0000,118282.0000,42.3699,170.6108
100-200,bier127,127,champ_0_100,5115746913977807754,163038.0000,118282.0000,37.8384,169.7728
100-200,bier127,127,champ_0_100,5115746913977807755,147488.0000,118282.0000,24.6918,169.2949
100-200,bier127,127,champ_0_100,5115746913977807756,159472.0000,118282.0000,34.8236,169.2952
100-200,bier127,127,champ_0_100,5115746913977807757,164317.0000,118282.0000,38.9197,174.3034
100-200,bier127,127,champ_0_100,5115746913977807758,166806.0000,118282.0000,41.0240,168.0252
100-200,bier127,127,champ_0_100,5115746913977807759,154899.0000,118282.0000,30.9574,165.2405
100-200,brg180,180,champ_0_100,15047334024129824376,9770.0000,1950.0000,401.0256,223.1781
100-200,brg180,180,champ_0_100,15047334024129824377,2660.0000,1950.0000,36.4103,218.3308
100-200,brg180,180,champ_0_100,15047334024129824378,6400.0000,1950.0000,228.2051,223.1809
100-200,brg180,180,champ_0_100,15047334024129824379,10070.0000,1950.0000,416.4103,218.6981
100-200,brg180,180,champ_0_100,15047334024129824380,6140.0000,1950.0000,214.8718,216.9378
100-200,brg180,180,champ_0_100,15047334024129824381,2950.0000,1950.0000,51.2821,217.4854
100-200,brg180,180,champ_0_100,15047334024129824382,6200.0000,1950.0000,217.9487,223.4994
100-200,brg180,180,champ_0_100,15047334024129824383,3000.0000,1950.0000,53.8462,220.8139
100-200,brg180,180,champ_0_100,15047334024129824384,2900.0000,1950.0000,48.7179,216.7355
100-200,brg180,180,champ_0_100,15047334024129824385,9870.0000,1950.0000,406.1538,220.2344
100-200,ch130,130,champ_0_100,10891050906222675553,9620.0000,6110.0000,57.4468,170.0492
100-200,ch130,130,champ_0_100,10891050906222675554,9225.0000,6110.0000,50.9820,169.7429
100-200,ch130,130,champ_0_100,10891050906222675555,10446.0000,6110.0000,70.9656,169.4384
100-200,ch130,130,champ_0_100,10891050906222675556,8691.0000,6110.0000,42.2422,168.7532
100-200,ch130,130,champ_0_100,10891050906222675557,9939.0000,6110.0000,62.6678,169.5012
100-200,ch130,130,champ_0_100,10891050906222675558,9797.0000,6110.0000,60.3437,171.1491
100-200,ch130,130,champ_0_100,10891050906222675559,10239.0000,6110.0000,67.5777,169.2015
100-200,ch130,130,champ_0_100,10891050906222675560,9983.0000,6110.0000,63.3879,171.5020
100-200,ch130,130,champ_0_100,10891050906222675561,9157.0000,6110.0000,49.8691,169.4460
100-200,ch130,130,champ_0_100,10891050906222675562,9684.0000,6110.0000,58.4943,172.8221
100-200,ch150,150,champ_0_100,18087774920222797423,12086.0000,6528.0000,85.1409,191.1856
100-200,ch150,150,champ_0_100,18087774920222797424,12581.0000,6528.0000,92.7237,194.2558
100-200,ch150,150,champ_0_100,18087774920222797425,11029.0000,6528.0000,68.9491,191.0509
100-200,ch150,150,champ_0_100,18087774920222797426,12571.0000,6528.0000,92.5705,193.2380
100-200,ch150,150,champ_0_100,18087774920222797427,12207.0000,6528.0000,86.9945,191.6117
100-200,ch150,150,champ_0_100,18087774920222797428,11983.0000,6528.0000,83.5631,194.7895
100-200,ch150,150,champ_0_100,18087774920222797429,11392.0000,6528.0000,74.5098,191.5301
100-200,ch150,150,champ_0_100,18087774920222797430,11960.0000,6528.0000,83.2108,192.3548
100-200,ch150,150,champ_0_100,18087774920222797431,13159.0000,6528.0000,101.5778,196.3078
100-200,ch150,150,champ_0_100,18087774920222797432,13132.0000,6528.0000,101.1642,191.9424
100-200,d198,198,champ_0_100,16163271813530556634,19230.0000,15780.0000,21.8631,235.0018
100-200,d198,198,champ_0_100,16163271813530556635,19902.0000,15780.0000,26.1217,231.9861
100-200,d198,198,champ_0_100,16163271813530556636,19628.0000,15780.0000,24.3853,237.5176
100-200,d198,198,champ_0_100,16163271813530556637,19421.0000,15780.0000,23.0735,232.1752
100-200,d198,198,champ_0_100,16163271813530556638,19386.0000,15780.0000,22.8517,231.8573
100-200,d198,198,champ_0_100,16163271813530556639,19099.0000,15780.0000,21.0330,231.8985
100-200,d198,198,champ_0_100,16163271813530556640,19213.0000,15780.0000,21.7554,231.2144
100-200,d198,198,champ_0_100,16163271813530556641,19666.0000,15780.0000,24.6261,252.8836
100-200,d198,198,champ_0_100,16163271813530556642,19881.0000,15780.0000,25.9886,234.2843
100-200,d198,198,champ_0_100,16163271813530556643,19683.0000,15780.0000,24.7338,237.8746
100-200,eil101,101,champ_0_100,3992514422446665512,741.0000,629.0000,17.8060,136.7879
100-200,eil101,101,champ_0_100,3992514422446665513,816.0000,629.0000,29.7297,139.2141
100-200,eil101,101,champ_0_100,3992514422446665514,856.0000,629.0000,36.0890,139.8495
100-200,eil101,101,champ_0_100,3992514422446665515,804.0000,629.0000,27.8219,141.2702
100-200,eil101,101,champ_0_100,3992514422446665516,789.0000,629.0000,25.4372,136.3422
100-200,eil101,101,champ_0_100,3992514422446665517,763.0000,629.0000,21.3037,136.5416
100-200,eil101,101,champ_0_100,3992514422446665518,755.0000,629.0000,20.0318,137.9462
100-200,eil101,101,champ_0_100,3992514422446665519,827.0000,629.0000,31.4785,136.8138
100-200,eil101,101,champ_0_100,3992514422446665520,814.0000,629.0000,29.4118,137.9317
100-200,eil101,101,champ_0_100,3992514422446665521,784.0000,629.0000,24.6423,142.0139
100-200,gr120,120,champ_0_100,14141726523417918404,9686.0000,6942.0000,39.5275,160.8832
100-200,gr120,120,champ_0_100,14141726523417918405,9590.0000,6942.0000,38.1446,163.1040
100-200,gr120,120,champ_0_100,14141726523417918406,10004.0000,6942.0000,44.1083,159.2504
100-200,gr120,120,champ_0_100,14141726523417918407,9321.0000,6942.0000,34.2697,157.7701
100-200,gr120,120,champ_0_100,14141726523417918408,9962.0000,6942.0000,43.5033,159.9235
100-200,gr120,120,champ_0_100,14141726523417918409,9722.0000,6942.0000,40.0461,163.4104
100-200,gr120,120,champ_0_100,14141726523417918410,10941.0000,6942.0000,57.6059,160.3601
100-200,gr120,120,champ_0_100,14141726523417918411,9872.0000,6942.0000,42.2069,159.6938
100-200,gr120,120,champ_0_100,14141726523417918412,10426.0000,6942.0000,50.1873,158.3492
100-200,gr120,120,champ_0_100,14141726523417918413,9018.0000,6942.0000,29.9049,161.0425
100-200,gr137,137,champ_0_100,6948809876216875526,81082.0000,69853.0000,16.0752,168.9509
100-200,gr137,137,champ_0_100,6948809876216875527,81662.0000,69853.0000,16.9055,170.9085
100-200,gr137,137,champ_0_100,6948809876216875528,82802.0000,69853.0000,18.5375,166.0708
100-200,gr137,137,champ_0_100,6948809876216875529,80543.0000,69853.0000,15.3036,170.6993
100-200,gr137,137,champ_0_100,6948809876216875530,81332.0000,69853.0000,16.4331,168.0502
100-200,gr137,137,champ_0_100,6948809876216875531,79284.0000,69853.0000,13.5012,166.7636
100-200,gr137,137,champ_0_100,6948809876216875532,80765.0000,69853.0000,15.6214,170.1681
100-200,gr137,137,champ_0_100,6948809876216875533,79848.0000,69853.0000,14.3086,168.9818
100-200,gr137,137,champ_0_100,6948809876216875534,84160.0000,69853.0000,20.4816,166.3842
100-200,gr137,137,champ_0_100,6948809876216875535,82327.0000,69853.0000,17.8575,167.9904
100-200,kroA100,100,champ_0_100,3848755362372148172,30827.0000,21282.0000,44.8501,136.6937
100-200,kroA100,100,champ_0_100,3848755362372148173,30372.0000,21282.0000,42.7122,138.0930
100-200,kroA100,100,champ_0_100,3848755362372148174,25691.0000,21282.0000,20.7170,134.4963
100-200,kroA100,100,champ_0_100,3848755362372148175,26399.0000,21282.0000,24.0438,136.9010
100-200,kroA100,100,champ_0_100,3848755362372148176,28976.0000,21282.0000,36.1526,137.5078
100-200,kroA100,100,champ_0_100,3848755362372148177,25382.0000,21282.0000,19.2651,136.8699
100-200,kroA100,100,champ_0_100,3848755362372148178,23662.0000,21282.0000,11.1832,136.7579
100-200,kroA100,100,champ_0_100,3848755362372148179,31480.0000,21282.0000,47.9184,139.0008
100-200,kroA100,100,champ_0_100,3848755362372148180,27085.0000,21282.0000,27.2672,135.8047
100-200,kroA100,100,champ_0_100,3848755362372148181,30399.0000,21282.0000,42.8390,137.2933
100-200,kroA150,150,champ_0_100,3393821323662901231,51730.0000,26524.0000,95.0309,191.2154
100-200,kroA150,150,champ_0_100,3393821323662901232,52002.0000,26524.0000,96.0564,194.5743
100-200,kroA150,150,champ_0_100,3393821323662901233,49666.0000,26524.0000,87.2493,191.9398
100-200,kroA150,150,champ_0_100,3393821323662901234,51381.0000,26524.0000,93.7151,190.4177
100-200,kroA150,150,champ_0_100,3393821323662901235,54519.0000,26524.0000,105.5459,191.9269
100-200,kroA150,150,champ_0_100,3393821323662901236,48515.0000,26524.0000,82.9098,192.9439
100-200,kroA150,150,champ_0_100,3393821323662901237,49759.0000,26524.0000,87.5999,192.7641
100-200,kroA150,150,champ_0_100,3393821323662901238,54227.0000,26524.0000,104.4450,194.6110
100-200,kroA150,150,champ_0_100,3393821323662901239,47309.0000,26524.0000,78.3630,189.8806
100-200,kroA150,150,champ_0_100,3393821323662901240,48692.0000,26524.0000,83.5771,194.5436
100-200,kroB100,100,champ_0_100,14086742784548594955,29796.0000,22141.0000,34.5739,136.0771
100-200,kroB100,100,champ_0_100,14086742784548594956,30837.0000,22141.0000,39.2756,139.6150
100-200,kroB100,100,champ_0_100,14086742784548594957,29845.0000,22141.0000,34.7952,136.3908
100-200,kroB100,100,champ_0_100,14086742784548594958,30264.0000,22141.0000,36.6876,138.1898
100-200,kroB100,100,champ_0_100,14086742784548594959,29886.0000,22141.0000,34.9804,138.1108
100-200,kroB100,100,champ_0_100,14086742784548594960,32761.0000,22141.0000,47.9653,135.7499
100-200,kroB100,100,champ_0_100,14086742784548594961,30435.0000,22141.0000,37.4599,137.2978
100-200,kroB100,100,champ_0_100,14086742784548594962,28501.0000,22141.0000,28.7250,153.6383
100-200,kroB100,100,champ_0_100,14086742784548594963,28566.0000,22141.0000,29.0186,138.5252
100-200,kroB100,100,champ_0_100,14086742784548594964,31561.0000,22141.0000,42.5455,138.2408
100-200,kroB150,150,champ_0_100,13631808745839348014,45477.0000,26130.0000,74.0413,194.7539
100-200,kroB150,150,champ_0_100,13631808745839348015,52193.0000,26130.0000,99.7436,195.0955
100-200,kroB150,150,champ_0_100,13631808745839348016,49821.0000,26130.0000,90.6659,190.7355
100-200,kroB150,150,champ_0_100,13631808745839348017,48393.0000,26130.0000,85.2009,191.2775
100-200,kroB150,150,champ_0_100,13631808745839348018,45830.0000,26130.0000,75.3923,195.7466
100-200,kroB150,150,champ_0_100,13631808745839348019,57057.0000,26130.0000,118.3582,190.3697
100-200,kroB150,150,champ_0_100,13631808745839348020,49729.0000,26130.0000,90.3138,194.1182
100-200,kroB150,150,champ_0_100,13631808745839348021,45452.0000,26130.0000,73.9457,192.5699
100-200,kroB150,150,champ_0_100,13631808745839348022,42330.0000,26130.0000,61.9977,190.1997
100-200,kroB150,150,champ_0_100,13631808745839348023,55174.0000,26130.0000,111.1519,191.8367
100-200,kroC100,100,champ_0_100,5877986133015490122,32197.0000,20749.0000,55.1737,138.9965
100-200,kroC100,100,champ_0_100,5877986133015490123,26840.0000,20749.0000,29.3556,137.2420
100-200,kroC100,100,champ_0_100,5877986133015490124,29779.0000,20749.0000,43.5202,140.1019
100-200,kroC100,100,champ_0_100,5877986133015490125,30242.0000,20749.0000,45.7516,138.1406
100-200,kroC100,100,champ_0_100,5877986133015490126,24333.0000,20749.0000,17.2731,136.2280
100-200,kroC100,100,champ_0_100,5877986133015490127,29212.0000,20749.0000,40.7875,136.4107
100-200,kroC100,100,champ_0_100,5877986133015490128,29761.0000,20749.0000,43.4334,138.0041
100-200,kroC100,100,champ_0_100,5877986133015490129,26574.0000,20749.0000,28.0736,136.9062
100-200,kroC100,100,champ_0_100,5877986133015490130,28983.0000,20749.0000,39.6838,136.3493
100-200,kroC100,100,champ_0_100,5877986133015490131,25534.0000,20749.0000,23.0614,135.9740
100-200,kroD100,100,champ_0_100,16115973555191936905,27341.0000,21294.0000,28.3977,137.0196
100-200,kroD100,100,champ_0_100,16115973555191936906,29551.0000,21294.0000,38.7762,137.4874
100-200,kroD100,100,champ_0_100,16115973555191936907,27492.0000,21294.0000,29.1068,135.9388
100-200,kroD100,100,champ_0_100,16115973555191936908,27605.0000,21294.0000,29.6375,138.3787
100-200,kroD100,100,champ_0_100,16115973555191936909,28431.0000,21294.0000,33.5165,138.3853
100-200,kroD100,100,champ_0_100,16115973555191936910,28554.0000,21294.0000,34.0941,137.2431
100-200,kroD100,100,champ_0_100,16115973555191936911,27462.0000,21294.0000,28.9659,137.7537
100-200,kroD100,100,champ_0_100,16115973555191936912,27413.0000,21294.0000,28.7358,137.2274
100-200,kroD100,100,champ_0_100,16115973555191936913,30239.0000,21294.0000,42.0071,137.6802
100-200,kroD100,100,champ_0_100,16115973555191936914,28568.0000,21294.0000,34.1599,137.6205
100-200,kroE100,100,champ_0_100,7907216903658832072,28459.0000,22068.0000,28.9605,135.7137
100-200,kroE100,100,champ_0_100,7907216903658832073,28833.0000,22068.0000,30.6552,137.2311
100-200,kroE100,100,champ_0_100,7907216903658832074,28337.0000,22068.0000,28.4076,135.9956
100-200,kroE100,100,champ_0_100,7907216903658832075,30320.0000,22068.0000,37.3935,137.0159
100-200,kroE100,100,champ_0_100,7907216903658832076,31236.0000,22068.0000,41.5443,137.7947
100-200,kroE100,100,champ_0_100,7907216903658832077,29343.0000,22068.0000,32.9663,138.5977
100-200,kroE100,100,champ_0_100,7907216903658832078,26459.0000,22068.0000,19.8976,135.3971
100-200,kroE100,100,champ_0_100,7907216903658832079,27610.0000,22068.0000,25.1133,135.1019
100-200,kroE100,100,champ_0_100,7907216903658832080,28636.0000,22068.0000,29.7626,140.1391
100-200,kroE100,100,champ_0_100,7907216903658832081,26711.0000,22068.0000,21.0395,135.8469
100-200,lin105,105,champ_0_100,8872471515274538971,18850.0000,14379.0000,31.0940,136.9863
100-200,lin105,105,champ_0_100,8872471515274538972,17213.0000,14379.0000,19.7093,135.4457
100-200,lin105,105,champ_0_100,8872471515274538973,18336.0000,14379.0000,27.5193,135.7105
100-200,lin105,105,champ_0_100,8872471515274538974,19589.0000,14379.0000,36.2334,139.5651
100-200,lin105,105,champ_0_100,8872471515274538975,19643.0000,14379.0000,36.6089,134.2214
100-200,lin105,105,champ_0_100,8872471515274538976,19794.0000,14379.0000,37.6591,133.8309
100-200,lin105,105,champ_0_100,8872471515274538977,18134.0000,14379.0000,26.1145,136.3997
100-200,lin105,105,champ_0_100,8872471515274538978,18627.0000,14379.0000,29.5431,135.7148
100-200,lin105,105,champ_0_100,8872471515274538979,17629.0000,14379.0000,22.6024,138.2622
100-200,lin105,105,champ_0_100,8872471515274538980,19149.0000,14379.0000,33.1734,134.9925
100-200,pr107,107,champ_0_100,2570270395200693014,50121.0000,44303.0000,13.1323,137.4097
100-200,pr107,107,champ_0_100,2570270395200693015,50120.0000,44303.0000,13.1300,137.0498
100-200,pr107,107,champ_0_100,2570270395200693016,50687.0000,44303.0000,14.4099,136.0306
100-200,pr107,107,champ_0_100,2570270395200693017,50327.0000,44303.0000,13.5973,136.7368
100-200,pr107,107,champ_0_100,2570270395200693018,49940.0000,44303.0000,12.7237,139.3955
100-200,pr107,107,champ_0_100,2570270395200693019,50928.0000,44303.0000,14.9538,134.7144
100-200,pr107,107,champ_0_100,2570270395200693020,52379.0000,44303.0000,18.2290,135.4767
100-200,pr107,107,champ_0_100,2570270395200693021,50211.0000,44303.0000,13.3354,137.0108
100-200,pr107,107,champ_0_100,2570270395200693022,50363.0000,44303.0000,13.6785,136.1019
100-200,pr107,107,champ_0_100,2570270395200693023,51919.0000,44303.0000,17.1907,135.5379
100-200,pr124,124,champ_0_100,9121329811369987485,90734.0000,59030.0000,53.7083,154.9152
100-200,pr124,124,champ_0_100,9121329811369987486,90649.0000,59030.0000,53.5643,154.6426
100-200,pr124,124,champ_0_100,9121329811369987487,87346.0000,59030.0000,47.9688,154.6229
100-200,pr124,124,champ_0_100,9121329811369987488,91093.0000,59030.0000,54.3164,175.0041
100-200,pr124,124,champ_0_100,9121329811369987489,91003.0000,59030.0000,54.1640,154.9424
100-200,pr124,124,champ_0_100,9121329811369987490,91748.0000,59030.0000,55.4261,155.1742
100-200,pr124,124,champ_0_100,9121329811369987491,92143.0000,59030.0000,56.0952,159.5947
100-200,pr124,124,champ_0_100,9121329811369987492,84522.0000,59030.0000,43.1848,156.6072
100-200,pr124,124,champ_0_100,9121329811369987493,91779.0000,59030.0000,55.4786,154.2934
100-200,pr124,124,champ_0_100,9121329811369987494,92733.0000,59030.0000,57.0947,152.9295
100-200,pr136,136,champ_0_100,7001220192354082814,134845.0000,96772.0000,39.3430,171.1058
100-200,pr136,136,champ_0_100,7001220192354082815,135544.0000,96772.0000,40.0653,170.6232
100-200,pr136,136,champ_0_100,7001220192354082816,129415.0000,96772.0000,33.7319,171.4399
100-200,pr136,136,champ_0_100,7001220192354082817,127949.0000,96772.0000,32.2170,174.0741
100-200,pr136,136,champ_0_100,7001220192354082818,126216.0000,96772.0000,30.4262,170.3033
100-200,pr136,136,champ_0_100,7001220192354082819,130496.0000,96772.0000,34.8489,171.9510
100-200,pr136,136,champ_0_100,7001220192354082820,140754.0000,96772.0000,45.4491,172.5353
100-200,pr136,136,champ_0_100,7001220192354082821,142406.0000,96772.0000,47.1562,171.1539
100-200,pr136,136,champ_0_100,7001220192354082822,133631.0000,96772.0000,38.0885,172.5623
100-200,pr136,136,champ_0_100,7001220192354082823,131707.0000,96772.0000,36.1003,171.5639
100-200,pr144,144,champ_0_100,16318053825370109355,89793.0000,58537.0000,53.3953,174.6618
100-200,pr144,144,champ_0_100,16318053825370109356,90726.0000,58537.0000,54.9892,174.2359
100-200,pr144,144,champ_0_100,16318053825370109357,90078.0000,58537.0000,53.8822,173.4960
100-200,pr144,144,champ_0_100,16318053825370109358,89362.0000,58537.0000,52.6590,175.0006
100-200,pr144,144,champ_0_100,16318053825370109359,89150.0000,58537.0000,52.2968,174.2601
100-200,pr144,144,champ_0_100,16318053825370109360,87296.0000,58537.0000,49.1296,174.7927
100-200,pr144,144,champ_0_100,16318053825370109361,89545.0000,58537.0000,52.9716,173.7728
100-200,pr144,144,champ_0_100,16318053825370109362,87236.0000,58537.0000,49.0271,174.9928
100-200,pr144,144,champ_0_100,16318053825370109363,86709.0000,58537.0000,48.1268,172.7528
100-200,pr144,144,champ_0_100,16318053825370109364,90636.0000,58537.0000,54.8354,172.6657
100-200,pr152,152,champ_0_100,7188143384676584280,109414.0000,73682.0000,48.4949,190.7997
100-200,pr152,152,champ_0_100,7188143384676584281,109624.0000,73682.0000,48.7799,186.9355
100-200,pr152,152,champ_0_100,7188143384676584282,111425.0000,73682.0000,51.2242,187.0478
100-200,pr152,152,champ_0_100,7188143384676584283,109847.0000,73682.0000,49.0825,187.9943
100-200,pr152,152,champ_0_100,7188143384676584284,110851.0000,73682.0000,50.4452,185.5233
100-200,pr152,152,champ_0_100,7188143384676584285,105424.0000,73682.0000,43.0797,187.9551
100-200,pr152,152,champ_0_100,7188143384676584286,102969.0000,73682.0000,39.7478,186.0078
100-200,pr152,152,champ_0_100,7188143384676584287,113420.0000,73682.0000,53.9318,187.2217
100-200,pr152,152,champ_0_100,7188143384676584288,113766.0000,73682.0000,54.4013,185.6844
100-200,pr152,152,champ_0_100,7188143384676584289,117706.0000,73682.0000,59.7486,185.3469
100-200,rat195,195,champ_0_100,5575497741102080758,3263.0000,2323.0000,40.4649,228.9372
100-200,rat195,195,champ_0_100,5575497741102080759,3211.0000,2323.0000,38.2264,229.1010
100-200,rat195,195,champ_0_100,5575497741102080760,3284.0000,2323.0000,41.3689,227.7382
100-200,rat195,195,champ_0_100,5575497741102080761,3137.0000,2323.0000,35.0409,230.1026
100-200,rat195,195,champ_0_100,5575497741102080762,3198.0000,2323.0000,37.6668,229.8452
100-200,rat195,195,champ_0_100,5575497741102080763,3210.0000,2323.0000,38.1834,232.3325
100-200,rat195,195,champ_0_100,5575497741102080764,3068.0000,2323.0000,32.0706,229.8509
100-200,rat195,195,champ_0_100,5575497741102080765,3225.0000,2323.0000,38.8291,228.4685
100-200,rat195,195,champ_0_100,5575497741102080766,3163.0000,2323.0000,36.1601,227.5004
100-200,rat195,195,champ_0_100,5575497741102080767,3241.0000,2323.0000,39.5179,229.1436
100-200,rd100,100,champ_0_100,6731747577242476003,9778.0000,7910.0000,23.6157,135.5672
100-200,rd100,100,champ_0_100,6731747577242476004,9643.0000,7910.0000,21.9090,137.4605
100-200,rd100,100,champ_0_100,6731747577242476005,10903.0000,7910.0000,37.8382,137.8195
100-200,rd100,100,champ_0_100,6731747577242476006,9736.0000,7910.0000,23.0847,136.4484
100-200,rd100,100,champ_0_100,6731747577242476007,10818.0000,7910.0000,36.7636,136.2116
100-200,rd100,100,champ_0_100,6731747577242476008,10669.0000,7910.0000,34.8799,138.1802
100-200,rd100,100,champ_0_100,6731747577242476009,10212.0000,7910.0000,29.1024,136.8480
100-200,rd100,100,champ_0_100,6731747577242476010,9912.0000,7910.0000,25.3097,139.4569
100-200,rd100,100,champ_0_100,6731747577242476011,10595.0000,7910.0000,33.9444,135.9164
100-200,rd100,100,champ_0_100,6731747577242476012,9430.0000,7910.0000,19.2162,134.3045
100-200,si175,175,champ_0_100,17261214412128604013,22693.0000,21407.0000,6.0074,210.0016
100-200,si175,175,champ_0_100,17261214412128604014,22446.0000,21407.0000,4.8536,210.8497
100-200,si175,175,champ_0_100,17261214412128604015,22880.0000,21407.0000,6.8809,213.2502
100-200,si175,175,champ_0_100,17261214412128604016,23043.0000,21407.0000,7.6424,211.8693
100-200,si175,175,champ_0_100,17261214412128604017,22713.0000,21407.0000,6.1008,212.3410
100-200,si175,175,champ_0_100,17261214412128604018,22626.0000,21407.0000,5.6944,214.5798
100-200,si175,175,champ_0_100,17261214412128604019,22980.0000,21407.0000,7.3481,210.7992
100-200,si175,175,champ_0_100,17261214412128604020,22710.0000,21407.0000,6.0868,211.5249
100-200,si175,175,champ_0_100,17261214412128604021,22717.0000,21407.0000,6.1195,210.8775
100-200,si175,175,champ_0_100,17261214412128604022,22769.0000,21407.0000,6.3624,212.3576
100-200,u159,159,champ_0_100,16159049522990736666,42930.0000,42080.0000,2.0200,196.8574
100-200,u159,159,champ_0_100,16159049522990736667,42972.0000,42080.0000,2.1198,189.1184
100-200,u159,159,champ_0_100,16159049522990736668,42930.0000,42080.0000,2.0200,189.4343
100-200,u159,159,champ_0_100,16159049522990736669,43011.0000,42080.0000,2.2125,189.8138
100-200,u159,159,champ_0_100,16159049522990736670,42645.0000,42080.0000,1.3427,189.3619
100-200,u159,159,champ_0_100,16159049522990736671,42712.0000,42080.0000,1.5019,188.1563
100-200,u159,159,champ_0_100,16159049522990736672,42930.0000,42080.0000,2.0200,192.9182
100-200,u159,159,champ_0_100,16159049522990736673,42603.0000,42080.0000,1.2429,191.0375
100-200,u159,159,champ_0_100,16159049522990736674,42928.0000,42080.0000,2.0152,188.0809
100-200,u159,159,champ_0_100,16159049522990736675,42946.0000,42080.0000,2.0580,188.3743
