size_class,instance,dimension,config,seed,cost,reference_cost,gap_percent,time_ms
100-200,bier127,127,Greedy(start=0),0,135737.0000,118282.0000,14.7571,0.0357
100-200,brg180,180,Greedy(start=0),0,12360.0000,1950.0000,533.8462,0.0652
100-200,ch130,130,Greedy(start=0),0,7579.0000,6110.0000,24.0426,0.0338
100-200,ch150,150,Greedy(start=0),0,8191.0000,6528.0000,25.4749,0.0620
100-200,d198,198,Greedy(start=0),0,18240.0000,15780.0000,15.5894,0.0817
100-200,eil101,101,Greedy(start=0),0,803.0000,629.0000,27.6630,0.0342
100-200,gr120,120,Greedy(start=0),0,9351.0000,6942.0000,34.7018,0.0657
100-200,gr137,137,Greedy(start=0),0,93912.0000,69853.0000,34.4423,0.0369
100-200,kroA100,100,Greedy(start=0),0,27807.0000,21282.0000,30.6597,0.0385
100-200,kroA150,150,Greedy(start=0),0,33633.0000,26524.0000,26.8021,0.0423
100-200,kroB100,100,Greedy(start=0),0,29158.0000,22141.0000,31.6923,0.0333
100-200,kroB150,150,Greedy(start=0),0,34499.0000,26130.0000,32.0283,0.0421
100-200,kroC100,100,Greedy(start=0),0,26227.0000,20749.0000,26.4013,0.0250
100-200,kroD100,100,Greedy(start=0),0,26947.0000,21294.0000,26.5474,0.0202
100-200,kroE100,100,Greedy(start=0),0,27460.0000,22068.0000,24.4336,0.0189
100-200,lin105,105,Greedy(start=0),0,20356.0000,14379.0000,41.5676,0.0220
100-200,pr107,107,Greedy(start=0),0,46680.0000,44303.0000,5.3653,0.0272
100-200,pr124,124,Greedy(start=0),0,69297.0000,59030.0000,17.3929,0.0289
100-200,pr136,136,Greedy(start=0),0,120769.0000,96772.0000,24.7975,0.0327
100-200,pr144,144,Greedy(start=0),0,61652.0000,58537.0000,5.3214,0.0365
100-200,pr152,152,Greedy(start=0),0,85699.0000,73682.0000,16.3093,0.0417
100-200,rat195,195,Greedy(start=0),0,2752.0000,2323.0000,18.4675,0.1025
100-200,rd100,100,Greedy(start=0),0,9938.0000,7910.0000,25.6384,0.0315
100-200,si175,175,Greedy(start=0),0,22263.0000,21407.0000,3.9987,0.0798
100-200,u159,159,Greedy(start=0),0,54675.0000,42080.0000,29.9311,0.0502
100-200,bier127,127,baseline,2590964948938165121,176393.0000,118282.0000,49.1292,77.0013
100-200,bier127,127,baseline,2590964948938165122,166241.0000,118282.0000,40.5463,77.8673
100-200,bier127,127,baseline,2590964948938165123,175977.0000,118282.0000,48.7775,74.7677
100-200,bier127,127,baseline,2590964948938165124,169921.0000,118282.0000,43.6575,77.4831
100-200,bier127,127,baseline,2590964948938165125,166349.0000,118282.0000,40.6376,76.9664
100-200,brg180,180,baseline,242502652339423137,6140.0000,1950.0000,214.8718,100.3674
100-200,brg180,180,baseline,242502652339423138,9730.0000,1950.0000,398.9744,102.0905
100-200,brg180,180,baseline,242502652339423139,9790.0000,1950.0000,402.0513,101.1343
100-200,brg180,180,baseline,242502652339423140,6300.0000,1950.0000,223.0769,99.8451
100-200,brg180,180,baseline,242502652339423141,9800.0000,1950.0000,402.5641,101.0846
100-200,ch130,130,baseline,4582183954963052100,10417.0000,6110.0000,70.4910,80.9321
100-200,ch130,130,baseline,4582183954963052101,9523.0000,6110.0000,55.8592,78.7113
100-200,ch130,130,baseline,4582183954963052102,9799.0000,6110.0000,60.3764,78.4652
100-200,ch130,130,baseline,4582183954963052103,10142.0000,6110.0000,65.9902,77.8531
100-200,ch130,130,baseline,4582183954963052104,10381.0000,6110.0000,69.9018,78.9515
100-200,ch150,150,baseline,11778907968963173970,12409.0000,6528.0000,90.0888,87.7143
100-200,ch150,150,baseline,11778907968963173971,12195.0000,6528.0000,86.8107,91.2230
100-200,ch150,150,baseline,11778907968963173972,11822.0000,6528.0000,81.0968,89.8428
100-200,ch150,150,baseline,11778907968963173973,12784.0000,6528.0000,95.8333,92.8130
100-200,ch150,150,baseline,11778907968963173974,13056.0000,6528.0000,100.0000,92.4510
100-200,d198,198,baseline,6680518226585521659,22007.0000,15780.0000,39.4613,111.9319
100-200,d198,198,baseline,6680518226585521660,21604.0000,15780.0000,36.9075,110.8597
100-200,d198,198,baseline,6680518226585521661,21525.0000,15780.0000,36.4068,107.1592
100-200,d198,198,baseline,6680518226585521662,21538.0000,15780.0000,36.4892,108.8436
100-200,d198,198,baseline,6680518226585521663,20968.0000,15780.0000,32.8771,108.5094
100-200,eil101,101,baseline,7634427124365815889,898.0000,629.0000,42.7663,63.2101
100-200,eil101,101,baseline,7634427124365815890,926.0000,629.0000,47.2178,63.5600
100-200,eil101,101,baseline,7634427124365815891,903.0000,629.0000,43.5612,63.4740
100-200,eil101,101,baseline,7634427124365815892,768.0000,629.0000,22.0986,63.1016
100-200,eil101,101,baseline,7634427124365815893,858.0000,629.0000,36.4070,62.3105
100-200,gr120,120,baseline,7832859572158294951,10833.0000,6942.0000,56.0501,73.3960
100-200,gr120,120,baseline,7832859572158294952,11604.0000,6942.0000,67.1564,74.0904
100-200,gr120,120,baseline,7832859572158294953,11353.0000,6942.0000,63.5408,75.3413
100-200,gr120,120,baseline,7832859572158294954,10939.0000,6942.0000,57.5771,75.7188
100-200,gr120,120,baseline,7832859572158294955,10639.0000,6942.0000,53.2555,74.7294
100-200,gr137,137,baseline,639942924957252073,88322.0000,69853.0000,26.4398,78.4617
100-200,gr137,137,baseline,639942924957252074,92694.0000,69853.0000,32.6987,77.6977
100-200,gr137,137,baseline,639942924957252075,92123.0000,69853.0000,31.8812,77.4003
100-200,gr137,137,baseline,639942924957252076,89451.0000,69853.0000,28.0561,77.8070
100-200,gr137,137,baseline,639942924957252077,87242.0000,69853.0000,24.8937,78.6350
100-200,kroA100,100,baseline,1323973397332505543,34989.0000,21282.0000,64.4065,62.9030
100-200,kroA100,100,baseline,1323973397332505544,35027.0000,21282.0000,64.5851,63.8891
100-200,kroA100,100,baseline,1323973397332505545,32480.0000,21282.0000,52.6172,62.6520
100-200,kroA100,100,baseline,1323973397332505546,35669.0000,21282.0000,67.6017,66.0421
100-200,kroA100,100,baseline,1323973397332505547,33957.0000,21282.0000,59.5574,64.0513
100-200,kroA150,150,baseline,869039358623258602,51555.0000,26524.0000,94.3711,90.9007
100-200,kroA150,150,baseline,869039358623258603,53577.0000,26524.0000,101.9944,89.1672
100-200,kroA150,150,baseline,869039358623258604,56654.0000,26524.0000,113.5952,91.0416
100-200,kroA150,150,baseline,869039358623258605,52868.0000,26524.0000,99.3214,90.6265
100-200,kroA150,150,baseline,869039358623258606,52676.0000,26524.0000,98.5975,88.7419
100-200,kroB100,100,baseline,11561960819508952326,35462.0000,22141.0000,60.1644,62.1003
100-200,kroB100,100,baseline,11561960819508952327,38083.0000,22141.0000,72.0022,64.9134
100-200,kroB100,100,baseline,11561960819508952328,33600.0000,22141.0000,51.7547,75.6250
100-200,kroB100,100,baseline,11561960819508952329,34347.0000,22141.0000,55.1285,65.6639
100-200,kroB100,100,baseline,11561960819508952330,33598.0000,22141.0000,51.7456,63.7291
100-200,kroB150,150,baseline,11107026780799705385,51552.0000,26130.0000,97.2905,91.8649
100-200,kroB150,150,baseline,11107026780799705386,53460.0000,26130.0000,104.5924,91.7211
100-200,kroB150,150,baseline,11107026780799705387,49766.0000,26130.0000,90.4554,90.4283
100-200,kroB150,150,baseline,11107026780799705388,49626.0000,26130.0000,89.9196,92.6916
100-200,kroB150,150,baseline,11107026780799705389,48068.0000,26130.0000,83.9571,90.0406
100-200,kroC100,100,baseline,3353204167975847493,34221.0000,20749.0000,64.9284,66.5533
100-200,kroC100,100,baseline,3353204167975847494,32254.0000,20749.0000,55.4485,67.9334
100-200,kroC100,100,baseline,3353204167975847495,30408.0000,20749.0000,46.5516,69.8664
100-200,kroC100,100,baseline,3353204167975847496,32675.0000,20749.0000,57.4775,68.1032
100-200,kroC100,100,baseline,3353204167975847497,30876.0000,20749.0000,48.8072,67.4345
100-200,kroD100,100,baseline,13591191590152294276,32725.0000,21294.0000,53.6818,67.9724
100-200,kroD100,100,baseline,13591191590152294277,34337.0000,21294.0000,61.2520,69.9843
100-200,kroD100,100,baseline,13591191590152294278,31732.0000,21294.0000,49.0185,70.0860
100-200,kroD100,100,baseline,13591191590152294279,36981.0000,21294.0000,73.6686,67.7377
100-200,kroD100,100,baseline,13591191590152294280,34452.0000,21294.0000,61.7921,64.1406
100-200,kroE100,100,baseline,5382434938619189443,33462.0000,22068.0000,51.6313,64.8090
100-200,kroE100,100,baseline,5382434938619189444,34097.0000,22068.0000,54.5088,63.3125
100-200,kroE100,100,baseline,5382434938619189445,34563.0000,22068.0000,56.6204,63.8882
100-200,kroE100,100,baseline,5382434938619189446,32251.0000,22068.0000,46.1437,66.5670
100-200,kroE100,100,baseline,5382434938619189447,35839.0000,22068.0000,62.4026,65.1781
100-200,lin105,105,baseline,12514384217193689348,21100.0000,14379.0000,46.7418,63.7769
100-200,lin105,105,baseline,12514384217193689349,24562.0000,14379.0000,70.8186,62.9430
100-200,lin105,105,baseline,12514384217193689350,21092.0000,14379.0000,46.6861,64.1080
100-200,lin105,105,baseline,12514384217193689351,23415.0000,14379.0000,62.8416,64.1218
100-200,lin105,105,baseline,12514384217193689352,22175.0000,14379.0000,54.2180,64.7354
100-200,pr107,107,baseline,14708147517650621177,52209.0000,44303.0000,17.8453,66.3912
100-200,pr107,107,baseline,14708147517650621178,54166.0000,44303.0000,22.2626,66.3329
100-200,pr107,107,baseline,14708147517650621179,54280.0000,44303.0000,22.5199,63.6625
100-200,pr107,107,baseline,14708147517650621180,54393.0000,44303.0000,22.7750,63.5171
100-200,pr107,107,baseline,14708147517650621181,55065.0000,44303.0000,24.2918,63.3477
100-200,pr124,124,baseline,2812462860110364032,96719.0000,59030.0000,63.8472,73.8377
100-200,pr124,124,baseline,2812462860110364033,98401.0000,59030.0000,66.6966,75.4642
100-200,pr124,124,baseline,2812462860110364034,97418.0000,59030.0000,65.0313,75.3329
100-200,pr124,124,baseline,2812462860110364035,96638.0000,59030.0000,63.7100,72.5822
100-200,pr124,124,baseline,2812462860110364036,87939.0000,59030.0000,48.9734,72.3946
100-200,pr136,136,baseline,692353241094459361,189511.0000,96772.0000,95.8325,79.1534
100-200,pr136,136,baseline,692353241094459362,172775.0000,96772.0000,78.5382,79.6006
100-200,pr136,136,baseline,692353241094459363,168899.0000,96772.0000,74.5329,81.1408
100-200,pr136,136,baseline,692353241094459364,160102.0000,96772.0000,65.4425,78.5335
100-200,pr136,136,baseline,692353241094459365,153176.0000,96772.0000,58.2855,82.8732
100-200,pr144,144,baseline,10009186874110485902,89815.0000,58537.0000,53.4329,84.6072
100-200,pr144,144,baseline,10009186874110485903,93320.0000,58537.0000,59.4205,85.2552
100-200,pr144,144,baseline,10009186874110485904,92371.0000,58537.0000,57.7993,85.3395
100-200,pr144,144,baseline,10009186874110485905,93319.0000,58537.0000,59.4188,84.5548
100-200,pr144,144,baseline,10009186874110485906,92584.0000,58537.0000,58.1632,83.0747
100-200,pr152,152,baseline,879276433416960827,133539.0000,73682.0000,81.2369,90.1158
100-200,pr152,152,baseline,879276433416960828,140861.0000,73682.0000,91.1742,87.8559
100-200,pr152,152,baseline,879276433416960829,130713.0000,73682.0000,77.4015,86.2079
100-200,pr152,152,baseline,879276433416960830,133724.0000,73682.0000,81.4880,85.9641
100-200,pr152,152,baseline,879276433416960831,135503.0000,73682.0000,83.9024,85.4481
100-200,rat195,195,baseline,9217410443021231135,3836.0000,2323.0000,65.1313,108.5566
100-200,rat195,195,baseline,9217410443021231136,3811.0000,2323.0000,64.0551,109.9543
100-200,rat195,195,baseline,9217410443021231137,3780.0000,2323.0000,62.7206,110.2708
100-200,rat195,195,baseline,9217410443021231138,3735.0000,2323.0000,60.7835,111.8475
100-200,rat195,195,baseline,9217410443021231139,3941.0000,2323.0000,69.6513,109.1509
100-200,rd100,100,baseline,422880625982852550,12682.0000,7910.0000,60.3287,66.6594
100-200,rd100,100,baseline,422880625982852551,11831.0000,7910.0000,49.5702,64.4276
100-200,rd100,100,baseline,422880625982852552,11820.0000,7910.0000,49.4311,64.2203
100-200,rd100,100,baseline,422880625982852553,11719.0000,7910.0000,48.1542,63.9278
100-200,rd100,100,baseline,422880625982852554,12262.0000,7910.0000,55.0190,62.3800
100-200,si175,175,baseline,10952347460868980560,23816.0000,21407.0000,11.2533,99.5290
100-200,si175,175,baseline,10952347460868980561,24114.0000,21407.0000,12.6454,98.8766
100-200,si175,175,baseline,10952347460868980562,23641.0000,21407.0000,10.4358,99.2221
100-200,si175,175,baseline,10952347460868980563,23713.0000,21407.0000,10.7722,101.1723
100-200,si175,175,baseline,10952347460868980564,24496.0000,21407.0000,14.4299,103.7102
100-200,u159,159,baseline,6676295936045701691,43221.0000,42080.0000,2.7115,92.9558
100-200,u159,159,baseline,6676295936045701692,43099.0000,42080.0000,2.4216,90.8931
100-200,u159,159,baseline,6676295936045701693,43092.0000,42080.0000,2.4049,94.7290
100-200,u159,159,baseline,6676295936045701694,43099.0000,42080.0000,2.4216,92.2874
100-200,u159,159,baseline,6676295936045701695,43135.0000,42080.0000,2.5071,90.9205
100-200,bier127,127,mut_0.20,8661703881437632055,166944.0000,118282.0000,41.1407,80.0188
100-200,bier127,127,mut_0.20,8661703881437632056,171393.0000,118282.0000,44.9020,78.7020
100-200,bier127,127,mut_0.20,8661703881437632057,160785.0000,118282.0000,35.9336,77.2695
100-200,bier127,127,mut_0.20,8661703881437632058,159841.0000,118282.0000,35.1355,77.1633
100-200,bier127,127,mut_0.20,8661703881437632059,169314.0000,118282.0000,43.1443,79.0336
100-200,brg180,180,mut_0.20,13947883675868629043,13100.0000,1950.0000,571.7949,102.3911
100-200,brg180,180,mut_0.20,13947883675868629044,2490.0000,1950.0000,27.6923,105.0647
100-200,brg180,180,mut_0.20,13947883675868629045,6160.0000,1950.0000,215.8974,103.0220
100-200,brg180,180,mut_0.20,13947883675868629046,9750.0000,1950.0000,400.0000,103.9093
100-200,brg180,180,mut_0.20,13947883675868629047,6340.0000,1950.0000,225.1282,104.8069
100-200,ch130,130,mut_0.20,8770435551612717770,10748.0000,6110.0000,75.9083,83.8121
100-200,ch130,130,mut_0.20,8770435551612717771,10472.0000,6110.0000,71.3912,83.3020
100-200,ch130,130,mut_0.20,8770435551612717772,10371.0000,6110.0000,69.7381,82.2947
100-200,ch130,130,mut_0.20,8770435551612717773,10299.0000,6110.0000,68.5597,83.1436
100-200,ch130,130,mut_0.20,8770435551612717774,12031.0000,6110.0000,96.9067,83.6299
100-200,ch150,150,mut_0.20,15967159565612839640,12908.0000,6528.0000,97.7328,93.3411
100-200,ch150,150,mut_0.20,15967159565612839641,12538.0000,6528.0000,92.0650,94.2729
100-200,ch150,150,mut_0.20,15967159565612839642,11845.0000,6528.0000,81.4491,90.9364
100-200,ch150,150,mut_0.20,15967159565612839643,11884.0000,6528.0000,82.0466,90.8713
100-200,ch150,150,mut_0.20,15967159565612839644,13102.0000,6528.0000,100.7047,91.8434
100-200,d198,198,mut_0.20,7134934133591463037,21558.0000,15780.0000,36.6160,112.3008
100-200,d198,198,mut_0.20,7134934133591463038,21213.0000,15780.0000,34.4297,113.7871
100-200,d198,198,mut_0.20,7134934133591463039,20785.0000,15780.0000,31.7174,113.8390
100-200,d198,198,mut_0.20,7134934133591463040,20906.0000,15780.0000,32.4842,111.1392
100-200,d198,198,mut_0.20,7134934133591463041,21271.0000,15780.0000,34.7972,110.9868
100-200,eil101,101,mut_0.20,2893064074185470179,850.0000,629.0000,35.1351,64.0693
100-200,eil101,101,mut_0.20,2893064074185470180,816.0000,629.0000,29.7297,65.3682
100-200,eil101,101,mut_0.20,2893064074185470181,894.0000,629.0000,42.1304,64.8453
100-200,eil101,101,mut_0.20,2893064074185470182,883.0000,629.0000,40.3816,67.9992
100-200,eil101,101,mut_0.20,2893064074185470183,864.0000,629.0000,37.3609,68.2785
100-200,gr120,120,mut_0.20,12021111168807960621,11177.0000,6942.0000,61.0055,78.6904
100-200,gr120,120,mut_0.20,12021111168807960622,11693.0000,6942.0000,68.4385,77.1334
100-200,gr120,120,mut_0.20,12021111168807960623,10467.0000,6942.0000,50.7779,75.4031
100-200,gr120,120,mut_0.20,12021111168807960624,10623.0000,6942.0000,53.0251,74.6889
100-200,gr120,120,mut_0.20,12021111168807960625,10220.0000,6942.0000,47.2198,74.6406
100-200,gr137,137,mut_0.20,4828194521606917743,89589.0000,69853.0000,28.2536,78.2002
100-200,gr137,137,mut_0.20,4828194521606917744,91766.0000,69853.0000,31.3702,78.5237
100-200,gr137,137,mut_0.20,4828194521606917745,88502.0000,69853.0000,26.6975,79.3470
100-200,gr137,137,mut_0.20,4828194521606917746,88297.0000,69853.0000,26.4040,78.7255
100-200,gr137,137,mut_0.20,4828194521606917747,90255.0000,69853.0000,29.2070,78.5596
100-200,kroA100,100,mut_0.20,7394712329831972477,31154.0000,21282.0000,46.3866,63.8616
100-200,kroA100,100,mut_0.20,7394712329831972478,34353.0000,21282.0000,61.4181,63.5466
100-200,kroA100,100,mut_0.20,7394712329831972479,29635.0000,21282.0000,39.2491,63.4485
100-200,kroA100,100,mut_0.20,7394712329831972480,32994.0000,21282.0000,55.0324,63.6267
100-200,kroA100,100,mut_0.20,7394712329831972481,31980.0000,21282.0000,50.2678,64.3909
100-200,kroA150,150,mut_0.20,6939778291122725536,51597.0000,26524.0000,94.5295,90.9473
100-200,kroA150,150,mut_0.20,6939778291122725537,50366.0000,26524.0000,89.8884,93.0869
100-200,kroA150,150,mut_0.20,6939778291122725538,48544.0000,26524.0000,83.0192,88.9757
100-200,kroA150,150,mut_0.20,6939778291122725539,51636.0000,26524.0000,94.6765,90.7576
100-200,kroA150,150,mut_0.20,6939778291122725540,52650.0000,26524.0000,98.4995,90.6699
100-200,kroB100,100,mut_0.20,17632699752008419260,33274.0000,22141.0000,50.2823,64.3090
100-200,kroB100,100,mut_0.20,17632699752008419261,31593.0000,22141.0000,42.6900,64.6261
100-200,kroB100,100,mut_0.20,17632699752008419262,30563.0000,22141.0000,38.0380,64.5837
100-200,kroB100,100,mut_0.20,17632699752008419263,35271.0000,22141.0000,59.3017,74.7965
100-200,kroB100,100,mut_0.20,17632699752008419264,34445.0000,22141.0000,55.5711,63.0643
100-200,kroB150,150,mut_0.20,17177765713299172319,54743.0000,26130.0000,109.5025,90.4915
100-200,kroB150,150,mut_0.20,17177765713299172320,51355.0000,26130.0000,96.5365,89.9693
100-200,kroB150,150,mut_0.20,17177765713299172321,52170.0000,26130.0000,99.6556,89.4122
100-200,kroB150,150,mut_0.20,17177765713299172322,48923.0000,26130.0000,87.2292,90.5656
100-200,kroB150,150,mut_0.20,17177765713299172323,52325.0000,26130.0000,100.2488,92.3715
100-200,kroC100,100,mut_0.20,9423943100475314427,33120.0000,20749.0000,59.6222,64.6915
100-200,kroC100,100,mut_0.20,9423943100475314428,29980.0000,20749.0000,44.4889,64.4132
100-200,kroC100,100,mut_0.20,9423943100475314429,30975.0000,20749.0000,49.2843,63.5388
100-200,kroC100,100,mut_0.20,9423943100475314430,33754.0000,20749.0000,62.6777,62.8405
100-200,kroC100,100,mut_0.20,9423943100475314431,34451.0000,20749.0000,66.0369,63.5949
100-200,kroD100,100,mut_0.20,1215186448942209594,32759.0000,21294.0000,53.8415,63.3826
100-200,kroD100,100,mut_0.20,1215186448942209595,32086.0000,21294.0000,50.6809,63.9977
100-200,kroD100,100,mut_0.20,1215186448942209596,28609.0000,21294.0000,34.3524,64.6537
100-200,kroD100,100,mut_0.20,1215186448942209597,29177.0000,21294.0000,37.0198,62.9603
100-200,kroD100,100,mut_0.20,1215186448942209598,32258.0000,21294.0000,51.4887,64.2655
100-200,kroE100,100,mut_0.20,11453173871118656377,34677.0000,22068.0000,57.1370,64.3800
100-200,kroE100,100,mut_0.20,11453173871118656378,36288.0000,22068.0000,64.4372,63.7949
100-200,kroE100,100,mut_0.20,11453173871118656379,30726.0000,22068.0000,39.2333,64.4117
100-200,kroE100,100,mut_0.20,11453173871118656380,32265.0000,22068.0000,46.2072,64.7861
100-200,kroE100,100,mut_0.20,11453173871118656381,35018.0000,22068.0000,58.6823,64.1953
100-200,lin105,105,mut_0.20,7773021167013343638,20223.0000,14379.0000,40.6426,64.3057
100-200,lin105,105,mut_0.20,7773021167013343639,22836.0000,14379.0000,58.8149,64.8371
100-200,lin105,105,mut_0.20,7773021167013343640,20401.0000,14379.0000,41.8805,64.1229
100-200,lin105,105,mut_0.20,7773021167013343641,19323.0000,14379.0000,34.3835,64.2291
100-200,lin105,105,mut_0.20,7773021167013343642,21783.0000,14379.0000,51.4918,63.5241
100-200,pr107,107,mut_0.20,449655040590735231,52906.0000,44303.0000,19.4185,64.4266
100-200,pr107,107,mut_0.20,449655040590735232,53883.0000,44303.0000,21.6238,65.2380
100-200,pr107,107,mut_0.20,449655040590735233,53920.0000,44303.0000,21.7073,64.4850
100-200,pr107,107,mut_0.20,449655040590735234,53433.0000,44303.0000,20.6081,63.5621
100-200,pr107,107,mut_0.20,449655040590735235,52896.0000,44303.0000,19.3960,63.6804
100-200,pr124,124,mut_0.20,7000714456760029702,96844.0000,59030.0000,64.0590,72.1487
100-200,pr124,124,mut_0.20,7000714456760029703,93418.0000,59030.0000,58.2551,71.9774
100-200,pr124,124,mut_0.20,7000714456760029704,96717.0000,59030.0000,63.8438,71.0743
100-200,pr124,124,mut_0.20,7000714456760029705,96119.0000,59030.0000,62.8308,72.3380
100-200,pr124,124,mut_0.20,7000714456760029706,87906.0000,59030.0000,48.9175,71.7371
100-200,pr136,136,mut_0.20,4880604837744125031,158260.0000,96772.0000,63.5390,78.3448
100-200,pr136,136,mut_0.20,4880604837744125032,157577.0000,96772.0000,62.8333,79.6248
100-200,pr136,136,mut_0.20,4880604837744125033,159633.0000,96772.0000,64.9578,81.8654
100-200,pr136,136,mut_0.20,4880604837744125034,155642.0000,96772.0000,60.8337,79.0239
100-200,pr136,136,mut_0.20,4880604837744125035,155215.0000,96772.0000,60.3925,79.9567
100-200,pr144,144,mut_0.20,14197438470760151572,92795.0000,58537.0000,58.5237,82.2580
100-200,pr144,144,mut_0.20,14197438470760151573,92883.0000,58537.0000,58.6740,82.5820
100-200,pr144,144,mut_0.20,14197438470760151574,93031.0000,58537.0000,58.9268,82.1108
100-200,pr144,144,mut_0.20,14197438470760151575,89763.0000,58537.0000,53.3440,82.1202
100-200,pr144,144,mut_0.20,14197438470760151576,92607.0000,58537.0000,58.2025,82.9149
100-200,pr152,152,mut_0.20,5067528030066626497,134841.0000,73682.0000,83.0040,85.6595
100-200,pr152,152,mut_0.20,5067528030066626498,138543.0000,73682.0000,88.0283,86.2686
100-200,pr152,152,mut_0.20,5067528030066626499,128613.0000,73682.0000,74.5515,86.0826
100-200,pr152,152,mut_0.20,5067528030066626500,149621.0000,73682.0000,103.0632,85.8768
100-200,pr152,152,mut_0.20,5067528030066626501,131820.0000,73682.0000,78.9039,86.2231
100-200,rat195,195,mut_0.20,4476047392840885425,3785.0000,2323.0000,62.9359,108.4690
100-200,rat195,195,mut_0.20,4476047392840885426,3811.0000,2323.0000,64.0551,107.7753
100-200,rat195,195,mut_0.20,4476047392840885427,3651.0000,2323.0000,57.1675,107.3698
100-200,rat195,195,mut_0.20,4476047392840885428,3681.0000,2323.0000,58.4589,108.1964
100-200,rat195,195,mut_0.20,4476047392840885429,3567.0000,2323.0000,53.5514,107.6623
100-200,rd100,100,mut_0.20,4611132222632518220,11637.0000,7910.0000,47.1176,63.8003
100-200,rd100,100,mut_0.20,4611132222632518221,11378.0000,7910.0000,43.8432,64.9811
100-200,rd100,100,mut_0.20,4611132222632518222,11303.0000,7910.0000,42.8951,64.3933
100-200,rd100,100,mut_0.20,4611132222632518223,12146.0000,7910.0000,53.5525,63.3765
100-200,rd100,100,mut_0.20,4611132222632518224,11914.0000,7910.0000,50.6195,63.4521
100-200,si175,175,mut_0.20,15140599057518646230,23131.0000,21407.0000,8.0534,98.8694
100-200,si175,175,mut_0.20,15140599057518646231,23439.0000,21407.0000,9.4922,101.5961
100-200,si175,175,mut_0.20,15140599057518646232,23347.0000,21407.0000,9.0625,98.1749
100-200,si175,175,mut_0.20,15140599057518646233,23153.0000,21407.0000,8.1562,98.1329
100-200,si175,175,mut_0.20,15140599057518646234,23185.0000,21407.0000,8.3057,97.3697
100-200,u159,159,mut_0.20,7130711843051643069,43056.0000,42080.0000,2.3194,89.1547
100-200,u159,159,mut_0.20,7130711843051643070,43092.0000,42080.0000,2.4049,104.3362
100-200,u159,159,mut_0.20,7130711843051643071,43024.0000,42080.0000,2.2433,89.9219
100-200,u159,159,mut_0.20,7130711843051643072,43306.0000,42080.0000,2.9135,90.5899
100-200,u159,159,mut_0.20,7130711843051643073,42981.0000,42080.0000,2.1412,90.8411
100-200,bier127,127,mut_0.30,18358528027379331716,169208.0000,118282.0000,43.0547,80.6007
100-200,bier127,127,mut_0.30,18358528027379331717,168188.0000,118282.0000,42.1924,79.8110
100-200,bier127,127,mut_0.30,18358528027379331718,174730.0000,118282.0000,47.7232,81.1664
100-200,bier127,127,mut_0.30,18358528027379331719,168432.0000,118282.0000,42.3987,78.9990
100-200,bier127,127,mut_0.30,18358528027379331720,180472.0000,118282.0000,52.5777,79.5579
100-200,brg180,180,mut_0.30,13458645873205296930,2860.0000,1950.0000,46.6667,103.4483
100-200,brg180,180,mut_0.30,13458645873205296931,10130.0000,1950.0000,419.4872,110.8058
100-200,brg180,180,mut_0.30,13458645873205296932,6250.0000,1950.0000,220.5128,108.3064
100-200,brg180,180,mut_0.30,13458645873205296933,6070.0000,1950.0000,211.2821,106.6567
100-200,brg180,180,mut_0.30,13458645873205296934,9760.0000,1950.0000,400.5128,106.6833
100-200,ch130,130,mut_0.30,7358552509324482287,11243.0000,6110.0000,84.0098,85.3994
100-200,ch130,130,mut_0.30,7358552509324482288,10704.0000,6110.0000,75.1882,87.1831
100-200,ch130,130,mut_0.30,7358552509324482289,10524.0000,6110.0000,72.2422,86.7475
100-200,ch130,130,mut_0.30,7358552509324482290,10710.0000,6110.0000,75.2864,84.5860
100-200,ch130,130,mut_0.30,7358552509324482291,11001.0000,6110.0000,80.0491,80.9314
100-200,ch150,150,mut_0.30,14555276523324604157,14115.0000,6528.0000,116.2224,96.5551
100-200,ch150,150,mut_0.30,14555276523324604158,13599.0000,6528.0000,108.3180,90.1319
100-200,ch150,150,mut_0.30,14555276523324604159,13789.0000,6528.0000,111.2286,90.7041
100-200,ch150,150,mut_0.30,14555276523324604160,14334.0000,6528.0000,119.5772,91.5847
100-200,ch150,150,mut_0.30,14555276523324604161,12821.0000,6528.0000,96.4001,90.8244
100-200,d198,198,mut_0.30,14446528093825115316,21014.0000,15780.0000,33.1686,110.0485
100-200,d198,198,mut_0.30,14446528093825115317,20858.0000,15780.0000,32.1800,111.2159
100-200,d198,198,mut_0.30,14446528093825115318,21625.0000,15780.0000,37.0406,109.4827
100-200,d198,198,mut_0.30,14446528093825115319,21110.0000,15780.0000,33.7769,109.5634
100-200,d198,198,mut_0.30,14446528093825115320,20474.0000,15780.0000,29.7465,109.0404
100-200,eil101,101,mut_0.30,2403826271522138066,887.0000,629.0000,41.0175,66.7409
100-200,eil101,101,mut_0.30,2403826271522138067,811.0000,629.0000,28.9348,65.1152
100-200,eil101,101,mut_0.30,2403826271522138068,820.0000,629.0000,30.3657,65.3150
100-200,eil101,101,mut_0.30,2403826271522138069,894.0000,629.0000,42.1304,65.3315
100-200,eil101,101,mut_0.30,2403826271522138070,827.0000,629.0000,31.4785,66.8496
100-200,gr120,120,mut_0.30,10609228126519725138,10614.0000,6942.0000,52.8954,76.5198
100-200,gr120,120,mut_0.30,10609228126519725139,12113.0000,6942.0000,74.4886,76.7026
100-200,gr120,120,mut_0.30,10609228126519725140,11922.0000,6942.0000,71.7373,77.1022
100-200,gr120,120,mut_0.30,10609228126519725141,11191.0000,6942.0000,61.2071,76.6968
100-200,gr120,120,mut_0.30,10609228126519725142,10934.0000,6942.0000,57.5050,77.0848
100-200,gr137,137,mut_0.30,3416311479318682260,89721.0000,69853.0000,28.4426,79.0929
100-200,gr137,137,mut_0.30,3416311479318682261,88629.0000,69853.0000,26.8793,79.5139
100-200,gr137,137,mut_0.30,3416311479318682262,86007.0000,69853.0000,23.1257,78.5767
100-200,gr137,137,mut_0.30,3416311479318682263,89229.0000,69853.0000,27.7383,78.6710
100-200,gr137,137,mut_0.30,3416311479318682264,91879.0000,69853.0000,31.5319,78.0859
100-200,kroA100,100,mut_0.30,17091536475773672138,31909.0000,21282.0000,49.9342,64.2364
100-200,kroA100,100,mut_0.30,17091536475773672139,31485.0000,21282.0000,47.9419,66.1425
100-200,kroA100,100,mut_0.30,17091536475773672140,34320.0000,21282.0000,61.2630,65.7845
100-200,kroA100,100,mut_0.30,17091536475773672141,32190.0000,21282.0000,51.2546,64.8485
100-200,kroA100,100,mut_0.30,17091536475773672142,35998.0000,21282.0000,69.1476,65.3291
100-200,kroA150,150,mut_0.30,16636602437064425197,60174.0000,26524.0000,126.8662,92.3329
100-200,kroA150,150,mut_0.30,16636602437064425198,58582.0000,26524.0000,120.8641,93.1098
100-200,kroA150,150,mut_0.30,16636602437064425199,58190.0000,26524.0000,119.3862,92.1103
100-200,kroA150,150,mut_0.30,16636602437064425200,55623.0000,26524.0000,109.7082,92.2868
100-200,kroA150,150,mut_0.30,16636602437064425201,60313.0000,26524.0000,127.3903,93.1296
100-200,kroB100,100,mut_0.30,8882779824240567305,33281.0000,22141.0000,50.3139,65.8875
100-200,kroB100,100,mut_0.30,8882779824240567306,30962.0000,22141.0000,39.8401,66.1587
100-200,kroB100,100,mut_0.30,8882779824240567307,32660.0000,22141.0000,47.5091,66.0633
100-200,kroB100,100,mut_0.30,8882779824240567308,32411.0000,22141.0000,46.3845,65.3401
100-200,kroB100,100,mut_0.30,8882779824240567309,34446.0000,22141.0000,55.5756,65.5556
100-200,kroB150,150,mut_0.30,8427845785531320364,60342.0000,26130.0000,130.9300,92.7041
100-200,kroB150,150,mut_0.30,8427845785531320365,55920.0000,26130.0000,114.0069,92.2828
100-200,kroB150,150,mut_0.30,8427845785531320366,54862.0000,26130.0000,109.9579,90.7804
100-200,kroB150,150,mut_0.30,8427845785531320367,60823.0000,26130.0000,132.7708,91.3203
100-200,kroB150,150,mut_0.30,8427845785531320368,56977.0000,26130.0000,118.0520,92.9103
100-200,kroC100,100,mut_0.30,674023172707462472,32934.0000,20749.0000,58.7257,65.7547
100-200,kroC100,100,mut_0.30,674023172707462473,31449.0000,20749.0000,51.5688,66.3120
100-200,kroC100,100,mut_0.30,674023172707462474,33162.0000,20749.0000,59.8246,64.6366
100-200,kroC100,100,mut_0.30,674023172707462475,30072.0000,20749.0000,44.9323,66.0905
100-200,kroC100,100,mut_0.30,674023172707462476,31448.0000,20749.0000,51.5639,71.7067
100-200,kroD100,100,mut_0.30,10912010594883909255,32157.0000,21294.0000,51.0144,67.4681
100-200,kroD100,100,mut_0.30,10912010594883909256,30998.0000,21294.0000,45.5715,65.4429
100-200,kroD100,100,mut_0.30,10912010594883909257,31283.0000,21294.0000,46.9099,65.7417
100-200,kroD100,100,mut_0.30,10912010594883909258,27854.0000,21294.0000,30.8068,66.3052
100-200,kroD100,100,mut_0.30,10912010594883909259,30286.0000,21294.0000,42.2279,64.9958
100-200,kroE100,100,mut_0.30,2703253943350804422,32879.0000,22068.0000,48.9895,65.7200
100-200,kroE100,100,mut_0.30,2703253943350804423,34557.0000,22068.0000,56.5933,66.8062
100-200,kroE100,100,mut_0.30,2703253943350804424,33333.0000,22068.0000,51.0468,66.3941
100-200,kroE100,100,mut_0.30,2703253943350804425,36433.0000,22068.0000,65.0943,65.5977
100-200,kroE100,100,mut_0.30,2703253943350804426,31872.0000,22068.0000,44.4263,63.2747
100-200,lin105,105,mut_0.30,7283783364350011525,22633.0000,14379.0000,57.4032,63.0684
100-200,lin105,105,mut_0.30,7283783364350011526,21385.0000,14379.0000,48.7238,66.5519
100-200,lin105,105,mut_0.30,7283783364350011527,21394.0000,14379.0000,48.7864,63.8915
100-200,lin105,105,mut_0.30,7283783364350011528,21981.0000,14379.0000,52.8688,62.7822
100-200,lin105,105,mut_0.30,7283783364350011529,21046.0000,14379.0000,46.3662,64.2256
100-200,pr107,107,mut_0.30,17484516072012051364,53331.0000,44303.0000,20.3779,66.1082
100-200,pr107,107,mut_0.30,17484516072012051365,53208.0000,44303.0000,20.1002,66.3387
100-200,pr107,107,mut_0.30,17484516072012051366,52497.0000,44303.0000,18.4954,64.4616
100-200,pr107,107,mut_0.30,17484516072012051367,52807.0000,44303.0000,19.1951,63.7140
100-200,pr107,107,mut_0.30,17484516072012051368,53144.0000,44303.0000,19.9558,64.9244
100-200,pr124,124,mut_0.30,5588831414471794219,88492.0000,59030.0000,49.9102,72.3718
100-200,pr124,124,mut_0.30,5588831414471794220,96233.0000,59030.0000,63.0239,72.4991
100-200,pr124,124,mut_0.30,5588831414471794221,95923.0000,59030.0000,62.4987,73.3753
100-200,pr124,124,mut_0.30,5588831414471794222,96485.0000,59030.0000,63.4508,72.8594
100-200,pr124,124,mut_0.30,5588831414471794223,89981.0000,59030.0000,52.4327,72.9043
100-200,pr136,136,mut_0.30,3468721795455889548,147613.0000,96772.0000,52.5369,81.6788
100-200,pr136,136,mut_0.30,3468721795455889549,156316.0000,96772.0000,61.5302,84.8687
100-200,pr136,136,mut_0.30,3468721795455889550,150028.0000,96772.0000,55.0324,80.1405
100-200,pr136,136,mut_0.30,3468721795455889551,142390.0000,96772.0000,47.1397,80.8766
100-200,pr136,136,mut_0.30,3468721795455889552,176071.0000,96772.0000,81.9442,84.1234
100-200,pr144,144,mut_0.30,12785555428471916089,90249.0000,58537.0000,54.1743,82.9719
100-200,pr144,144,mut_0.30,12785555428471916090,92580.0000,58537.0000,58.1564,82.7161
100-200,pr144,144,mut_0.30,12785555428471916091,93021.0000,58537.0000,58.9097,83.7121
100-200,pr144,144,mut_0.30,12785555428471916092,92580.0000,58537.0000,58.1564,81.8837
100-200,pr144,144,mut_0.30,12785555428471916093,92417.0000,58537.0000,57.8779,82.7306
100-200,pr152,152,mut_0.30,3655644987778391014,132553.0000,73682.0000,79.8988,88.0615
100-200,pr152,152,mut_0.30,3655644987778391015,135969.0000,73682.0000,84.5349,87.2572
100-200,pr152,152,mut_0.30,3655644987778391016,139095.0000,73682.0000,88.7774,87.2258
100-200,pr152,152,mut_0.30,3655644987778391017,127082.0000,73682.0000,72.4736,88.1909
100-200,pr152,152,mut_0.30,3655644987778391018,137364.0000,73682.0000,86.4282,87.4731
100-200,rat195,195,mut_0.30,3986809590177553312,3649.0000,2323.0000,57.0814,109.5689
100-200,rat195,195,mut_0.30,3986809590177553313,3770.0000,2323.0000,62.2901,110.4408
100-200,rat195,195,mut_0.30,3986809590177553314,3807.0000,2323.0000,63.8829,107.2004
100-200,rat195,195,mut_0.30,3986809590177553315,3854.0000,2323.0000,65.9062,107.5141
100-200,rat195,195,mut_0.30,3986809590177553316,3604.0000,2323.0000,55.1442,107.7778
100-200,rd100,100,mut_0.30,3199249180344282737,12354.0000,7910.0000,56.1820,65.3761
100-200,rd100,100,mut_0.30,3199249180344282738,11554.0000,7910.0000,46.0683,65.2803
100-200,rd100,100,mut_0.30,3199249180344282739,12628.0000,7910.0000,59.6460,65.8239
100-200,rd100,100,mut_0.30,3199249180344282740,11861.0000,7910.0000,49.9494,64.2879
100-200,rd100,100,mut_0.30,3199249180344282741,11736.0000,7910.0000,48.3692,66.4910
100-200,si175,175,mut_0.30,13728716015230410747,23471.0000,21407.0000,9.6417,100.6153
100-200,si175,175,mut_0.30,13728716015230410748,23464.0000,21407.0000,9.6090,98.7902
100-200,si175,175,mut_0.30,13728716015230410749,22965.0000,21407.0000,7.2780,99.4500
100-200,si175,175,mut_0.30,13728716015230410750,23351.0000,21407.0000,9.0811,98.8025
100-200,si175,175,mut_0.30,13728716015230410751,23396.0000,21407.0000,9.2914,98.4682
100-200,u159,159,mut_0.30,14442305803285295348,42883.0000,42080.0000,1.9083,89.6403
100-200,u159,159,mut_0.30,14442305803285295349,42981.0000,42080.0000,2.1412,92.1062
100-200,u159,159,mut_0.30,14442305803285295350,43092.0000,42080.0000,2.4049,89.9681
100-200,u159,159,mut_0.30,14442305803285295351,42981.0000,42080.0000,2.1412,90.0769
100-200,u159,159,mut_0.30,14442305803285295352,43056.0000,42080.0000,2.3194,90.1199
100-200,bier127,127,mut_0.40,9608608099611479761,217238.0000,118282.0000,83.6611,95.3561
100-200,bier127,127,mut_0.40,9608608099611479762,202105.0000,118282.0000,70.8671,82.0879
100-200,bier127,127,mut_0.40,9608608099611479763,202045.0000,118282.0000,70.8164,81.3368
100-200,bier127,127,mut_0.40,9608608099611479764,185558.0000,118282.0000,56.8776,79.3179
100-200,bier127,127,mut_0.40,9608608099611479765,199423.0000,118282.0000,68.5996,80.7702
100-200,brg180,180,mut_0.40,12969408070541964817,24170.0000,1950.0000,1139.4872,107.6097
100-200,brg180,180,mut_0.40,12969408070541964818,13250.0000,1950.0000,579.4872,107.1867
100-200,brg180,180,mut_0.40,12969408070541964819,27390.0000,1950.0000,1304.6154,106.2471
100-200,brg180,180,mut_0.40,12969408070541964820,20050.0000,1950.0000,928.2051,106.2473
100-200,brg180,180,mut_0.40,12969408070541964821,20450.0000,1950.0000,948.7179,108.4952
100-200,ch130,130,mut_0.40,5946669467036246804,12304.0000,6110.0000,101.3748,83.0938
100-200,ch130,130,mut_0.40,5946669467036246805,13505.0000,6110.0000,121.0311,83.8657
100-200,ch130,130,mut_0.40,5946669467036246806,12172.0000,6110.0000,99.2144,83.6969
100-200,ch130,130,mut_0.40,5946669467036246807,13611.0000,6110.0000,122.7660,91.6581
100-200,ch130,130,mut_0.40,5946669467036246808,12764.0000,6110.0000,108.9034,86.0560
100-200,ch150,150,mut_0.40,13143393481036368674,16779.0000,6528.0000,157.0312,92.2552
100-200,ch150,150,mut_0.40,13143393481036368675,16087.0000,6528.0000,146.4308,93.2650
100-200,ch150,150,mut_0.40,13143393481036368676,18015.0000,6528.0000,175.9651,92.3881
100-200,ch150,150,mut_0.40,13143393481036368677,14912.0000,6528.0000,128.4314,96.3052
100-200,ch150,150,mut_0.40,13143393481036368678,13955.0000,6528.0000,113.7714,93.3136
100-200,d198,198,mut_0.40,3311377980349215979,20448.0000,15780.0000,29.5817,111.6789
100-200,d198,198,mut_0.40,3311377980349215980,20263.0000,15780.0000,28.4094,113.7995
100-200,d198,198,mut_0.40,3311377980349215981,20155.0000,15780.0000,27.7250,111.7218
100-200,d198,198,mut_0.40,3311377980349215982,20858.0000,15780.0000,32.1800,110.9840
100-200,d198,198,mut_0.40,3311377980349215983,20634.0000,15780.0000,30.7605,112.0841
100-200,eil101,101,mut_0.40,1914588468858805953,996.0000,629.0000,58.3466,67.3901
100-200,eil101,101,mut_0.40,1914588468858805954,957.0000,629.0000,52.1463,69.8671
100-200,eil101,101,mut_0.40,1914588468858805955,953.0000,629.0000,51.5103,67.1103
100-200,eil101,101,mut_0.40,1914588468858805956,924.0000,629.0000,46.8998,67.3288
100-200,eil101,101,mut_0.40,1914588468858805957,981.0000,629.0000,55.9618,65.6582
100-200,gr120,120,mut_0.40,9197345084231489655,12256.0000,6942.0000,76.5485,77.0271
100-200,gr120,120,mut_0.40,9197345084231489656,12523.0000,6942.0000,80.3947,79.6242
100-200,gr120,120,mut_0.40,9197345084231489657,11875.0000,6942.0000,71.0602,77.5499
100-200,gr120,120,mut_0.40,9197345084231489658,11435.0000,6942.0000,64.7220,77.6653
100-200,gr120,120,mut_0.40,9197345084231489659,12197.0000,6942.0000,75.6986,76.4145
100-200,gr137,137,mut_0.40,2004428437030446777,85911.0000,69853.0000,22.9883,87.0826
100-200,gr137,137,mut_0.40,2004428437030446778,88686.0000,69853.0000,26.9609,81.0418
100-200,gr137,137,mut_0.40,2004428437030446779,85713.0000,69853.0000,22.7048,84.6520
100-200,gr137,137,mut_0.40,2004428437030446780,87472.0000,69853.0000,25.2230,79.0710
100-200,gr137,137,mut_0.40,2004428437030446781,87754.0000,69853.0000,25.6267,80.8482
100-200,kroA100,100,mut_0.40,8341616548005820183,38541.0000,21282.0000,81.0967,66.7736
100-200,kroA100,100,mut_0.40,8341616548005820184,42426.0000,21282.0000,99.3516,67.4835
100-200,kroA100,100,mut_0.40,8341616548005820185,34143.0000,21282.0000,60.4314,66.7186
100-200,kroA100,100,mut_0.40,8341616548005820186,38399.0000,21282.0000,80.4295,67.7498
100-200,kroA100,100,mut_0.40,8341616548005820187,36656.0000,21282.0000,72.2395,66.9256
100-200,kroA150,150,mut_0.40,7886682509296573242,65149.0000,26524.0000,145.6228,93.4099
100-200,kroA150,150,mut_0.40,7886682509296573243,76152.0000,26524.0000,187.1060,93.8157
100-200,kroA150,150,mut_0.40,7886682509296573244,68160.0000,26524.0000,156.9748,94.3276
100-200,kroA150,150,mut_0.40,7886682509296573245,65094.0000,26524.0000,145.4155,93.0784
100-200,kroA150,150,mut_0.40,7886682509296573246,65814.0000,26524.0000,148.1300,92.7787
100-200,kroB100,100,mut_0.40,132859896472715350,39878.0000,22141.0000,80.1093,67.1268
100-200,kroB100,100,mut_0.40,132859896472715351,40394.0000,22141.0000,82.4398,67.1276
100-200,kroB100,100,mut_0.40,132859896472715352,37467.0000,22141.0000,69.2200,66.7123
100-200,kroB100,100,mut_0.40,132859896472715353,39554.0000,22141.0000,78.6460,67.1421
100-200,kroB100,100,mut_0.40,132859896472715354,37151.0000,22141.0000,67.7928,65.4895
100-200,kroB150,150,mut_0.40,18124669931473020025,73398.0000,26130.0000,180.8955,93.1382
100-200,kroB150,150,mut_0.40,18124669931473020026,67091.0000,26130.0000,156.7585,93.2423
100-200,kroB150,150,mut_0.40,18124669931473020027,62300.0000,26130.0000,138.4233,93.1903
100-200,kroB150,150,mut_0.40,18124669931473020028,69525.0000,26130.0000,166.0735,94.1801
100-200,kroB150,150,mut_0.40,18124669931473020029,58916.0000,26130.0000,125.4726,92.1680
100-200,kroC100,100,mut_0.40,10370847318649162133,32235.0000,20749.0000,55.3569,66.5343
100-200,kroC100,100,mut_0.40,10370847318649162134,35950.0000,20749.0000,73.2614,65.1643
100-200,kroC100,100,mut_0.40,10370847318649162135,38551.0000,20749.0000,85.7969,66.1194
100-200,kroC100,100,mut_0.40,10370847318649162136,37212.0000,20749.0000,79.3436,68.0984
100-200,kroC100,100,mut_0.40,10370847318649162137,32982.0000,20749.0000,58.9571,65.4939
100-200,kroD100,100,mut_0.40,2162090667116057300,36492.0000,21294.0000,71.3722,67.1978
100-200,kroD100,100,mut_0.40,2162090667116057301,37315.0000,21294.0000,75.2372,67.2429
100-200,kroD100,100,mut_0.40,2162090667116057302,38864.0000,21294.0000,82.5115,66.0143
100-200,kroD100,100,mut_0.40,2162090667116057303,37885.0000,21294.0000,77.9140,66.7973
100-200,kroD100,100,mut_0.40,2162090667116057304,36550.0000,21294.0000,71.6446,66.5706
100-200,kroE100,100,mut_0.40,12400078089292504083,35804.0000,22068.0000,62.2440,79.2344
100-200,kroE100,100,mut_0.40,12400078089292504084,35261.0000,22068.0000,59.7834,65.7036
100-200,kroE100,100,mut_0.40,12400078089292504085,39730.0000,22068.0000,80.0344,68.7266
100-200,kroE100,100,mut_0.40,12400078089292504086,35186.0000,22068.0000,59.4435,66.0712
100-200,kroE100,100,mut_0.40,12400078089292504087,37147.0000,22068.0000,68.3297,66.7303
100-200,lin105,105,mut_0.40,6794545561686679412,20360.0000,14379.0000,41.5954,67.5944
100-200,lin105,105,mut_0.40,6794545561686679413,21696.0000,14379.0000,50.8867,66.1307
100-200,lin105,105,mut_0.40,6794545561686679414,20502.0000,14379.0000,42.5829,66.1653
100-200,lin105,105,mut_0.40,6794545561686679415,20317.0000,14379.0000,41.2963,68.2507
100-200,lin105,105,mut_0.40,6794545561686679416,18427.0000,14379.0000,28.1522,66.2797
100-200,pr107,107,mut_0.40,16072633029723815881,51233.0000,44303.0000,15.6423,66.2811
100-200,pr107,107,mut_0.40,16072633029723815882,51436.0000,44303.0000,16.1005,69.0651
100-200,pr107,107,mut_0.40,16072633029723815883,52470.0000,44303.0000,18.4344,65.7148
100-200,pr107,107,mut_0.40,16072633029723815884,50931.0000,44303.0000,14.9606,66.2653
100-200,pr107,107,mut_0.40,16072633029723815885,51530.0000,44303.0000,16.3127,65.8688
100-200,pr124,124,mut_0.40,4176948372183558736,85465.0000,59030.0000,44.7823,76.5775
100-200,pr124,124,mut_0.40,4176948372183558737,92256.0000,59030.0000,56.2866,75.2769
100-200,pr124,124,mut_0.40,4176948372183558738,91334.0000,59030.0000,54.7247,73.8854
100-200,pr124,124,mut_0.40,4176948372183558739,91998.0000,59030.0000,55.8496,73.9419
100-200,pr124,124,mut_0.40,4176948372183558740,91061.0000,59030.0000,54.2622,74.6353
100-200,pr136,136,mut_0.40,2056838753167654065,188040.0000,96772.0000,94.3124,83.7827
100-200,pr136,136,mut_0.40,2056838753167654066,174313.0000,96772.0000,80.1275,83.7461
100-200,pr136,136,mut_0.40,2056838753167654067,174593.0000,96772.0000,80.4169,84.4249
100-200,pr136,136,mut_0.40,2056838753167654068,168860.0000,96772.0000,74.4926,83.3765
100-200,pr136,136,mut_0.40,2056838753167654069,166755.0000,96772.0000,72.3174,85.2191
100-200,pr144,144,mut_0.40,11373672386183680606,91800.0000,58537.0000,56.8239,83.8688
100-200,pr144,144,mut_0.40,11373672386183680607,91361.0000,58537.0000,56.0739,83.5449
100-200,pr144,144,mut_0.40,11373672386183680608,92409.0000,58537.0000,57.8643,83.6149
100-200,pr144,144,mut_0.40,11373672386183680609,92889.0000,58537.0000,58.6843,83.8217
100-200,pr144,144,mut_0.40,11373672386183680610,92252.0000,58537.0000,57.5961,84.3258
100-200,pr152,152,mut_0.40,2243761945490155531,133442.0000,73682.0000,81.1053,89.4057
100-200,pr152,152,mut_0.40,2243761945490155532,128841.0000,73682.0000,74.8609,90.3448
100-200,pr152,152,mut_0.40,2243761945490155533,130490.0000,73682.0000,77.0989,90.7456
100-200,pr152,152,mut_0.40,2243761945490155534,136642.0000,73682.0000,85.4483,90.2448
100-200,pr152,152,mut_0.40,2243761945490155535,119983.0000,73682.0000,62.8390,91.0563
100-200,rat195,195,mut_0.40,3497571787514221199,3573.0000,2323.0000,53.8097,110.5442
100-200,rat195,195,mut_0.40,3497571787514221200,3763.0000,2323.0000,61.9888,110.6380
100-200,rat195,195,mut_0.40,3497571787514221201,3878.0000,2323.0000,66.9393,110.2114
100-200,rat195,195,mut_0.40,3497571787514221202,3475.0000,2323.0000,49.5910,109.6589
100-200,rat195,195,mut_0.40,3497571787514221203,3759.0000,2323.0000,61.8166,110.0952
100-200,rd100,100,mut_0.40,1787366138056047254,12242.0000,7910.0000,54.7661,66.8415
100-200,rd100,100,mut_0.40,1787366138056047255,14430.0000,7910.0000,82.4273,68.5677
100-200,rd100,100,mut_0.40,1787366138056047256,13558.0000,7910.0000,71.4033,66.4398
100-200,rd100,100,mut_0.40,1787366138056047257,13121.0000,7910.0000,65.8786,66.2652
100-200,rd100,100,mut_0.40,1787366138056047258,11905.0000,7910.0000,50.5057,66.8050
100-200,si175,175,mut_0.40,12316832972942175264,23286.0000,21407.0000,8.7775,100.4106
100-200,si175,175,mut_0.40,12316832972942175265,23128.0000,21407.0000,8.0394,102.6407
100-200,si175,175,mut_0.40,12316832972942175266,23198.0000,21407.0000,8.3664,101.8637
100-200,si175,175,mut_0.40,12316832972942175267,23763.0000,21407.0000,11.0057,102.0402
100-200,si175,175,mut_0.40,12316832972942175268,23896.0000,21407.0000,11.6270,101.1424
100-200,u159,159,mut_0.40,3307155689809396011,43092.0000,42080.0000,2.4049,90.7954
100-200,u159,159,mut_0.40,3307155689809396012,42972.0000,42080.0000,2.1198,92.2652
100-200,u159,159,mut_0.40,3307155689809396013,42981.0000,42080.0000,2.1412,91.3443
100-200,u159,159,mut_0.40,3307155689809396014,42981.0000,42080.0000,2.1412,92.2580
100-200,u159,159,mut_0.40,3307155689809396015,42981.0000,42080.0000,2.1412,92.0532
100-200,bier127,127,mut_0.60,10555512317785327467,245930.0000,118282.0000,107.9184,87.2308
100-200,bier127,127,mut_0.60,10555512317785327468,225875.0000,118282.0000,90.9631,85.9349
100-200,bier127,127,mut_0.60,10555512317785327469,238218.0000,118282.0000,101.3984,85.1132
100-200,bier127,127,mut_0.60,10555512317785327470,239993.0000,118282.0000,102.8990,82.7089
100-200,bier127,127,mut_0.60,10555512317785327471,246330.0000,118282.0000,108.2565,83.5686
100-200,brg180,180,mut_0.60,11990932465215300591,51620.0000,1950.0000,2547.1795,108.9473
100-200,brg180,180,mut_0.60,11990932465215300592,44470.0000,1950.0000,2180.5128,110.7756
100-200,brg180,180,mut_0.60,11990932465215300593,41170.0000,1950.0000,2011.2821,109.9306
100-200,brg180,180,mut_0.60,11990932465215300594,44700.0000,1950.0000,2192.3077,116.2372
100-200,brg180,180,mut_0.60,11990932465215300595,42750.0000,1950.0000,2092.3077,109.9551
100-200,ch130,130,mut_0.60,3122903382459775838,15766.0000,6110.0000,158.0360,99.4312
100-200,ch130,130,mut_0.60,3122903382459775839,16183.0000,6110.0000,164.8609,86.9429
100-200,ch130,130,mut_0.60,3122903382459775840,15298.0000,6110.0000,150.3764,85.8043
100-200,ch130,130,mut_0.60,3122903382459775841,15897.0000,6110.0000,160.1800,85.9858
100-200,ch130,130,mut_0.60,3122903382459775842,16744.0000,6110.0000,174.0426,84.7833
100-200,ch150,150,mut_0.60,10319627396459897708,20184.0000,6528.0000,209.1912,95.1347
100-200,ch150,150,mut_0.60,10319627396459897709,17825.0000,6528.0000,173.0545,94.8047
100-200,ch150,150,mut_0.60,10319627396459897710,20242.0000,6528.0000,210.0797,96.1962
100-200,ch150,150,mut_0.60,10319627396459897711,20660.0000,6528.0000,216.4828,95.0042
100-200,ch150,150,mut_0.60,10319627396459897712,19797.0000,6528.0000,203.2629,101.5280
100-200,d198,198,mut_0.60,17934565900816520537,22215.0000,15780.0000,40.7795,117.2066
100-200,d198,198,mut_0.60,17934565900816520538,22280.0000,15780.0000,41.1914,118.9113
100-200,d198,198,mut_0.60,17934565900816520539,22340.0000,15780.0000,41.5716,118.5556
100-200,d198,198,mut_0.60,17934565900816520540,22368.0000,15780.0000,41.7490,116.6643
100-200,d198,198,mut_0.60,17934565900816520541,22345.0000,15780.0000,41.6033,117.1967
100-200,eil101,101,mut_0.60,936112863532141727,1256.0000,629.0000,99.6820,69.6851
100-200,eil101,101,mut_0.60,936112863532141728,1152.0000,629.0000,83.1479,71.6161
100-200,eil101,101,mut_0.60,936112863532141729,1214.0000,629.0000,93.0048,69.3454
100-200,eil101,101,mut_0.60,936112863532141730,1166.0000,629.0000,85.3736,69.7023
100-200,eil101,101,mut_0.60,936112863532141731,1299.0000,629.0000,106.5183,70.5241
100-200,gr120,120,mut_0.60,6373578999655018689,15729.0000,6942.0000,126.5774,81.5147
100-200,gr120,120,mut_0.60,6373578999655018690,17410.0000,6942.0000,150.7923,81.6011
100-200,gr120,120,mut_0.60,6373578999655018691,16991.0000,6942.0000,144.7566,80.6420
100-200,gr120,120,mut_0.60,6373578999655018692,15702.0000,6942.0000,126.1884,79.7581
100-200,gr120,120,mut_0.60,6373578999655018693,15460.0000,6942.0000,122.7024,81.6158
100-200,gr137,137,mut_0.60,17627406426163527427,94829.0000,69853.0000,35.7551,85.9908
100-200,gr137,137,mut_0.60,17627406426163527428,95457.0000,69853.0000,36.6541,86.3607
100-200,gr137,137,mut_0.60,17627406426163527429,94351.0000,69853.0000,35.0708,85.7177
100-200,gr137,137,mut_0.60,17627406426163527430,92758.0000,69853.0000,32.7903,85.8106
100-200,gr137,137,mut_0.60,17627406426163527431,95540.0000,69853.0000,36.7729,85.8607
100-200,kroA100,100,mut_0.60,9288520766179667889,50601.0000,21282.0000,137.7643,68.9144
100-200,kroA100,100,mut_0.60,9288520766179667890,50958.0000,21282.0000,139.4418,70.3025
100-200,kroA100,100,mut_0.60,9288520766179667891,55110.0000,21282.0000,158.9512,68.9568
100-200,kroA100,100,mut_0.60,9288520766179667892,49051.0000,21282.0000,130.4812,68.7715
100-200,kroA100,100,mut_0.60,9288520766179667893,53817.0000,21282.0000,152.8757,68.8705
100-200,kroA150,150,mut_0.60,8833586727470420948,79806.0000,26524.0000,200.8822,95.0356
100-200,kroA150,150,mut_0.60,8833586727470420949,83618.0000,26524.0000,215.2541,95.1481
100-200,kroA150,150,mut_0.60,8833586727470420950,90573.0000,26524.0000,241.4756,95.6834
100-200,kroA150,150,mut_0.60,8833586727470420951,87417.0000,26524.0000,229.5770,95.1600
100-200,kroA150,150,mut_0.60,8833586727470420952,83922.0000,26524.0000,216.4002,96.2797
100-200,kroB100,100,mut_0.60,1079764114646563056,48371.0000,22141.0000,118.4680,68.7465
100-200,kroB100,100,mut_0.60,1079764114646563057,50056.0000,22141.0000,126.0783,70.3323
100-200,kroB100,100,mut_0.60,1079764114646563058,47176.0000,22141.0000,113.0708,70.4337
100-200,kroB100,100,mut_0.60,1079764114646563059,48089.0000,22141.0000,117.1943,70.0393
100-200,kroB100,100,mut_0.60,1079764114646563060,51502.0000,22141.0000,132.6092,75.9593
100-200,kroB150,150,mut_0.60,624830075937316115,84989.0000,26130.0000,225.2545,97.0741
100-200,kroB150,150,mut_0.60,624830075937316116,84623.0000,26130.0000,223.8538,97.4834
100-200,kroB150,150,mut_0.60,624830075937316117,84480.0000,26130.0000,223.3065,95.6437
100-200,kroB150,150,mut_0.60,624830075937316118,87708.0000,26130.0000,235.6602,98.1593
100-200,kroB150,150,mut_0.60,624830075937316119,86051.0000,26130.0000,229.3188,97.3523
100-200,kroC100,100,mut_0.60,11317751536823009839,49391.0000,20749.0000,138.0404,70.7763
100-200,kroC100,100,mut_0.60,11317751536823009840,47449.0000,20749.0000,128.6809,70.8937
100-200,kroC100,100,mut_0.60,11317751536823009841,48577.0000,20749.0000,134.1173,70.2718
100-200,kroC100,100,mut_0.60,11317751536823009842,45811.0000,20749.0000,120.7865,69.9672
100-200,kroC100,100,mut_0.60,11317751536823009843,47204.0000,20749.0000,127.5001,69.1793
100-200,kroD100,100,mut_0.60,3108994885289905006,48472.0000,21294.0000,127.6322,69.8846
100-200,kroD100,100,mut_0.60,3108994885289905007,49326.0000,21294.0000,131.6427,70.2171
100-200,kroD100,100,mut_0.60,3108994885289905008,54543.0000,21294.0000,156.1426,71.1756
100-200,kroD100,100,mut_0.60,3108994885289905009,45522.0000,21294.0000,113.7785,69.4914
100-200,kroD100,100,mut_0.60,3108994885289905010,45370.0000,21294.0000,113.0647,69.1963
100-200,kroE100,100,mut_0.60,13346982307466351789,47946.0000,22068.0000,117.2648,69.0191
100-200,kroE100,100,mut_0.60,13346982307466351790,54787.0000,22068.0000,148.2645,69.9277
100-200,kroE100,100,mut_0.60,13346982307466351791,47582.0000,22068.0000,115.6154,69.1700
100-200,kroE100,100,mut_0.60,13346982307466351792,50305.0000,22068.0000,127.9545,69.2815
100-200,kroE100,100,mut_0.60,13346982307466351793,52912.0000,22068.0000,139.7680,70.0177
100-200,lin105,105,mut_0.60,5816069956360015186,25031.0000,14379.0000,74.0803,70.2220
100-200,lin105,105,mut_0.60,5816069956360015187,26102.0000,14379.0000,81.5286,72.1436
100-200,lin105,105,mut_0.60,5816069956360015188,28159.0000,14379.0000,95.8342,70.8427
100-200,lin105,105,mut_0.60,5816069956360015189,27532.0000,14379.0000,91.4737,81.3573
100-200,lin105,105,mut_0.60,5816069956360015190,25366.0000,14379.0000,76.4100,70.6024
100-200,pr107,107,mut_0.60,13248866945147344915,59075.0000,44303.0000,33.3431,72.7547
100-200,pr107,107,mut_0.60,13248866945147344916,59565.0000,44303.0000,34.4491,72.6098
100-200,pr107,107,mut_0.60,13248866945147344917,57796.0000,44303.0000,30.4562,70.8678
100-200,pr107,107,mut_0.60,13248866945147344918,58811.0000,44303.0000,32.7472,71.7508
100-200,pr107,107,mut_0.60,13248866945147344919,58308.0000,44303.0000,31.6119,71.3916
100-200,pr124,124,mut_0.60,1353182287607087770,97680.0000,59030.0000,65.4752,80.2878
100-200,pr124,124,mut_0.60,1353182287607087771,97903.0000,59030.0000,65.8530,79.9087
100-200,pr124,124,mut_0.60,1353182287607087772,97538.0000,59030.0000,65.2346,81.9000
100-200,pr124,124,mut_0.60,1353182287607087773,98568.0000,59030.0000,66.9795,78.7557
100-200,pr124,124,mut_0.60,1353182287607087774,98376.0000,59030.0000,66.6542,79.4816
100-200,pr136,136,mut_0.60,17679816742300734715,228526.0000,96772.0000,136.1489,86.0629
100-200,pr136,136,mut_0.60,17679816742300734716,224614.0000,96772.0000,132.1064,86.6239
100-200,pr136,136,mut_0.60,17679816742300734717,230470.0000,96772.0000,138.1577,86.3759
100-200,pr136,136,mut_0.60,17679816742300734718,223395.0000,96772.0000,130.8467,88.7321
100-200,pr136,136,mut_0.60,17679816742300734719,208486.0000,96772.0000,115.4404,85.9836
100-200,pr144,144,mut_0.60,8549906301607209640,93321.0000,58537.0000,59.4222,89.7042
100-200,pr144,144,mut_0.60,8549906301607209641,92976.0000,58537.0000,58.8329,89.4067
100-200,pr144,144,mut_0.60,8549906301607209642,93231.0000,58537.0000,59.2685,89.6249
100-200,pr144,144,mut_0.60,8549906301607209643,92536.0000,58537.0000,58.0812,89.1883
100-200,pr144,144,mut_0.60,8549906301607209644,92993.0000,58537.0000,58.8619,89.3570
100-200,pr152,152,mut_0.60,17866739934623236181,152659.0000,73682.0000,107.1863,93.8571
100-200,pr152,152,mut_0.60,17866739934623236182,153706.0000,73682.0000,108.6073,93.2854
100-200,pr152,152,mut_0.60,17866739934623236183,149315.0000,73682.0000,102.6479,93.4910
100-200,pr152,152,mut_0.60,17866739934623236184,154857.0000,73682.0000,110.1694,93.1834
100-200,pr152,152,mut_0.60,17866739934623236185,152343.0000,73682.0000,106.7574,94.6859
100-200,rat195,195,mut_0.60,2519096182187556973,3943.0000,2323.0000,69.7374,115.3114
100-200,rat195,195,mut_0.60,2519096182187556974,3896.0000,2323.0000,67.7142,115.8318
100-200,rat195,195,mut_0.60,2519096182187556975,3859.0000,2323.0000,66.1214,115.8209
100-200,rat195,195,mut_0.60,2519096182187556976,3889.0000,2323.0000,67.4128,115.1439
100-200,rat195,195,mut_0.60,2519096182187556977,3874.0000,2323.0000,66.7671,115.2274
100-200,rd100,100,mut_0.60,17410344127189127904,17375.0000,7910.0000,119.6587,68.3084
100-200,rd100,100,mut_0.60,17410344127189127905,17891.0000,7910.0000,126.1820,70.7302
100-200,rd100,100,mut_0.60,17410344127189127906,17705.0000,7910.0000,123.8306,69.5615
100-200,rd100,100,mut_0.60,17410344127189127907,17237.0000,7910.0000,117.9140,70.3451
100-200,rd100,100,mut_0.60,17410344127189127908,17766.0000,7910.0000,124.6018,69.7714
100-200,si175,175,mut_0.60,9493066888365704298,25101.0000,21407.0000,17.2560,106.5962
100-200,si175,175,mut_0.60,9493066888365704299,25057.0000,21407.0000,17.0505,105.3641
100-200,si175,175,mut_0.60,9493066888365704300,25050.0000,21407.0000,17.0178,105.2124
100-200,si175,175,mut_0.60,9493066888365704301,24683.0000,21407.0000,15.3034,104.9061
100-200,si175,175,mut_0.60,9493066888365704302,25019.0000,21407.0000,16.8730,106.4361
100-200,u159,159,mut_0.60,17930343610276700569,43381.0000,42080.0000,3.0917,96.6101
100-200,u159,159,mut_0.60,17930343610276700570,43381.0000,42080.0000,3.0917,98.6692
100-200,u159,159,mut_0.60,17930343610276700571,43195.0000,42080.0000,2.6497,95.6743
100-200,u159,159,mut_0.60,17930343610276700572,43270.0000,42080.0000,2.8279,97.4863
100-200,u159,159,mut_0.60,17930343610276700573,43381.0000,42080.0000,3.0917,96.4420
100-200,bier127,127,mut_0.80,11502416535959175173,259018.0000,118282.0000,118.9834,90.0622
100-200,bier127,127,mut_0.80,11502416535959175174,255767.0000,118282.0000,116.2349,88.3933
100-200,bier127,127,mut_0.80,11502416535959175175,255931.0000,118282.0000,116.3736,85.4583
100-200,bier127,127,mut_0.80,11502416535959175176,242443.0000,118282.0000,104.9703,85.4901
100-200,bier127,127,mut_0.80,11502416535959175177,268662.0000,118282.0000,127.1368,84.4044
100-200,brg180,180,mut_0.80,11012456859888636365,67250.0000,1950.0000,3348.7179,111.8981
100-200,brg180,180,mut_0.80,11012456859888636366,43140.0000,1950.0000,2112.3077,116.2901
100-200,brg180,180,mut_0.80,11012456859888636367,54400.0000,1950.0000,2689.7436,111.0709
100-200,brg180,180,mut_0.80,11012456859888636368,57300.0000,1950.0000,2838.4615,111.0516
100-200,brg180,180,mut_0.80,11012456859888636369,66340.0000,1950.0000,3302.0513,119.5648
100-200,ch130,130,mut_0.80,299137297883304872,20359.0000,6110.0000,233.2079,88.8144
100-200,ch130,130,mut_0.80,299137297883304873,19520.0000,6110.0000,219.4763,89.7190
100-200,ch130,130,mut_0.80,299137297883304874,20137.0000,6110.0000,229.5745,88.7829
100-200,ch130,130,mut_0.80,299137297883304875,20214.0000,6110.0000,230.8347,88.3479
100-200,ch130,130,mut_0.80,299137297883304876,19856.0000,6110.0000,224.9755,86.7570
100-200,ch150,150,mut_0.80,7495861311883426742,21262.0000,6528.0000,225.7047,97.5000
100-200,ch150,150,mut_0.80,7495861311883426743,21839.0000,6528.0000,234.5435,97.2696
100-200,ch150,150,mut_0.80,7495861311883426744,22085.0000,6528.0000,238.3119,96.7834
100-200,ch150,150,mut_0.80,7495861311883426745,22740.0000,6528.0000,248.3456,96.7899
100-200,ch150,150,mut_0.80,7495861311883426746,21487.0000,6528.0000,229.1513,96.8710
100-200,d198,198,mut_0.80,14111009747574273479,22424.0000,15780.0000,42.1039,142.6415
100-200,d198,198,mut_0.80,14111009747574273480,22163.0000,15780.0000,40.4499,120.9399
100-200,d198,198,mut_0.80,14111009747574273481,22288.0000,15780.0000,41.2421,120.2318
100-200,d198,198,mut_0.80,14111009747574273482,22350.0000,15780.0000,41.6350,121.3397
100-200,d198,198,mut_0.80,14111009747574273483,22304.0000,15780.0000,41.3435,121.2269
100-200,eil101,101,mut_0.80,18404381331915029117,1353.0000,629.0000,115.1033,72.6104
100-200,eil101,101,mut_0.80,18404381331915029118,1285.0000,629.0000,104.2925,72.6642
100-200,eil101,101,mut_0.80,18404381331915029119,1442.0000,629.0000,129.2528,71.4827
100-200,eil101,101,mut_0.80,18404381331915029120,1362.0000,629.0000,116.5342,70.7984
100-200,eil101,101,mut_0.80,18404381331915029121,1319.0000,629.0000,109.6979,71.6546
100-200,gr120,120,mut_0.80,3549812915078547723,18222.0000,6942.0000,162.4892,82.2927
100-200,gr120,120,mut_0.80,3549812915078547724,18589.0000,6942.0000,167.7759,83.6454
100-200,gr120,120,mut_0.80,3549812915078547725,19496.0000,6942.0000,180.8413,82.1205
100-200,gr120,120,mut_0.80,3549812915078547726,19713.0000,6942.0000,183.9672,81.9986
100-200,gr120,120,mut_0.80,3549812915078547727,19762.0000,6942.0000,184.6730,81.5199
100-200,gr137,137,mut_0.80,14803640341587056461,95686.0000,69853.0000,36.9819,88.5281
100-200,gr137,137,mut_0.80,14803640341587056462,97066.0000,69853.0000,38.9575,87.9586
100-200,gr137,137,mut_0.80,14803640341587056463,95850.0000,69853.0000,37.2167,88.1688
100-200,gr137,137,mut_0.80,14803640341587056464,96641.0000,69853.0000,38.3491,88.1935
100-200,gr137,137,mut_0.80,14803640341587056465,94294.0000,69853.0000,34.9892,87.3748
100-200,kroA100,100,mut_0.80,10235424984353515595,64325.0000,21282.0000,202.2507,71.8961
100-200,kroA100,100,mut_0.80,10235424984353515596,63408.0000,21282.0000,197.9419,72.3250
100-200,kroA100,100,mut_0.80,10235424984353515597,54401.0000,21282.0000,155.6198,71.4194
100-200,kroA100,100,mut_0.80,10235424984353515598,58258.0000,21282.0000,173.7431,70.7430
100-200,kroA100,100,mut_0.80,10235424984353515599,62289.0000,21282.0000,192.6840,71.1036
100-200,kroA150,150,mut_0.80,9780490945644268654,98175.0000,26524.0000,270.1365,97.5803
100-200,kroA150,150,mut_0.80,9780490945644268655,99412.0000,26524.0000,274.8002,97.6067
100-200,kroA150,150,mut_0.80,9780490945644268656,90911.0000,26524.0000,242.7500,97.6472
100-200,kroA150,150,mut_0.80,9780490945644268657,95584.0000,26524.0000,260.3680,97.0795
100-200,kroA150,150,mut_0.80,9780490945644268658,101256.0000,26524.0000,281.7524,100.1655
100-200,kroB100,100,mut_0.80,2026668332820410762,61087.0000,22141.0000,175.8999,72.5453
100-200,kroB100,100,mut_0.80,2026668332820410763,60376.0000,22141.0000,172.6887,72.8990
100-200,kroB100,100,mut_0.80,2026668332820410764,59235.0000,22141.0000,167.5353,70.8337
100-200,kroB100,100,mut_0.80,2026668332820410765,60136.0000,22141.0000,171.6047,71.8331
100-200,kroB100,100,mut_0.80,2026668332820410766,59858.0000,22141.0000,170.3491,71.3372
100-200,kroB150,150,mut_0.80,1571734294111163821,91608.0000,26130.0000,250.5855,97.4770
100-200,kroB150,150,mut_0.80,1571734294111163822,99337.0000,26130.0000,280.1646,97.3209
100-200,kroB150,150,mut_0.80,1571734294111163823,100430.0000,26130.0000,284.3475,96.4766
100-200,kroB150,150,mut_0.80,1571734294111163824,95553.0000,26130.0000,265.6831,97.3791
100-200,kroB150,150,mut_0.80,1571734294111163825,92356.0000,26130.0000,253.4481,98.2776
100-200,kroC100,100,mut_0.80,12264655754996857545,55546.0000,20749.0000,167.7045,70.9770
100-200,kroC100,100,mut_0.80,12264655754996857546,57907.0000,20749.0000,179.0833,71.6775
100-200,kroC100,100,mut_0.80,12264655754996857547,62346.0000,20749.0000,200.4771,72.0219
100-200,kroC100,100,mut_0.80,12264655754996857548,57586.0000,20749.0000,177.5363,70.8535
100-200,kroC100,100,mut_0.80,12264655754996857549,52498.0000,20749.0000,153.0146,71.1791
100-200,kroD100,100,mut_0.80,4055899103463752712,60145.0000,21294.0000,182.4505,71.7489
100-200,kroD100,100,mut_0.80,4055899103463752713,60133.0000,21294.0000,182.3941,71.9333
100-200,kroD100,100,mut_0.80,4055899103463752714,60400.0000,21294.0000,183.6480,71.1900
100-200,kroD100,100,mut_0.80,4055899103463752715,54720.0000,21294.0000,156.9738,71.7822
100-200,kroD100,100,mut_0.80,4055899103463752716,58793.0000,21294.0000,176.1012,72.2056
100-200,kroE100,100,mut_0.80,14293886525640199495,57183.0000,22068.0000,159.1218,71.6152
100-200,kroE100,100,mut_0.80,14293886525640199496,61857.0000,22068.0000,180.3018,72.8105
100-200,kroE100,100,mut_0.80,14293886525640199497,62991.0000,22068.0000,185.4405,71.8382
100-200,kroE100,100,mut_0.80,14293886525640199498,59786.0000,22068.0000,170.9172,71.5790
100-200,kroE100,100,mut_0.80,14293886525640199499,55866.0000,22068.0000,153.1539,70.8625
100-200,lin105,105,mut_0.80,4837594351033350960,30673.0000,14379.0000,113.3180,73.2387
100-200,lin105,105,mut_0.80,4837594351033350961,32196.0000,14379.0000,123.9099,72.7987
100-200,lin105,105,mut_0.80,4837594351033350962,30557.0000,14379.0000,112.5113,74.0847
100-200,lin105,105,mut_0.80,4837594351033350963,29239.0000,14379.0000,103.3452,73.1655
100-200,lin105,105,mut_0.80,4837594351033350964,29301.0000,14379.0000,103.7763,72.3379
100-200,pr107,107,mut_0.80,10425100860570873949,59794.0000,44303.0000,34.9660,73.0761
100-200,pr107,107,mut_0.80,10425100860570873950,59899.0000,44303.0000,35.2030,74.4519
100-200,pr107,107,mut_0.80,10425100860570873951,60594.0000,44303.0000,36.7718,73.1658
100-200,pr107,107,mut_0.80,10425100860570873952,60105.0000,44303.0000,35.6680,73.3591
100-200,pr107,107,mut_0.80,10425100860570873953,59030.0000,44303.0000,33.2415,93.3224
100-200,pr124,124,mut_0.80,16976160276740168420,98569.0000,59030.0000,66.9812,83.5983
100-200,pr124,124,mut_0.80,16976160276740168421,98423.0000,59030.0000,66.7339,81.6337
100-200,pr124,124,mut_0.80,16976160276740168422,98941.0000,59030.0000,67.6114,81.3876
100-200,pr124,124,mut_0.80,16976160276740168423,98941.0000,59030.0000,67.6114,81.8606
100-200,pr124,124,mut_0.80,16976160276740168424,90275.0000,59030.0000,52.9307,81.4871
100-200,pr136,136,mut_0.80,14856050657724263749,263696.0000,96772.0000,172.4920,88.3472
100-200,pr136,136,mut_0.80,14856050657724263750,275848.0000,96772.0000,185.0494,89.4672
100-200,pr136,136,mut_0.80,14856050657724263751,246154.0000,96772.0000,154.3649,87.4932
100-200,pr136,136,mut_0.80,14856050657724263752,243703.0000,96772.0000,151.8321,87.9659
100-200,pr136,136,mut_0.80,14856050657724263753,248215.0000,96772.0000,156.4946,87.6520
100-200,pr144,144,mut_0.80,5726140217030738674,93085.0000,58537.0000,59.0191,91.0229
100-200,pr144,144,mut_0.80,5726140217030738675,92454.0000,58537.0000,57.9411,91.9089
100-200,pr144,144,mut_0.80,5726140217030738676,93318.0000,58537.0000,59.4171,93.0394
100-200,pr144,144,mut_0.80,5726140217030738677,93496.0000,58537.0000,59.7212,91.9213
100-200,pr144,144,mut_0.80,5726140217030738678,93526.0000,58537.0000,59.7725,91.6813
100-200,pr152,152,mut_0.80,15042973850046765215,157181.0000,73682.0000,113.3235,95.2265
100-200,pr152,152,mut_0.80,15042973850046765216,157129.0000,73682.0000,113.2529,95.5033
100-200,pr152,152,mut_0.80,15042973850046765217,158218.0000,73682.0000,114.7309,95.7983
100-200,pr152,152,mut_0.80,15042973850046765218,158089.0000,73682.0000,114.5558,97.0068
100-200,pr152,152,mut_0.80,15042973850046765219,160928.0000,73682.0000,118.4088,96.9091
100-200,rat195,195,mut_0.80,1540620576860892747,3990.0000,2323.0000,71.7607,118.4233
100-200,rat195,195,mut_0.80,1540620576860892748,3958.0000,2323.0000,70.3831,118.2094
100-200,rat195,195,mut_0.80,1540620576860892749,3940.0000,2323.0000,69.6083,120.5164
100-200,rat195,195,mut_0.80,1540620576860892750,3954.0000,2323.0000,70.2109,116.5091
100-200,rat195,195,mut_0.80,1540620576860892751,4005.0000,2323.0000,72.4064,116.4876
100-200,rd100,100,mut_0.80,14586578042612656938,20091.0000,7910.0000,153.9949,70.5352
100-200,rd100,100,mut_0.80,14586578042612656939,21865.0000,7910.0000,176.4223,72.3872
100-200,rd100,100,mut_0.80,14586578042612656940,20671.0000,7910.0000,161.3274,71.0932
100-200,rd100,100,mut_0.80,14586578042612656941,21642.0000,7910.0000,173.6030,70.8309
100-200,rd100,100,mut_0.80,14586578042612656942,20454.0000,7910.0000,158.5841,71.4819
100-200,si175,175,mut_0.80,6669300803789233332,25524.0000,21407.0000,19.2320,106.4074
100-200,si175,175,mut_0.80,6669300803789233333,25603.0000,21407.0000,19.6011,106.7058
100-200,si175,175,mut_0.80,6669300803789233334,25897.0000,21407.0000,20.9744,108.5416
100-200,si175,175,mut_0.80,6669300803789233335,25541.0000,21407.0000,19.3114,106.3123
100-200,si175,175,mut_0.80,6669300803789233336,25643.0000,21407.0000,19.7879,106.7753
100-200,u159,159,mut_0.80,14106787457034453511,43306.0000,42080.0000,2.9135,97.6310
100-200,u159,159,mut_0.80,14106787457034453512,43381.0000,42080.0000,3.0917,99.9342
100-200,u159,159,mut_0.80,14106787457034453513,43338.0000,42080.0000,2.9895,100.9514
100-200,u159,159,mut_0.80,14106787457034453514,43381.0000,42080.0000,3.0917,100.7886
100-200,u159,159,mut_0.80,14106787457034453515,43381.0000,42080.0000,3.0917,99.5985
100-200,bier127,127,elite_5,10558389803062001791,162660.0000,118282.0000,37.5188,80.6238
100-200,bier127,127,elite_5,10558389803062001792,174325.0000,118282.0000,47.3808,77.6963
100-200,bier127,127,elite_5,10558389803062001793,179889.0000,118282.0000,52.0848,75.8294
100-200,bier127,127,elite_5,10558389803062001794,177242.0000,118282.0000,49.8470,79.5038
100-200,bier127,127,elite_5,10558389803062001795,164397.0000,118282.0000,38.9873,75.5323
100-200,brg180,180,elite_5,3823693695826924107,5890.0000,1950.0000,202.0513,98.6473
100-200,brg180,180,elite_5,3823693695826924108,9520.0000,1950.0000,388.2051,102.3323
100-200,brg180,180,elite_5,3823693695826924109,6160.0000,1950.0000,215.8974,100.2389
100-200,brg180,180,elite_5,3823693695826924110,2960.0000,1950.0000,51.7949,101.5293
100-200,brg180,180,elite_5,3823693695826924111,6030.0000,1950.0000,209.2308,106.3218
100-200,ch130,130,elite_5,11227818783267146962,10892.0000,6110.0000,78.2651,79.8202
100-200,ch130,130,elite_5,11227818783267146963,10407.0000,6110.0000,70.3273,80.7318
100-200,ch130,130,elite_5,11227818783267146964,9878.0000,6110.0000,61.6694,80.3644
100-200,ch130,130,elite_5,11227818783267146965,10861.0000,6110.0000,77.7578,80.9193
100-200,ch130,130,elite_5,11227818783267146966,10430.0000,6110.0000,70.7038,79.9843
100-200,ch150,150,elite_5,18424542797267268832,13269.0000,6528.0000,103.2629,88.6591
100-200,ch150,150,elite_5,18424542797267268833,13304.0000,6528.0000,103.7990,90.7102
100-200,ch150,150,elite_5,18424542797267268834,12988.0000,6528.0000,98.9583,87.6326
100-200,ch150,150,elite_5,18424542797267268835,12362.0000,6528.0000,89.3689,88.1132
100-200,ch150,150,elite_5,18424542797267268836,12273.0000,6528.0000,88.0055,88.3043
100-200,d198,198,elite_5,2506803055723060181,21100.0000,15780.0000,33.7136,108.0508
100-200,d198,198,elite_5,2506803055723060182,20375.0000,15780.0000,29.1191,109.9011
100-200,d198,198,elite_5,2506803055723060183,20656.0000,15780.0000,30.8999,107.5132
100-200,d198,198,elite_5,2506803055723060184,20891.0000,15780.0000,32.3891,106.8979
100-200,d198,198,elite_5,2506803055723060185,20843.0000,15780.0000,32.0849,108.8239
100-200,eil101,101,elite_5,11215618167853316859,832.0000,629.0000,32.2734,63.5091
100-200,eil101,101,elite_5,11215618167853316860,884.0000,629.0000,40.5405,83.6808
100-200,eil101,101,elite_5,11215618167853316861,905.0000,629.0000,43.8792,62.8259
100-200,eil101,101,elite_5,11215618167853316862,839.0000,629.0000,33.3863,63.0806
100-200,eil101,101,elite_5,11215618167853316863,838.0000,629.0000,33.2273,63.5941
100-200,gr120,120,elite_5,14478494400462389813,10389.0000,6942.0000,49.6543,73.8067
100-200,gr120,120,elite_5,14478494400462389814,10484.0000,6942.0000,51.0228,76.7798
100-200,gr120,120,elite_5,14478494400462389815,10361.0000,6942.0000,49.2509,74.0877
100-200,gr120,120,elite_5,14478494400462389816,10428.0000,6942.0000,50.2161,73.8072
100-200,gr120,120,elite_5,14478494400462389817,10873.0000,6942.0000,56.6263,72.8126
100-200,gr137,137,elite_5,7285577753261346935,90334.0000,69853.0000,29.3201,77.2640
100-200,gr137,137,elite_5,7285577753261346936,87139.0000,69853.0000,24.7463,78.2460
100-200,gr137,137,elite_5,7285577753261346937,88463.0000,69853.0000,26.6417,77.2141
100-200,gr137,137,elite_5,7285577753261346938,89858.0000,69853.0000,28.6387,77.3660
100-200,gr137,137,elite_5,7285577753261346939,83889.0000,69853.0000,20.0936,78.1389
100-200,kroA100,100,elite_5,9291398251456342213,30337.0000,21282.0000,42.5477,62.3080
100-200,kroA100,100,elite_5,9291398251456342214,32175.0000,21282.0000,51.1841,62.0797
100-200,kroA100,100,elite_5,9291398251456342215,30571.0000,21282.0000,43.6472,63.2686
100-200,kroA100,100,elite_5,9291398251456342216,31020.0000,21282.0000,45.7570,67.4111
100-200,kroA100,100,elite_5,9291398251456342217,34344.0000,21282.0000,61.3758,62.6397
100-200,kroA150,150,elite_5,8836464212747095272,49126.0000,26524.0000,85.2134,88.6969
100-200,kroA150,150,elite_5,8836464212747095273,54374.0000,26524.0000,104.9992,91.8186
100-200,kroA150,150,elite_5,8836464212747095274,50086.0000,26524.0000,88.8328,87.7690
100-200,kroA150,150,elite_5,8836464212747095275,53030.0000,26524.0000,99.9321,89.1060
100-200,kroA150,150,elite_5,8836464212747095276,50386.0000,26524.0000,89.9638,88.2373
100-200,kroB100,100,elite_5,1082641599923237380,35566.0000,22141.0000,60.6341,62.8031
100-200,kroB100,100,elite_5,1082641599923237381,34511.0000,22141.0000,55.8692,63.7477
100-200,kroB100,100,elite_5,1082641599923237382,31056.0000,22141.0000,40.2647,61.4326
100-200,kroB100,100,elite_5,1082641599923237383,34031.0000,22141.0000,53.7013,63.1046
100-200,kroB100,100,elite_5,1082641599923237384,33347.0000,22141.0000,50.6120,62.3127
100-200,kroB150,150,elite_5,627707561213990439,50134.0000,26130.0000,91.8638,87.4160
100-200,kroB150,150,elite_5,627707561213990440,51398.0000,26130.0000,96.7011,87.6695
100-200,kroB150,150,elite_5,627707561213990441,52330.0000,26130.0000,100.2679,88.6375
100-200,kroB150,150,elite_5,627707561213990442,50954.0000,26130.0000,95.0019,89.3986
100-200,kroB150,150,elite_5,627707561213990443,53244.0000,26130.0000,103.7658,90.6993
100-200,kroC100,100,elite_5,11320629022099684163,30298.0000,20749.0000,46.0215,65.9981
100-200,kroC100,100,elite_5,11320629022099684164,32379.0000,20749.0000,56.0509,67.5660
100-200,kroC100,100,elite_5,11320629022099684165,30335.0000,20749.0000,46.1998,64.6600
100-200,kroC100,100,elite_5,11320629022099684166,31017.0000,20749.0000,49.4867,62.2673
100-200,kroC100,100,elite_5,11320629022099684167,32432.0000,20749.0000,56.3063,62.4627
100-200,kroD100,100,elite_5,3111872370566579330,30579.0000,21294.0000,43.6038,63.2750
100-200,kroD100,100,elite_5,3111872370566579331,34063.0000,21294.0000,59.9652,63.2763
100-200,kroD100,100,elite_5,3111872370566579332,32260.0000,21294.0000,51.4981,64.9509
100-200,kroD100,100,elite_5,3111872370566579333,32007.0000,21294.0000,50.3099,64.7984
100-200,kroD100,100,elite_5,3111872370566579334,27980.0000,21294.0000,31.3985,65.3611
100-200,kroE100,100,elite_5,13349859792743026113,31362.0000,22068.0000,42.1153,62.2902
100-200,kroE100,100,elite_5,13349859792743026114,32349.0000,22068.0000,46.5878,62.3170
100-200,kroE100,100,elite_5,13349859792743026115,33575.0000,22068.0000,52.1434,62.9618
100-200,kroE100,100,elite_5,13349859792743026116,31680.0000,22068.0000,43.5563,63.2704
100-200,kroE100,100,elite_5,13349859792743026117,35889.0000,22068.0000,62.6291,63.3673
100-200,lin105,105,elite_5,16095575260681190318,21464.0000,14379.0000,49.2732,65.5665
100-200,lin105,105,elite_5,16095575260681190319,23938.0000,14379.0000,66.4789,62.8953
100-200,lin105,105,elite_5,16095575260681190320,22156.0000,14379.0000,54.0858,63.4201
100-200,lin105,105,elite_5,16095575260681190321,19406.0000,14379.0000,34.9607,62.6877
100-200,lin105,105,elite_5,16095575260681190322,21370.0000,14379.0000,48.6195,61.7253
100-200,pr107,107,elite_5,2907038272245164423,52312.0000,44303.0000,18.0778,62.8726
100-200,pr107,107,elite_5,2907038272245164424,52495.0000,44303.0000,18.4908,64.7905
100-200,pr107,107,elite_5,2907038272245164425,53514.0000,44303.0000,20.7909,63.7272
100-200,pr107,107,elite_5,2907038272245164426,53281.0000,44303.0000,20.2650,63.6763
100-200,pr107,107,elite_5,2907038272245164427,53310.0000,44303.0000,20.3305,63.5152
100-200,pr124,124,elite_5,9458097688414458894,93091.0000,59030.0000,57.7012,71.6355
100-200,pr124,124,elite_5,9458097688414458895,93076.0000,59030.0000,57.6758,71.3284
100-200,pr124,124,elite_5,9458097688414458896,95582.0000,59030.0000,61.9211,70.9906
100-200,pr124,124,elite_5,9458097688414458897,95705.0000,59030.0000,62.1294,71.3745
100-200,pr124,124,elite_5,9458097688414458898,95207.0000,59030.0000,61.2858,71.5983
100-200,pr136,136,elite_5,7337988069398554223,169859.0000,96772.0000,75.5249,79.1449
100-200,pr136,136,elite_5,7337988069398554224,160149.0000,96772.0000,65.4911,78.8506
100-200,pr136,136,elite_5,7337988069398554225,154395.0000,96772.0000,59.5451,78.8403
100-200,pr136,136,elite_5,7337988069398554226,162623.0000,96772.0000,68.0476,87.2005
100-200,pr136,136,elite_5,7337988069398554227,182284.0000,96772.0000,88.3644,77.8236
100-200,pr144,144,elite_5,16654821702414580764,92600.0000,58537.0000,58.1905,81.5011
100-200,pr144,144,elite_5,16654821702414580765,92647.0000,58537.0000,58.2708,81.8724
100-200,pr144,144,elite_5,16654821702414580766,92580.0000,58537.0000,58.1564,80.8456
100-200,pr144,144,elite_5,16654821702414580767,92635.0000,58537.0000,58.2503,81.1445
100-200,pr144,144,elite_5,16654821702414580768,92074.0000,58537.0000,57.2920,81.3201
100-200,pr152,152,elite_5,7524911261721055689,129419.0000,73682.0000,75.6453,84.7492
100-200,pr152,152,elite_5,7524911261721055690,132493.0000,73682.0000,79.8173,86.4057
100-200,pr152,152,elite_5,7524911261721055691,134699.0000,73682.0000,82.8113,85.2849
100-200,pr152,152,elite_5,7524911261721055692,129869.0000,73682.0000,76.2561,86.7618
100-200,pr152,152,elite_5,7524911261721055693,138334.0000,73682.0000,87.7446,86.0367
100-200,rat195,195,elite_5,12798601486508732105,3569.0000,2323.0000,53.6375,105.8375
100-200,rat195,195,elite_5,12798601486508732106,3809.0000,2323.0000,63.9690,107.0465
100-200,rat195,195,elite_5,12798601486508732107,3603.0000,2323.0000,55.1012,105.8906
100-200,rat195,195,elite_5,12798601486508732108,3626.0000,2323.0000,56.0913,105.8555
100-200,rat195,195,elite_5,12798601486508732109,3890.0000,2323.0000,67.4559,106.2125
100-200,rd100,100,elite_5,7068515454286947412,11702.0000,7910.0000,47.9393,63.3718
100-200,rd100,100,elite_5,7068515454286947413,11462.0000,7910.0000,44.9052,64.2783
100-200,rd100,100,elite_5,7068515454286947414,10649.0000,7910.0000,34.6271,64.4025
100-200,rd100,100,elite_5,7068515454286947415,11899.0000,7910.0000,50.4298,64.0869
100-200,rd100,100,elite_5,7068515454286947416,11271.0000,7910.0000,42.4905,62.8082
100-200,si175,175,elite_5,17597982289173075422,23258.0000,21407.0000,8.6467,97.3890
100-200,si175,175,elite_5,17597982289173075423,23335.0000,21407.0000,9.0064,97.1021
100-200,si175,175,elite_5,17597982289173075424,23444.0000,21407.0000,9.5156,97.1672
100-200,si175,175,elite_5,17597982289173075425,23038.0000,21407.0000,7.6190,97.4743
100-200,si175,175,elite_5,17597982289173075426,23192.0000,21407.0000,8.3384,96.3576
100-200,u159,159,elite_5,2502580765183240213,42981.0000,42080.0000,2.1412,87.9747
100-200,u159,159,elite_5,2502580765183240214,43024.0000,42080.0000,2.2433,91.6279
100-200,u159,159,elite_5,2502580765183240215,43056.0000,42080.0000,2.3194,88.2874
100-200,u159,159,elite_5,2502580765183240216,43167.0000,42080.0000,2.5832,87.6568
100-200,u159,159,elite_5,2502580765183240217,43152.0000,42080.0000,2.5475,89.4127
100-200,bier127,127,elite_10,9408928133282978991,162459.0000,118282.0000,37.3489,77.8649
100-200,bier127,127,elite_10,9408928133282978992,162509.0000,118282.0000,37.3911,75.6329
100-200,bier127,127,elite_10,9408928133282978993,161138.0000,118282.0000,36.2321,74.2502
100-200,bier127,127,elite_10,9408928133282978994,148047.0000,118282.0000,25.1644,73.2210
100-200,bier127,127,elite_10,9408928133282978995,157362.0000,118282.0000,33.0397,72.0336
100-200,brg180,180,elite_10,10151586990843342427,6250.0000,1950.0000,220.5128,97.4032
100-200,brg180,180,elite_10,10151586990843342428,2770.0000,1950.0000,42.0513,96.6491
100-200,brg180,180,elite_10,10151586990843342429,2690.0000,1950.0000,37.9487,96.7909
100-200,brg180,180,elite_10,10151586990843342430,6120.0000,1950.0000,213.8462,97.1386
100-200,brg180,180,elite_10,10151586990843342431,5990.0000,1950.0000,207.1795,96.4999
100-200,ch130,130,elite_10,12825086555067310978,11941.0000,6110.0000,95.4337,77.4606
100-200,ch130,130,elite_10,12825086555067310979,11028.0000,6110.0000,80.4910,83.2972
100-200,ch130,130,elite_10,12825086555067310980,9770.0000,6110.0000,59.9018,76.1913
100-200,ch130,130,elite_10,12825086555067310981,11639.0000,6110.0000,90.4910,76.4166
100-200,ch130,130,elite_10,12825086555067310982,10479.0000,6110.0000,71.5057,77.6620
100-200,ch150,150,elite_10,1575066495357881232,11182.0000,6528.0000,71.2929,87.2851
100-200,ch150,150,elite_10,1575066495357881233,12300.0000,6528.0000,88.4191,84.4498
100-200,ch150,150,elite_10,1575066495357881234,12248.0000,6528.0000,87.6225,85.1541
100-200,ch150,150,elite_10,1575066495357881235,12918.0000,6528.0000,97.8860,84.4638
100-200,ch150,150,elite_10,1575066495357881236,12971.0000,6528.0000,98.6979,85.8599
100-200,d198,198,elite_10,14065812840577895269,21117.0000,15780.0000,33.8213,104.0623
100-200,d198,198,elite_10,14065812840577895270,20931.0000,15780.0000,32.6426,104.8648
100-200,d198,198,elite_10,14065812840577895271,21287.0000,15780.0000,34.8986,111.3713
100-200,d198,198,elite_10,14065812840577895272,21454.0000,15780.0000,35.9569,104.7690
100-200,d198,198,elite_10,14065812840577895273,21195.0000,15780.0000,34.3156,104.0882
100-200,eil101,101,elite_10,17543511462869735179,879.0000,629.0000,39.7456,60.0477
100-200,eil101,101,elite_10,17543511462869735180,863.0000,629.0000,37.2019,60.9970
100-200,eil101,101,elite_10,17543511462869735181,869.0000,629.0000,38.1558,60.9771
100-200,eil101,101,elite_10,17543511462869735182,841.0000,629.0000,33.7043,61.2757
100-200,eil101,101,elite_10,17543511462869735183,857.0000,629.0000,36.2480,62.8380
100-200,gr120,120,elite_10,16075762172262553829,10370.0000,6942.0000,49.3806,71.0190
100-200,gr120,120,elite_10,16075762172262553830,10629.0000,6942.0000,53.1115,71.5110
100-200,gr120,120,elite_10,16075762172262553831,10519.0000,6942.0000,51.5269,70.8049
100-200,gr120,120,elite_10,16075762172262553832,10567.0000,6942.0000,52.2184,70.0871
100-200,gr120,120,elite_10,16075762172262553833,12116.0000,6942.0000,74.5318,70.4291
100-200,gr137,137,elite_10,8882845525061510951,89142.0000,69853.0000,27.6137,75.8300
100-200,gr137,137,elite_10,8882845525061510952,89768.0000,69853.0000,28.5099,84.1633
100-200,gr137,137,elite_10,8882845525061510953,90627.0000,69853.0000,29.7396,74.5850
100-200,gr137,137,elite_10,8882845525061510954,89674.0000,69853.0000,28.3753,74.8664
100-200,gr137,137,elite_10,8882845525061510955,85991.0000,69853.0000,23.1028,75.0327
100-200,kroA100,100,elite_10,8141936581677319413,34390.0000,21282.0000,61.5920,60.7795
100-200,kroA100,100,elite_10,8141936581677319414,34302.0000,21282.0000,61.1785,61.6984
100-200,kroA100,100,elite_10,8141936581677319415,35862.0000,21282.0000,68.5086,60.4066
100-200,kroA100,100,elite_10,8141936581677319416,31005.0000,21282.0000,45.6865,60.3284
100-200,kroA100,100,elite_10,8141936581677319417,36786.0000,21282.0000,72.8503,59.9402
100-200,kroA150,150,elite_10,7687002542968072472,52593.0000,26524.0000,98.2846,85.2441
100-200,kroA150,150,elite_10,7687002542968072473,49153.0000,26524.0000,85.3152,84.4202
100-200,kroA150,150,elite_10,7687002542968072474,50158.0000,26524.0000,89.1042,83.6183
100-200,kroA150,150,elite_10,7687002542968072475,54423.0000,26524.0000,105.1840,87.3485
100-200,kroA150,150,elite_10,7687002542968072476,50005.0000,26524.0000,88.5274,84.8576
100-200,kroB100,100,elite_10,18379924003853766196,29875.0000,22141.0000,34.9307,60.2603
100-200,kroB100,100,elite_10,18379924003853766197,34626.0000,22141.0000,56.3886,60.7798
100-200,kroB100,100,elite_10,18379924003853766198,33998.0000,22141.0000,53.5522,60.4900
100-200,kroB100,100,elite_10,18379924003853766199,31618.0000,22141.0000,42.8029,60.7840
100-200,kroB100,100,elite_10,18379924003853766200,30510.0000,22141.0000,37.7987,60.3527
100-200,kroB150,150,elite_10,17924989965144519255,48282.0000,26130.0000,84.7761,84.9094
100-200,kroB150,150,elite_10,17924989965144519256,48794.0000,26130.0000,86.7356,84.7461
100-200,kroB150,150,elite_10,17924989965144519257,48610.0000,26130.0000,86.0314,85.2501
100-200,kroB150,150,elite_10,17924989965144519258,46751.0000,26130.0000,78.9170,84.8863
100-200,kroB150,150,elite_10,17924989965144519259,48824.0000,26130.0000,86.8504,85.5589
100-200,kroC100,100,elite_10,10171167352320661363,32438.0000,20749.0000,56.3352,59.6256
100-200,kroC100,100,elite_10,10171167352320661364,34144.0000,20749.0000,64.5573,60.1688
100-200,kroC100,100,elite_10,10171167352320661365,33163.0000,20749.0000,59.8294,59.9312
100-200,kroC100,100,elite_10,10171167352320661366,32094.0000,20749.0000,54.6773,60.4042
100-200,kroC100,100,elite_10,10171167352320661367,31955.0000,20749.0000,54.0074,59.8764
100-200,kroD100,100,elite_10,1962410700787556530,34051.0000,21294.0000,59.9089,60.1861
100-200,kroD100,100,elite_10,1962410700787556531,28726.0000,21294.0000,34.9019,59.7732
100-200,kroD100,100,elite_10,1962410700787556532,31969.0000,21294.0000,50.1315,59.8893
100-200,kroD100,100,elite_10,1962410700787556533,32233.0000,21294.0000,51.3713,60.5994
100-200,kroD100,100,elite_10,1962410700787556534,32245.0000,21294.0000,51.4276,60.2677
100-200,kroE100,100,elite_10,12200398122964003313,28852.0000,22068.0000,30.7413,61.1478
100-200,kroE100,100,elite_10,12200398122964003314,29247.0000,22068.0000,32.5313,60.2328
100-200,kroE100,100,elite_10,12200398122964003315,33857.0000,22068.0000,53.4212,60.5054
100-200,kroE100,100,elite_10,12200398122964003316,34403.0000,22068.0000,55.8954,61.0994
100-200,kroE100,100,elite_10,12200398122964003317,34194.0000,22068.0000,54.9483,60.4140
100-200,lin105,105,elite_10,3976724481988057022,24279.0000,14379.0000,68.8504,60.4080
100-200,lin105,105,elite_10,3976724481988057023,21993.0000,14379.0000,52.9522,61.5051
100-200,lin105,105,elite_10,3976724481988057024,25197.0000,14379.0000,75.2347,60.2765
100-200,lin105,105,elite_10,3976724481988057025,21462.0000,14379.0000,49.2593,60.5279
100-200,lin105,105,elite_10,3976724481988057026,22606.0000,14379.0000,57.2154,60.2049
100-200,pr107,107,elite_10,4504306044045328439,52903.0000,44303.0000,19.4118,61.5928
100-200,pr107,107,elite_10,4504306044045328440,52861.0000,44303.0000,19.3170,62.1839
100-200,pr107,107,elite_10,4504306044045328441,53124.0000,44303.0000,19.9106,61.4471
100-200,pr107,107,elite_10,4504306044045328442,52850.0000,44303.0000,19.2921,61.4654
100-200,pr107,107,elite_10,4504306044045328443,53218.0000,44303.0000,20.1228,63.3042
100-200,pr124,124,elite_10,11055365460214622910,95688.0000,59030.0000,62.1006,71.2113
100-200,pr124,124,elite_10,11055365460214622911,91976.0000,59030.0000,55.8123,72.4941
100-200,pr124,124,elite_10,11055365460214622912,96526.0000,59030.0000,63.5202,70.3869
100-200,pr124,124,elite_10,11055365460214622913,96520.0000,59030.0000,63.5101,70.5460
100-200,pr124,124,elite_10,11055365460214622914,95094.0000,59030.0000,61.0944,69.2047
100-200,pr136,136,elite_10,8935255841198718239,171831.0000,96772.0000,77.5627,76.6644
100-200,pr136,136,elite_10,8935255841198718240,171776.0000,96772.0000,77.5059,75.5116
100-200,pr136,136,elite_10,8935255841198718241,160541.0000,96772.0000,65.8961,75.3679
100-200,pr136,136,elite_10,8935255841198718242,186825.0000,96772.0000,93.0569,75.5485
100-200,pr136,136,elite_10,8935255841198718243,164385.0000,96772.0000,69.8684,76.0262
100-200,pr144,144,elite_10,18252089474214744780,92452.0000,58537.0000,57.9377,78.4914
100-200,pr144,144,elite_10,18252089474214744781,91744.0000,58537.0000,56.7282,77.8438
100-200,pr144,144,elite_10,18252089474214744782,92459.0000,58537.0000,57.9497,78.8667
100-200,pr144,144,elite_10,18252089474214744783,92442.0000,58537.0000,57.9206,78.3717
100-200,pr144,144,elite_10,18252089474214744784,92451.0000,58537.0000,57.9360,77.9812
100-200,pr152,152,elite_10,9122179033521219705,141295.0000,73682.0000,91.7633,82.0783
100-200,pr152,152,elite_10,9122179033521219706,145729.0000,73682.0000,97.7810,81.8590
100-200,pr152,152,elite_10,9122179033521219707,139102.0000,73682.0000,88.7869,82.5714
100-200,pr152,152,elite_10,9122179033521219708,138105.0000,73682.0000,87.4338,82.0677
100-200,pr152,152,elite_10,9122179033521219709,128972.0000,73682.0000,75.0387,83.0319
100-200,rat195,195,elite_10,679750707815598809,3721.0000,2323.0000,60.1808,101.7515
100-200,rat195,195,elite_10,679750707815598810,3753.0000,2323.0000,61.5583,103.6632
100-200,rat195,195,elite_10,679750707815598811,3784.0000,2323.0000,62.8928,101.5953
100-200,rat195,195,elite_10,679750707815598812,3631.0000,2323.0000,56.3065,102.0448
100-200,rat195,195,elite_10,679750707815598813,3715.0000,2323.0000,59.9225,102.3565
100-200,rd100,100,elite_10,8665783226087111428,12129.0000,7910.0000,53.3375,59.9474
100-200,rd100,100,elite_10,8665783226087111429,12272.0000,7910.0000,55.1454,61.6836
100-200,rd100,100,elite_10,8665783226087111430,11957.0000,7910.0000,51.1631,60.3991
100-200,rd100,100,elite_10,8665783226087111431,12052.0000,7910.0000,52.3641,60.5910
100-200,rd100,100,elite_10,8665783226087111432,11382.0000,7910.0000,43.8938,70.6364
100-200,si175,175,elite_10,748505987263687822,23307.0000,21407.0000,8.8756,93.1597
100-200,si175,175,elite_10,748505987263687823,23039.0000,21407.0000,7.6237,94.1511
100-200,si175,175,elite_10,748505987263687824,23479.0000,21407.0000,9.6791,93.2600
100-200,si175,175,elite_10,748505987263687825,23704.0000,21407.0000,10.7301,96.6718
100-200,si175,175,elite_10,748505987263687826,23695.0000,21407.0000,10.6881,93.0921
100-200,u159,159,elite_10,14061590550038075301,42970.0000,42080.0000,2.1150,84.3668
100-200,u159,159,elite_10,14061590550038075302,42981.0000,42080.0000,2.1412,85.2149
100-200,u159,159,elite_10,14061590550038075303,43092.0000,42080.0000,2.4049,86.0735
100-200,u159,159,elite_10,14061590550038075304,42970.0000,42080.0000,2.1150,86.7567
100-200,u159,159,elite_10,14061590550038075305,43024.0000,42080.0000,2.2433,86.7118
100-200,bier127,127,tour_2,926713787464228391,262992.0000,118282.0000,122.3432,93.2932
100-200,bier127,127,tour_2,926713787464228392,255768.0000,118282.0000,116.2358,87.0919
100-200,bier127,127,tour_2,926713787464228393,291343.0000,118282.0000,146.3122,88.1440
100-200,bier127,127,tour_2,926713787464228394,281558.0000,118282.0000,138.0396,85.8235
100-200,bier127,127,tour_2,926713787464228395,274415.0000,118282.0000,132.0006,85.7699
100-200,brg180,180,tour_2,10227652103269989763,74250.0000,1950.0000,3707.6923,112.5187
100-200,brg180,180,tour_2,10227652103269989764,77750.0000,1950.0000,3887.1795,114.4997
100-200,brg180,180,tour_2,10227652103269989765,76000.0000,1950.0000,3797.4359,112.0568
100-200,brg180,180,tour_2,10227652103269989766,70730.0000,1950.0000,3527.1795,114.7532
100-200,brg180,180,tour_2,10227652103269989767,88080.0000,1950.0000,4416.9231,112.0234
100-200,ch130,130,tour_2,13388926565809790778,19628.0000,6110.0000,221.2439,89.7321
100-200,ch130,130,tour_2,13388926565809790779,20760.0000,6110.0000,239.7709,91.1196
100-200,ch130,130,tour_2,13388926565809790780,19612.0000,6110.0000,220.9820,89.0318
100-200,ch130,130,tour_2,13388926565809790781,21106.0000,6110.0000,245.4337,88.8400
100-200,ch130,130,tour_2,13388926565809790782,19555.0000,6110.0000,220.0491,89.1527
100-200,ch150,150,tour_2,2138906506100361032,22106.0000,6528.0000,238.6336,96.9218
100-200,ch150,150,tour_2,2138906506100361033,24216.0000,6528.0000,270.9559,98.3781
100-200,ch150,150,tour_2,2138906506100361034,23228.0000,6528.0000,255.8211,97.8407
100-200,ch150,150,tour_2,2138906506100361035,23155.0000,6528.0000,254.7028,97.7097
100-200,ch150,150,tour_2,2138906506100361036,23433.0000,6528.0000,258.9614,98.1073
100-200,d198,198,tour_2,4776337505813865293,22358.0000,15780.0000,41.6857,120.9314
100-200,d198,198,tour_2,4776337505813865294,22314.0000,15780.0000,41.4068,121.9181
100-200,d198,198,tour_2,4776337505813865295,22498.0000,15780.0000,42.5729,120.5784
100-200,d198,198,tour_2,4776337505813865296,22498.0000,15780.0000,42.5729,120.8704
100-200,d198,198,tour_2,4776337505813865297,22442.0000,15780.0000,42.2180,121.2818
100-200,eil101,101,tour_2,17619576575296382515,1584.0000,629.0000,151.8283,71.1315
100-200,eil101,101,tour_2,17619576575296382516,1501.0000,629.0000,138.6328,72.1841
100-200,eil101,101,tour_2,17619576575296382517,1450.0000,629.0000,130.5246,71.2022
100-200,eil101,101,tour_2,17619576575296382518,1406.0000,629.0000,123.5294,70.8376
100-200,eil101,101,tour_2,17619576575296382519,1429.0000,629.0000,127.1860,71.8267
100-200,gr120,120,tour_2,16639602183005033629,20436.0000,6942.0000,194.3820,86.1819
100-200,gr120,120,tour_2,16639602183005033630,18717.0000,6942.0000,169.6197,82.9041
100-200,gr120,120,tour_2,16639602183005033631,20174.0000,6942.0000,190.6079,82.4494
100-200,gr120,120,tour_2,16639602183005033632,20246.0000,6942.0000,191.6451,82.7138
100-200,gr120,120,tour_2,16639602183005033633,20116.0000,6942.0000,189.7724,82.7181
100-200,gr137,137,tour_2,9446685535803990751,95098.0000,69853.0000,36.1402,88.2786
100-200,gr137,137,tour_2,9446685535803990752,95299.0000,69853.0000,36.4279,89.5871
100-200,gr137,137,tour_2,9446685535803990753,96438.0000,69853.0000,38.0585,87.4214
100-200,gr137,137,tour_2,9446685535803990754,96601.0000,69853.0000,38.2918,90.2138
100-200,gr137,137,tour_2,9446685535803990755,95659.0000,69853.0000,36.9433,88.8567
100-200,kroA100,100,tour_2,18106466309568120429,55574.0000,21282.0000,161.1315,71.4480
100-200,kroA100,100,tour_2,18106466309568120430,62532.0000,21282.0000,193.8258,73.5951
100-200,kroA100,100,tour_2,18106466309568120431,59153.0000,21282.0000,177.9485,72.5649
100-200,kroA100,100,tour_2,18106466309568120432,67520.0000,21282.0000,217.2634,73.5472
100-200,kroA100,100,tour_2,18106466309568120433,61193.0000,21282.0000,187.5341,71.2376
100-200,kroA150,150,tour_2,17651532270858873488,100300.0000,26524.0000,278.1481,115.9659
100-200,kroA150,150,tour_2,17651532270858873489,104775.0000,26524.0000,295.0196,99.8292
100-200,kroA150,150,tour_2,17651532270858873490,106629.0000,26524.0000,302.0095,99.2077
100-200,kroA150,150,tour_2,17651532270858873491,103516.0000,26524.0000,290.2730,99.0668
100-200,kroA150,150,tour_2,17651532270858873492,103547.0000,26524.0000,290.3898,101.3696
100-200,kroB100,100,tour_2,9897709658035015596,62665.0000,22141.0000,183.0270,70.1175
100-200,kroB100,100,tour_2,9897709658035015597,59829.0000,22141.0000,170.2181,72.2451
100-200,kroB100,100,tour_2,9897709658035015598,64963.0000,22141.0000,193.4059,72.1289
100-200,kroB100,100,tour_2,9897709658035015599,63740.0000,22141.0000,187.8822,70.3240
100-200,kroB100,100,tour_2,9897709658035015600,58302.0000,22141.0000,163.3214,72.7084
100-200,kroB150,150,tour_2,9442775619325768655,103202.0000,26130.0000,294.9560,98.8996
100-200,kroB150,150,tour_2,9442775619325768656,107607.0000,26130.0000,311.8140,100.2352
100-200,kroB150,150,tour_2,9442775619325768657,99092.0000,26130.0000,279.2269,98.8887
100-200,kroB150,150,tour_2,9442775619325768658,102130.0000,26130.0000,290.8534,101.3919
100-200,kroB150,150,tour_2,9442775619325768659,99886.0000,26130.0000,282.2656,99.7402
100-200,kroC100,100,tour_2,1688953006501910763,63131.0000,20749.0000,204.2604,71.7277
100-200,kroC100,100,tour_2,1688953006501910764,58088.0000,20749.0000,179.9557,71.6437
100-200,kroC100,100,tour_2,1688953006501910765,55016.0000,20749.0000,165.1501,69.9381
100-200,kroC100,100,tour_2,1688953006501910766,60965.0000,20749.0000,193.8214,70.9040
100-200,kroC100,100,tour_2,1688953006501910767,58538.0000,20749.0000,182.1244,71.1474
100-200,kroD100,100,tour_2,11926940428678357546,62071.0000,21294.0000,191.4953,72.9780
100-200,kroD100,100,tour_2,11926940428678357547,57541.0000,21294.0000,170.2217,72.4263
100-200,kroD100,100,tour_2,11926940428678357548,60796.0000,21294.0000,185.5077,71.5246
100-200,kroD100,100,tour_2,11926940428678357549,56691.0000,21294.0000,166.2299,72.3570
100-200,kroD100,100,tour_2,11926940428678357550,61566.0000,21294.0000,189.1237,71.2577
100-200,kroE100,100,tour_2,3718183777145252713,63745.0000,22068.0000,188.8572,71.4436
100-200,kroE100,100,tour_2,3718183777145252714,60798.0000,22068.0000,175.5030,71.4139
100-200,kroE100,100,tour_2,3718183777145252715,60456.0000,22068.0000,173.9532,72.5818
100-200,kroE100,100,tour_2,3718183777145252716,58306.0000,22068.0000,164.2106,69.2400
100-200,kroE100,100,tour_2,3718183777145252717,64374.0000,22068.0000,191.7074,70.6254
100-200,lin105,105,tour_2,4052789594414704358,32065.0000,14379.0000,122.9988,71.3061
100-200,lin105,105,tour_2,4052789594414704359,30794.0000,14379.0000,114.1595,73.6173
100-200,lin105,105,tour_2,4052789594414704360,29525.0000,14379.0000,105.3342,73.1788
100-200,lin105,105,tour_2,4052789594414704361,29465.0000,14379.0000,104.9169,71.6433
100-200,lin105,105,tour_2,4052789594414704362,31320.0000,14379.0000,117.8177,72.7744
100-200,pr107,107,tour_2,5068146054787808239,61003.0000,44303.0000,37.6950,73.5594
100-200,pr107,107,tour_2,5068146054787808240,60549.0000,44303.0000,36.6702,74.0367
100-200,pr107,107,tour_2,5068146054787808241,62009.0000,44303.0000,39.9657,73.2313
100-200,pr107,107,tour_2,5068146054787808242,61392.0000,44303.0000,38.5730,73.3456
100-200,pr107,107,tour_2,5068146054787808243,60214.0000,44303.0000,35.9140,74.3367
100-200,pr124,124,tour_2,11619205470957102710,92304.0000,59030.0000,56.3679,80.8898
100-200,pr124,124,tour_2,11619205470957102711,97560.0000,59030.0000,65.2719,81.8527
100-200,pr124,124,tour_2,11619205470957102712,98386.0000,59030.0000,66.6712,82.8917
100-200,pr124,124,tour_2,11619205470957102713,94667.0000,59030.0000,60.3710,81.0380
100-200,pr124,124,tour_2,11619205470957102714,98941.0000,59030.0000,67.6114,81.0172
100-200,pr136,136,tour_2,9499095851941198039,244616.0000,96772.0000,152.7756,87.7929
100-200,pr136,136,tour_2,9499095851941198040,250332.0000,96772.0000,158.6823,87.4702
100-200,pr136,136,tour_2,9499095851941198041,247902.0000,96772.0000,156.1712,87.8380
100-200,pr136,136,tour_2,9499095851941198042,230759.0000,96772.0000,138.4564,87.8037
100-200,pr136,136,tour_2,9499095851941198043,246517.0000,96772.0000,154.7400,91.4153
100-200,pr144,144,tour_2,369185411247672964,93526.0000,58537.0000,59.7725,90.9324
100-200,pr144,144,tour_2,369185411247672965,90881.0000,58537.0000,55.2539,91.2867
100-200,pr144,144,tour_2,369185411247672966,93246.0000,58537.0000,59.2941,91.8786
100-200,pr144,144,tour_2,369185411247672967,93526.0000,58537.0000,59.7725,91.0536
100-200,pr144,144,tour_2,369185411247672968,93526.0000,58537.0000,59.7725,91.3037
100-200,pr152,152,tour_2,9686019044263699505,154776.0000,73682.0000,110.0594,95.4420
100-200,pr152,152,tour_2,9686019044263699506,156569.0000,73682.0000,112.4929,97.5443
100-200,pr152,152,tour_2,9686019044263699507,152743.0000,73682.0000,107.3003,96.1485
100-200,pr152,152,tour_2,9686019044263699508,157526.0000,73682.0000,113.7917,95.8118
100-200,pr152,152,tour_2,9686019044263699509,156729.0000,73682.0000,112.7100,96.0200
100-200,rat195,195,tour_2,755815820242246145,3920.0000,2323.0000,68.7473,120.1640
100-200,rat195,195,tour_2,755815820242246146,3935.0000,2323.0000,69.3930,118.0199
100-200,rat195,195,tour_2,755815820242246147,3981.0000,2323.0000,71.3732,119.1604
100-200,rat195,195,tour_2,755815820242246148,3970.0000,2323.0000,70.8997,117.8915
100-200,rat195,195,tour_2,755815820242246149,3977.0000,2323.0000,71.2010,116.7701
100-200,rd100,100,tour_2,9229623236829591228,20938.0000,7910.0000,164.7029,70.5521
100-200,rd100,100,tour_2,9229623236829591229,21947.0000,7910.0000,177.4589,72.0375
100-200,rd100,100,tour_2,9229623236829591230,21511.0000,7910.0000,171.9469,72.2052
100-200,rd100,100,tour_2,9229623236829591231,20325.0000,7910.0000,156.9532,79.6105
100-200,rd100,100,tour_2,9229623236829591232,23299.0000,7910.0000,194.5512,70.2778
100-200,si175,175,tour_2,1312345998006167622,25476.0000,21407.0000,19.0078,106.2619
100-200,si175,175,tour_2,1312345998006167623,25616.0000,21407.0000,19.6618,107.4054
100-200,si175,175,tour_2,1312345998006167624,25660.0000,21407.0000,19.8673,107.1307
100-200,si175,175,tour_2,1312345998006167625,26031.0000,21407.0000,21.6004,108.2210
100-200,si175,175,tour_2,1312345998006167626,25567.0000,21407.0000,19.4329,107.1438
100-200,u159,159,tour_2,4772115215274045325,43381.0000,42080.0000,3.0917,99.1386
100-200,u159,159,tour_2,4772115215274045326,43381.0000,42080.0000,3.0917,100.1389
100-200,u159,159,tour_2,4772115215274045327,43372.0000,42080.0000,3.0703,99.8590
100-200,u159,159,tour_2,4772115215274045328,43381.0000,42080.0000,3.0917,98.9407
100-200,u159,159,tour_2,4772115215274045329,43210.0000,42080.0000,2.6854,98.1545
100-200,bier127,127,tour_5,17905744453183783668,169749.0000,118282.0000,43.5121,81.6489
100-200,bier127,127,tour_5,17905744453183783669,166967.0000,118282.0000,41.1601,79.3926
100-200,bier127,127,tour_5,17905744453183783670,177370.0000,118282.0000,49.9552,76.8715
100-200,bier127,127,tour_5,17905744453183783671,153870.0000,118282.0000,30.0874,77.4909
100-200,bier127,127,tour_5,17905744453183783672,168164.0000,118282.0000,42.1721,77.4964
100-200,brg180,180,tour_5,5992002976405283314,6160.0000,1950.0000,215.8974,101.2682
100-200,brg180,180,tour_5,5992002976405283315,2580.0000,1950.0000,32.3077,104.8675
100-200,brg180,180,tour_5,5992002976405283316,2740.0000,1950.0000,40.5128,103.0228
100-200,brg180,180,tour_5,5992002976405283317,6370.0000,1950.0000,226.6667,102.8153
100-200,brg180,180,tour_5,5992002976405283318,2600.0000,1950.0000,33.3333,103.1133
100-200,ch130,130,tour_5,16876964372801195999,11209.0000,6110.0000,83.4534,80.8290
100-200,ch130,130,tour_5,16876964372801196000,9984.0000,6110.0000,63.4043,82.6864
100-200,ch130,130,tour_5,16876964372801196001,9614.0000,6110.0000,57.3486,81.5806
100-200,ch130,130,tour_5,16876964372801196002,10970.0000,6110.0000,79.5417,80.2628
100-200,ch130,130,tour_5,16876964372801196003,10344.0000,6110.0000,69.2962,80.5283
100-200,ch150,150,tour_5,5626944313091766253,13419.0000,6528.0000,105.5607,91.0099
100-200,ch150,150,tour_5,5626944313091766254,12175.0000,6528.0000,86.5043,89.4537
100-200,ch150,150,tour_5,5626944313091766255,11974.0000,6528.0000,83.4252,89.5275
100-200,ch150,150,tour_5,5626944313091766256,12853.0000,6528.0000,96.8903,89.3921
100-200,ch150,150,tour_5,5626944313091766257,12941.0000,6528.0000,98.2384,89.2570
100-200,d198,198,tour_5,6915186352475198724,21335.0000,15780.0000,35.2028,110.8748
100-200,d198,198,tour_5,6915186352475198725,21397.0000,15780.0000,35.5957,111.8366
100-200,d198,198,tour_5,6915186352475198726,21192.0000,15780.0000,34.2966,115.1171
100-200,d198,198,tour_5,6915186352475198727,21195.0000,15780.0000,34.3156,113.1052
100-200,d198,198,tour_5,6915186352475198728,21367.0000,15780.0000,35.4056,111.8198
100-200,eil101,101,tour_5,13383927448431676066,942.0000,629.0000,49.7615,64.1187
100-200,eil101,101,tour_5,13383927448431676067,921.0000,629.0000,46.4229,65.3997
100-200,eil101,101,tour_5,13383927448431676068,857.0000,629.0000,36.2480,64.5492
100-200,eil101,101,tour_5,13383927448431676069,813.0000,629.0000,29.2528,64.4272
100-200,eil101,101,tour_5,13383927448431676070,934.0000,629.0000,48.4897,65.0876
100-200,gr120,120,tour_5,1680895916286887234,10344.0000,6942.0000,49.0061,74.7085
100-200,gr120,120,tour_5,1680895916286887235,10291.0000,6942.0000,48.2426,76.1840
100-200,gr120,120,tour_5,1680895916286887236,10501.0000,6942.0000,51.2676,75.9184
100-200,gr120,120,tour_5,1680895916286887237,10905.0000,6942.0000,57.0873,74.0410
100-200,gr120,120,tour_5,1680895916286887238,10610.0000,6942.0000,52.8378,74.1022
100-200,gr137,137,tour_5,12934723342795395972,87870.0000,69853.0000,25.7927,80.4674
100-200,gr137,137,tour_5,12934723342795395973,87572.0000,69853.0000,25.3661,79.8742
100-200,gr137,137,tour_5,12934723342795395974,89350.0000,69853.0000,27.9115,79.8088
100-200,gr137,137,tour_5,12934723342795395975,91280.0000,69853.0000,30.6744,79.7477
100-200,gr137,137,tour_5,12934723342795395976,84020.0000,69853.0000,20.2812,82.0934
100-200,kroA100,100,tour_5,16638752901578124090,33536.0000,21282.0000,57.5792,64.6411
100-200,kroA100,100,tour_5,16638752901578124091,34744.0000,21282.0000,63.2553,65.2591
100-200,kroA100,100,tour_5,16638752901578124092,33503.0000,21282.0000,57.4241,65.3111
100-200,kroA100,100,tour_5,16638752901578124093,35796.0000,21282.0000,68.1985,65.1722
100-200,kroA100,100,tour_5,16638752901578124094,33299.0000,21282.0000,56.4656,64.2009
100-200,kroA150,150,tour_5,16183818862868877149,57687.0000,26524.0000,117.4898,88.3249
100-200,kroA150,150,tour_5,16183818862868877150,52734.0000,26524.0000,98.8162,89.2603
100-200,kroA150,150,tour_5,16183818862868877151,58688.0000,26524.0000,121.2638,91.2502
100-200,kroA150,150,tour_5,16183818862868877152,52726.0000,26524.0000,98.7860,90.6911
100-200,kroA150,150,tour_5,16183818862868877153,47499.0000,26524.0000,79.0793,88.4922
100-200,kroB100,100,tour_5,8429996250045019257,33885.0000,22141.0000,53.0419,64.1405
100-200,kroB100,100,tour_5,8429996250045019258,32855.0000,22141.0000,48.3899,64.3468
100-200,kroB100,100,tour_5,8429996250045019259,29415.0000,22141.0000,32.8531,62.9269
100-200,kroB100,100,tour_5,8429996250045019260,33043.0000,22141.0000,49.2390,63.5862
100-200,kroB100,100,tour_5,8429996250045019261,30686.0000,22141.0000,38.5936,63.6133
100-200,kroB150,150,tour_5,7975062211335772316,47584.0000,26130.0000,82.1049,98.6811
100-200,kroB150,150,tour_5,7975062211335772317,49075.0000,26130.0000,87.8109,89.5358
100-200,kroB150,150,tour_5,7975062211335772318,52320.0000,26130.0000,100.2296,90.4186
100-200,kroB150,150,tour_5,7975062211335772319,46160.0000,26130.0000,76.6552,89.3210
100-200,kroB150,150,tour_5,7975062211335772320,56260.0000,26130.0000,115.3081,89.2273
100-200,kroC100,100,tour_5,221239598511914424,34688.0000,20749.0000,67.1791,63.7249
100-200,kroC100,100,tour_5,221239598511914425,35831.0000,20749.0000,72.6878,65.9618
100-200,kroC100,100,tour_5,221239598511914426,35915.0000,20749.0000,73.0927,63.6550
100-200,kroC100,100,tour_5,221239598511914427,30469.0000,20749.0000,46.8456,64.5698
100-200,kroC100,100,tour_5,221239598511914428,32518.0000,20749.0000,56.7208,64.4795
100-200,kroD100,100,tour_5,10459227020688361207,33819.0000,21294.0000,58.8194,64.6802
100-200,kroD100,100,tour_5,10459227020688361208,33394.0000,21294.0000,56.8235,63.3745
100-200,kroD100,100,tour_5,10459227020688361209,35881.0000,21294.0000,68.5029,63.5638
100-200,kroD100,100,tour_5,10459227020688361210,31371.0000,21294.0000,47.3232,64.2429
100-200,kroD100,100,tour_5,10459227020688361211,28523.0000,21294.0000,33.9485,64.1223
100-200,kroE100,100,tour_5,2250470369155256374,36903.0000,22068.0000,67.2240,65.0310
100-200,kroE100,100,tour_5,2250470369155256375,34557.0000,22068.0000,56.5933,62.7414
100-200,kroE100,100,tour_5,2250470369155256376,34149.0000,22068.0000,54.7444,64.6180
100-200,kroE100,100,tour_5,2250470369155256377,29958.0000,22068.0000,35.7531,64.7769
100-200,kroE100,100,tour_5,2250470369155256378,37052.0000,22068.0000,67.8992,64.4918
100-200,lin105,105,tour_5,18263884541259549525,22477.0000,14379.0000,56.3182,63.2517
100-200,lin105,105,tour_5,18263884541259549526,21921.0000,14379.0000,52.4515,65.4868
100-200,lin105,105,tour_5,18263884541259549527,22801.0000,14379.0000,58.5715,63.7946
100-200,lin105,105,tour_5,18263884541259549528,23800.0000,14379.0000,65.5192,63.9603
100-200,lin105,105,tour_5,18263884541259549529,21846.0000,14379.0000,51.9299,63.7506
100-200,pr107,107,tour_5,8556183861779213460,53825.0000,44303.0000,21.4929,65.8535
100-200,pr107,107,tour_5,8556183861779213461,53321.0000,44303.0000,20.3553,67.3743
100-200,pr107,107,tour_5,8556183861779213462,52755.0000,44303.0000,19.0777,65.9402
100-200,pr107,107,tour_5,8556183861779213463,53793.0000,44303.0000,21.4207,65.6651
100-200,pr107,107,tour_5,8556183861779213464,53096.0000,44303.0000,19.8474,65.5267
100-200,pr124,124,tour_5,15107243277948507931,94222.0000,59030.0000,59.6171,74.4416
100-200,pr124,124,tour_5,15107243277948507932,96537.0000,59030.0000,63.5389,73.6616
100-200,pr124,124,tour_5,15107243277948507933,96470.0000,59030.0000,63.4254,75.1449
100-200,pr124,124,tour_5,15107243277948507934,96537.0000,59030.0000,63.5389,74.2076
100-200,pr124,124,tour_5,15107243277948507935,96666.0000,59030.0000,63.7574,74.0725
100-200,pr136,136,tour_5,12987133658932603260,185803.0000,96772.0000,92.0008,80.5038
100-200,pr136,136,tour_5,12987133658932603261,217331.0000,96772.0000,124.5805,80.7603
100-200,pr136,136,tour_5,12987133658932603262,166737.0000,96772.0000,72.2988,80.6560
100-200,pr136,136,tour_5,12987133658932603263,223622.0000,96772.0000,131.0813,82.2961
100-200,pr136,136,tour_5,12987133658932603264,165193.0000,96772.0000,70.7033,80.9982
100-200,pr144,144,tour_5,3857223218239078185,92442.0000,58537.0000,57.9206,83.9265
100-200,pr144,144,tour_5,3857223218239078186,92582.0000,58537.0000,58.1598,85.2611
100-200,pr144,144,tour_5,3857223218239078187,92787.0000,58537.0000,58.5100,83.9535
100-200,pr144,144,tour_5,3857223218239078188,92580.0000,58537.0000,58.1564,84.0981
100-200,pr144,144,tour_5,3857223218239078189,92580.0000,58537.0000,58.1564,84.0528
100-200,pr152,152,tour_5,13174056851255104726,146816.0000,73682.0000,99.2563,87.9266
100-200,pr152,152,tour_5,13174056851255104727,135567.0000,73682.0000,83.9893,88.0307
100-200,pr152,152,tour_5,13174056851255104728,146233.0000,73682.0000,98.4650,87.6254
100-200,pr152,152,tour_5,13174056851255104729,133551.0000,73682.0000,81.2532,87.5137
100-200,pr152,152,tour_5,13174056851255104730,137072.0000,73682.0000,86.0319,88.5314
100-200,rat195,195,tour_5,14966910767087091312,3746.0000,2323.0000,61.2570,108.2987
100-200,rat195,195,tour_5,14966910767087091313,3825.0000,2323.0000,64.6578,110.6145
100-200,rat195,195,tour_5,14966910767087091314,3781.0000,2323.0000,62.7637,108.7541
100-200,rat195,195,tour_5,14966910767087091315,3896.0000,2323.0000,67.7142,108.2332
100-200,rat195,195,tour_5,14966910767087091316,3890.0000,2323.0000,67.4559,108.2026
100-200,rd100,100,tour_5,12717661043820996449,12160.0000,7910.0000,53.7295,63.1106
100-200,rd100,100,tour_5,12717661043820996450,12841.0000,7910.0000,62.3388,64.9129
100-200,rd100,100,tour_5,12717661043820996451,12014.0000,7910.0000,51.8837,63.9360
100-200,rd100,100,tour_5,12717661043820996452,12596.0000,7910.0000,59.2415,64.0404
100-200,rd100,100,tour_5,12717661043820996453,13239.0000,7910.0000,67.3704,64.4774
100-200,si175,175,tour_5,4800383804997572843,23175.0000,21407.0000,8.2590,100.0120
100-200,si175,175,tour_5,4800383804997572844,23267.0000,21407.0000,8.6887,99.6236
100-200,si175,175,tour_5,4800383804997572845,23514.0000,21407.0000,9.8426,99.1743
100-200,si175,175,tour_5,4800383804997572846,23268.0000,21407.0000,8.6934,99.3494
100-200,si175,175,tour_5,4800383804997572847,23391.0000,21407.0000,9.2680,99.0165
100-200,u159,159,tour_5,6910964061935378756,42981.0000,42080.0000,2.1412,91.0226
100-200,u159,159,tour_5,6910964061935378757,42981.0000,42080.0000,2.1412,92.5303
100-200,u159,159,tour_5,6910964061935378758,43024.0000,42080.0000,2.2433,93.1855
100-200,u159,159,tour_5,6910964061935378759,43056.0000,42080.0000,2.3194,103.6021
100-200,u159,159,tour_5,6910964061935378760,43056.0000,42080.0000,2.3194,90.6702
100-200,bier127,127,xov_0.99,12507102488746951904,211086.0000,118282.0000,78.4600,89.6648
100-200,bier127,127,xov_0.99,12507102488746951905,205141.0000,118282.0000,73.4338,88.3298
100-200,bier127,127,xov_0.99,12507102488746951906,168058.0000,118282.0000,42.0825,84.9867
100-200,bier127,127,xov_0.99,12507102488746951907,203319.0000,118282.0000,71.8934,86.6856
100-200,bier127,127,xov_0.99,12507102488746951908,195517.0000,118282.0000,65.2973,86.2769
100-200,brg180,180,xov_0.99,3275310004153998486,6990.0000,1950.0000,258.4615,113.6252
100-200,brg180,180,xov_0.99,3275310004153998487,20220.0000,1950.0000,936.9231,115.8901
100-200,brg180,180,xov_0.99,3275310004153998488,16920.0000,1950.0000,767.6923,114.7988
100-200,brg180,180,xov_0.99,3275310004153998489,20050.0000,1950.0000,928.2051,114.5397
100-200,brg180,180,xov_0.99,3275310004153998490,33990.0000,1950.0000,1643.0769,115.1962
100-200,ch130,130,xov_0.99,10519558446929584491,12546.0000,6110.0000,105.3355,91.2080
100-200,ch130,130,xov_0.99,10519558446929584492,13066.0000,6110.0000,113.8462,91.8648
100-200,ch130,130,xov_0.99,10519558446929584493,12710.0000,6110.0000,108.0196,92.5841
100-200,ch130,130,xov_0.99,10519558446929584494,14322.0000,6110.0000,134.4026,90.8940
100-200,ch130,130,xov_0.99,10519558446929584495,13589.0000,6110.0000,122.4059,89.8619
100-200,ch150,150,xov_0.99,17716282460929706361,16375.0000,6528.0000,150.8425,99.0702
100-200,ch150,150,xov_0.99,17716282460929706362,16058.0000,6528.0000,145.9865,98.7804
100-200,ch150,150,xov_0.99,17716282460929706363,16318.0000,6528.0000,149.9694,99.8192
100-200,ch150,150,xov_0.99,17716282460929706364,14282.0000,6528.0000,118.7806,100.5402
100-200,ch150,150,xov_0.99,17716282460929706365,16837.0000,6528.0000,157.9197,100.3935
100-200,d198,198,xov_0.99,15597176632201310088,20881.0000,15780.0000,32.3257,118.6889
100-200,d198,198,xov_0.99,15597176632201310089,21020.0000,15780.0000,33.2066,120.6774
100-200,d198,198,xov_0.99,15597176632201310090,20665.0000,15780.0000,30.9569,121.3238
100-200,d198,198,xov_0.99,15597176632201310091,20840.0000,15780.0000,32.0659,116.3103
100-200,d198,198,xov_0.99,15597176632201310092,20435.0000,15780.0000,29.4994,116.7653
100-200,eil101,101,xov_0.99,10667234476180391238,878.0000,629.0000,39.5866,71.0502
100-200,eil101,101,xov_0.99,10667234476180391239,857.0000,629.0000,36.2480,71.5413
100-200,eil101,101,xov_0.99,10667234476180391240,952.0000,629.0000,51.3514,71.4586
100-200,eil101,101,xov_0.99,10667234476180391241,946.0000,629.0000,50.3975,72.5282
100-200,eil101,101,xov_0.99,10667234476180391242,882.0000,629.0000,40.2226,70.1858
100-200,gr120,120,xov_0.99,13770234064124827342,12211.0000,6942.0000,75.9003,81.7595
100-200,gr120,120,xov_0.99,13770234064124827343,12891.0000,6942.0000,85.6958,84.3553
100-200,gr120,120,xov_0.99,13770234064124827344,10901.0000,6942.0000,57.0297,82.1356
100-200,gr120,120,xov_0.99,13770234064124827345,10447.0000,6942.0000,50.4898,80.7419
100-200,gr120,120,xov_0.99,13770234064124827346,12472.0000,6942.0000,79.6600,83.1350
100-200,gr137,137,xov_0.99,6577317416923784464,85750.0000,69853.0000,22.7578,84.0175
100-200,gr137,137,xov_0.99,6577317416923784465,87108.0000,69853.0000,24.7019,84.3857
100-200,gr137,137,xov_0.99,6577317416923784466,88025.0000,69853.0000,26.0146,84.1058
100-200,gr137,137,xov_0.99,6577317416923784467,85184.0000,69853.0000,21.9475,84.8519
100-200,gr137,137,xov_0.99,6577317416923784468,89374.0000,69853.0000,27.9458,83.0183
100-200,kroA100,100,xov_0.99,11240110937141292326,43629.0000,21282.0000,105.0042,71.6564
100-200,kroA100,100,xov_0.99,11240110937141292327,36680.0000,21282.0000,72.3522,72.9203
100-200,kroA100,100,xov_0.99,11240110937141292328,35219.0000,21282.0000,65.4873,71.1068
100-200,kroA100,100,xov_0.99,11240110937141292329,34989.0000,21282.0000,64.4065,70.2305
100-200,kroA100,100,xov_0.99,11240110937141292330,31889.0000,21282.0000,49.8402,69.4061
100-200,kroA150,150,xov_0.99,10785176898432045385,71274.0000,26524.0000,168.7151,101.4434
100-200,kroA150,150,xov_0.99,10785176898432045386,71789.0000,26524.0000,170.6568,100.5754
100-200,kroA150,150,xov_0.99,10785176898432045387,76536.0000,26524.0000,188.5538,100.1177
100-200,kroA150,150,xov_0.99,10785176898432045388,71755.0000,26524.0000,170.5286,98.9953
100-200,kroA150,150,xov_0.99,10785176898432045389,73368.0000,26524.0000,176.6099,98.4804
100-200,kroB100,100,xov_0.99,3031354285608187493,38397.0000,22141.0000,73.4204,71.3241
100-200,kroB100,100,xov_0.99,3031354285608187494,31694.0000,22141.0000,43.1462,70.8556
100-200,kroB100,100,xov_0.99,3031354285608187495,39837.0000,22141.0000,79.9241,71.6665
100-200,kroB100,100,xov_0.99,3031354285608187496,34627.0000,22141.0000,56.3931,70.9550
100-200,kroB100,100,xov_0.99,3031354285608187497,38580.0000,22141.0000,74.2469,70.9891
100-200,kroB150,150,xov_0.99,2576420246898940552,72237.0000,26130.0000,176.4524,99.4360
100-200,kroB150,150,xov_0.99,2576420246898940553,66294.0000,26130.0000,153.7084,98.9712
100-200,kroB150,150,xov_0.99,2576420246898940554,66675.0000,26130.0000,155.1665,104.0928
100-200,kroB150,150,xov_0.99,2576420246898940555,71528.0000,26130.0000,173.7390,100.1412
100-200,kroB150,150,xov_0.99,2576420246898940556,59854.0000,26130.0000,129.0624,98.6706
100-200,kroC100,100,xov_0.99,13269341707784634276,32978.0000,20749.0000,58.9378,71.3093
100-200,kroC100,100,xov_0.99,13269341707784634277,35354.0000,20749.0000,70.3889,69.9335
100-200,kroC100,100,xov_0.99,13269341707784634278,33165.0000,20749.0000,59.8390,70.3161
100-200,kroC100,100,xov_0.99,13269341707784634279,29610.0000,20749.0000,42.7057,69.8282
100-200,kroC100,100,xov_0.99,13269341707784634280,33595.0000,20749.0000,61.9114,70.7846
100-200,kroD100,100,xov_0.99,5060585056251529443,31927.0000,21294.0000,49.9343,82.2680
100-200,kroD100,100,xov_0.99,5060585056251529444,28340.0000,21294.0000,33.0891,71.7408
100-200,kroD100,100,xov_0.99,5060585056251529445,40031.0000,21294.0000,87.9919,74.5935
100-200,kroD100,100,xov_0.99,5060585056251529446,38677.0000,21294.0000,81.6333,72.0302
100-200,kroD100,100,xov_0.99,5060585056251529447,34132.0000,21294.0000,60.2893,71.2144
100-200,kroE100,100,xov_0.99,15298572478427976226,33410.0000,22068.0000,51.3957,71.7043
100-200,kroE100,100,xov_0.99,15298572478427976227,33341.0000,22068.0000,51.0830,70.5727
100-200,kroE100,100,xov_0.99,15298572478427976228,36413.0000,22068.0000,65.0036,71.8138
100-200,kroE100,100,xov_0.99,15298572478427976229,33174.0000,22068.0000,50.3263,69.3159
100-200,kroE100,100,xov_0.99,15298572478427976230,34592.0000,22068.0000,56.7519,71.6101
100-200,lin105,105,xov_0.99,15547191569008264697,19797.0000,14379.0000,37.6799,69.3466
100-200,lin105,105,xov_0.99,15547191569008264698,20499.0000,14379.0000,42.5621,69.7148
100-200,lin105,105,xov_0.99,15547191569008264699,19494.0000,14379.0000,35.5727,68.0195
100-200,lin105,105,xov_0.99,15547191569008264700,20856.0000,14379.0000,45.0449,68.7029
100-200,lin105,105,xov_0.99,15547191569008264701,19024.0000,14379.0000,32.3041,68.6143
100-200,pr107,107,xov_0.99,2198777935907601952,52117.0000,44303.0000,17.6376,68.9383
100-200,pr107,107,xov_0.99,2198777935907601953,52322.0000,44303.0000,18.1004,69.9782
100-200,pr107,107,xov_0.99,2198777935907601954,52233.0000,44303.0000,17.8995,68.4438
100-200,pr107,107,xov_0.99,2198777935907601955,53265.0000,44303.0000,20.2289,67.7728
100-200,pr107,107,xov_0.99,2198777935907601956,51737.0000,44303.0000,16.7799,68.3197
100-200,pr124,124,xov_0.99,8749837352076896423,84012.0000,59030.0000,42.3209,77.6451
100-200,pr124,124,xov_0.99,8749837352076896424,92976.0000,59030.0000,57.5064,77.6735
100-200,pr124,124,xov_0.99,8749837352076896425,82576.0000,59030.0000,39.8882,78.8770
100-200,pr124,124,xov_0.99,8749837352076896426,95712.0000,59030.0000,62.1413,76.9962
100-200,pr124,124,xov_0.99,8749837352076896427,95830.0000,59030.0000,62.3412,77.3471
100-200,pr136,136,xov_0.99,6629727733060991752,160756.0000,96772.0000,66.1183,88.8209
100-200,pr136,136,xov_0.99,6629727733060991753,150334.0000,96772.0000,55.3487,88.0651
100-200,pr136,136,xov_0.99,6629727733060991754,170815.0000,96772.0000,76.5128,87.7741
100-200,pr136,136,xov_0.99,6629727733060991755,150322.0000,96772.0000,55.3363,88.0136
100-200,pr136,136,xov_0.99,6629727733060991756,154144.0000,96772.0000,59.2857,88.1232
100-200,pr144,144,xov_0.99,15946561366077018293,89624.0000,58537.0000,53.1066,88.2291
100-200,pr144,144,xov_0.99,15946561366077018294,92460.0000,58537.0000,57.9514,87.9247
100-200,pr144,144,xov_0.99,15946561366077018295,90033.0000,58537.0000,53.8053,89.6556
100-200,pr144,144,xov_0.99,15946561366077018296,85930.0000,58537.0000,46.7960,87.1628
100-200,pr144,144,xov_0.99,15946561366077018297,88294.0000,58537.0000,50.8345,87.2806
100-200,pr152,152,xov_0.99,6816650925383493218,133171.0000,73682.0000,80.7375,92.1825
100-200,pr152,152,xov_0.99,6816650925383493219,115294.0000,73682.0000,56.4751,94.0650
100-200,pr152,152,xov_0.99,6816650925383493220,125774.0000,73682.0000,70.6984,94.7466
100-200,pr152,152,xov_0.99,6816650925383493221,135200.0000,73682.0000,83.4912,93.8209
100-200,pr152,152,xov_0.99,6816650925383493222,126931.0000,73682.0000,72.2687,93.8551
100-200,rat195,195,xov_0.99,12250217794835806484,3473.0000,2323.0000,49.5050,115.2539
100-200,rat195,195,xov_0.99,12250217794835806485,3500.0000,2323.0000,50.6672,117.7241
100-200,rat195,195,xov_0.99,12250217794835806486,3618.0000,2323.0000,55.7469,116.7661
100-200,rat195,195,xov_0.99,12250217794835806487,3487.0000,2323.0000,50.1076,115.2178
100-200,rat195,195,xov_0.99,12250217794835806488,3529.0000,2323.0000,51.9156,114.7755
100-200,rd100,100,xov_0.99,6360255117949384941,11199.0000,7910.0000,41.5803,69.5443
100-200,rd100,100,xov_0.99,6360255117949384942,13791.0000,7910.0000,74.3489,71.9745
100-200,rd100,100,xov_0.99,6360255117949384943,13463.0000,7910.0000,70.2023,70.5877
100-200,rd100,100,xov_0.99,6360255117949384944,12035.0000,7910.0000,52.1492,71.5743
100-200,rd100,100,xov_0.99,6360255117949384945,11818.0000,7910.0000,49.4058,70.9397
100-200,si175,175,xov_0.99,16889721952835512951,23288.0000,21407.0000,8.7868,105.1692
100-200,si175,175,xov_0.99,16889721952835512952,23106.0000,21407.0000,7.9367,105.4749
100-200,si175,175,xov_0.99,16889721952835512953,23245.0000,21407.0000,8.5860,107.2081
100-200,si175,175,xov_0.99,16889721952835512954,23338.0000,21407.0000,9.0204,108.3232
100-200,si175,175,xov_0.99,16889721952835512955,22891.0000,21407.0000,6.9323,105.9938
100-200,u159,159,xov_0.99,15592954341661490120,43047.0000,42080.0000,2.2980,95.2489
100-200,u159,159,xov_0.99,15592954341661490121,43014.0000,42080.0000,2.2196,96.9279
100-200,u159,159,xov_0.99,15592954341661490122,42970.0000,42080.0000,2.1150,95.4856
100-200,u159,159,xov_0.99,15592954341661490123,43092.0000,42080.0000,2.4049,96.1894
100-200,u159,159,xov_0.99,15592954341661490124,42972.0000,42080.0000,2.1198,98.1483
100-200,bier127,127,pmx_0.30,8185286797033792527,188731.0000,118282.0000,59.5602,58.7159
100-200,bier127,127,pmx_0.30,8185286797033792528,188052.0000,118282.0000,58.9862,57.7734
100-200,bier127,127,pmx_0.30,8185286797033792529,178095.0000,118282.0000,50.5681,55.5008
100-200,bier127,127,pmx_0.30,8185286797033792530,200173.0000,118282.0000,69.2337,55.5232
100-200,bier127,127,pmx_0.30,8185286797033792531,183861.0000,118282.0000,55.4429,54.8249
100-200,brg180,180,pmx_0.30,4791282287505845115,9940.0000,1950.0000,409.7436,71.5851
100-200,brg180,180,pmx_0.30,4791282287505845116,2870.0000,1950.0000,47.1795,73.4749
100-200,brg180,180,pmx_0.30,4791282287505845117,9690.0000,1950.0000,396.9231,70.6303
100-200,brg180,180,pmx_0.30,4791282287505845118,2700.0000,1950.0000,38.4615,87.8640
100-200,brg180,180,pmx_0.30,4791282287505845119,2690.0000,1950.0000,37.9487,73.0221
100-200,ch130,130,pmx_0.30,11376019795980036066,14335.0000,6110.0000,134.6154,57.4168
100-200,ch130,130,pmx_0.30,11376019795980036067,13139.0000,6110.0000,115.0409,58.4211
100-200,ch130,130,pmx_0.30,11376019795980036068,13338.0000,6110.0000,118.2979,58.0125
100-200,ch130,130,pmx_0.30,11376019795980036069,13732.0000,6110.0000,124.7463,57.4575
100-200,ch130,130,pmx_0.30,11376019795980036070,13324.0000,6110.0000,118.0687,59.4429
100-200,ch150,150,pmx_0.30,125999736270606320,14547.0000,6528.0000,122.8401,65.5698
100-200,ch150,150,pmx_0.30,125999736270606321,16110.0000,6528.0000,146.7831,65.6202
100-200,ch150,150,pmx_0.30,125999736270606322,15602.0000,6528.0000,139.0012,65.9526
100-200,ch150,150,pmx_0.30,125999736270606323,16681.0000,6528.0000,155.5300,69.7904
100-200,ch150,150,pmx_0.30,125999736270606324,14691.0000,6528.0000,125.0460,66.5029
100-200,d198,198,pmx_0.30,16307788706381449093,21600.0000,15780.0000,36.8821,78.4442
100-200,d198,198,pmx_0.30,16307788706381449094,21357.0000,15780.0000,35.3422,78.5204
100-200,d198,198,pmx_0.30,16307788706381449095,21479.0000,15780.0000,36.1153,76.7905
100-200,d198,198,pmx_0.30,16307788706381449096,21354.0000,15780.0000,35.3232,77.4229
100-200,d198,198,pmx_0.30,16307788706381449097,21426.0000,15780.0000,35.7795,77.2123
100-200,eil101,101,pmx_0.30,12183206759532237867,1003.0000,629.0000,59.4595,47.2679
100-200,eil101,101,pmx_0.30,12183206759532237868,1076.0000,629.0000,71.0652,48.2659
100-200,eil101,101,pmx_0.30,12183206759532237869,1048.0000,629.0000,66.6137,47.0163
100-200,eil101,101,pmx_0.30,12183206759532237870,957.0000,629.0000,52.1463,47.1867
100-200,eil101,101,pmx_0.30,12183206759532237871,1025.0000,629.0000,62.9571,46.7919
100-200,gr120,120,pmx_0.30,14626695413175278917,15534.0000,6942.0000,123.7684,53.6778
100-200,gr120,120,pmx_0.30,14626695413175278918,14164.0000,6942.0000,104.0334,55.7707
100-200,gr120,120,pmx_0.30,14626695413175278919,14722.0000,6942.0000,112.0714,54.2733
100-200,gr120,120,pmx_0.30,14626695413175278920,15460.0000,6942.0000,122.7024,55.6429
100-200,gr120,120,pmx_0.30,14626695413175278921,12235.0000,6942.0000,76.2460,54.2163
100-200,gr137,137,pmx_0.30,7433778765974236039,89885.0000,69853.0000,28.6774,57.5852
100-200,gr137,137,pmx_0.30,7433778765974236040,91698.0000,69853.0000,31.2728,57.4890
100-200,gr137,137,pmx_0.30,7433778765974236041,89429.0000,69853.0000,28.0246,57.9763
100-200,gr137,137,pmx_0.30,7433778765974236042,90232.0000,69853.0000,29.1741,58.2030
100-200,gr137,137,pmx_0.30,7433778765974236043,91266.0000,69853.0000,30.6544,57.8128
100-200,kroA100,100,pmx_0.30,6918295245428132949,49739.0000,21282.0000,133.7139,46.9167
100-200,kroA100,100,pmx_0.30,6918295245428132950,43310.0000,21282.0000,103.5053,48.4936
100-200,kroA100,100,pmx_0.30,6918295245428132951,45675.0000,21282.0000,114.6180,46.7300
100-200,kroA100,100,pmx_0.30,6918295245428132952,50507.0000,21282.0000,137.3226,47.3433
100-200,kroA100,100,pmx_0.30,6918295245428132953,47859.0000,21282.0000,124.8802,47.0029
100-200,kroA150,150,pmx_0.30,6463361206718886008,68494.0000,26524.0000,158.2341,64.3665
100-200,kroA150,150,pmx_0.30,6463361206718886009,71873.0000,26524.0000,170.9735,64.0839
100-200,kroA150,150,pmx_0.30,6463361206718886010,65078.0000,26524.0000,145.3552,63.3487
100-200,kroA150,150,pmx_0.30,6463361206718886011,66917.0000,26524.0000,152.2885,63.7631
100-200,kroA150,150,pmx_0.30,6463361206718886012,73801.0000,26524.0000,178.2423,63.5953
100-200,kroB100,100,pmx_0.30,17156282667604579732,42636.0000,22141.0000,92.5658,47.4530
100-200,kroB100,100,pmx_0.30,17156282667604579733,42445.0000,22141.0000,91.7032,47.0450
100-200,kroB100,100,pmx_0.30,17156282667604579734,47799.0000,22141.0000,115.8846,46.4464
100-200,kroB100,100,pmx_0.30,17156282667604579735,42846.0000,22141.0000,93.5143,45.9880
100-200,kroB100,100,pmx_0.30,17156282667604579736,39617.0000,22141.0000,78.9305,46.6436
100-200,kroB150,150,pmx_0.30,16701348628895332791,68717.0000,26130.0000,162.9812,63.5167
100-200,kroB150,150,pmx_0.30,16701348628895332792,66310.0000,26130.0000,153.7696,63.8107
100-200,kroB150,150,pmx_0.30,16701348628895332793,67222.0000,26130.0000,157.2599,63.7980
100-200,kroB150,150,pmx_0.30,16701348628895332794,72007.0000,26130.0000,175.5721,64.0912
100-200,kroB150,150,pmx_0.30,16701348628895332795,69438.0000,26130.0000,165.7405,64.0132
100-200,kroC100,100,pmx_0.30,8947526016071474899,42860.0000,20749.0000,106.5642,47.2799
100-200,kroC100,100,pmx_0.30,8947526016071474900,39609.0000,20749.0000,90.8959,46.6064
100-200,kroC100,100,pmx_0.30,8947526016071474901,39385.0000,20749.0000,89.8164,47.0604
100-200,kroC100,100,pmx_0.30,8947526016071474902,49198.0000,20749.0000,137.1102,46.9208
100-200,kroC100,100,pmx_0.30,8947526016071474903,43099.0000,20749.0000,107.7160,47.2175
100-200,kroD100,100,pmx_0.30,738769364538370066,43895.0000,21294.0000,106.1379,46.4645
100-200,kroD100,100,pmx_0.30,738769364538370067,45114.0000,21294.0000,111.8625,46.8525
100-200,kroD100,100,pmx_0.30,738769364538370068,44449.0000,21294.0000,108.7396,46.5829
100-200,kroD100,100,pmx_0.30,738769364538370069,40699.0000,21294.0000,91.1290,46.7192
100-200,kroD100,100,pmx_0.30,738769364538370070,41619.0000,21294.0000,95.4494,46.9576
100-200,kroE100,100,pmx_0.30,10976756786714816849,39046.0000,22068.0000,76.9349,46.8755
100-200,kroE100,100,pmx_0.30,10976756786714816850,42484.0000,22068.0000,92.5140,47.3210
100-200,kroE100,100,pmx_0.30,10976756786714816851,42370.0000,22068.0000,91.9975,47.3097
100-200,kroE100,100,pmx_0.30,10976756786714816852,42341.0000,22068.0000,91.8661,47.1079
100-200,kroE100,100,pmx_0.30,10976756786714816853,44371.0000,22068.0000,101.0649,47.2303
100-200,lin105,105,pmx_0.30,17063163852360111326,23090.0000,14379.0000,60.5814,47.5012
100-200,lin105,105,pmx_0.30,17063163852360111327,22865.0000,14379.0000,59.0166,49.1944
100-200,lin105,105,pmx_0.30,17063163852360111328,24492.0000,14379.0000,70.3317,46.3043
100-200,lin105,105,pmx_0.30,17063163852360111329,25074.0000,14379.0000,74.3793,46.3177
100-200,lin105,105,pmx_0.30,17063163852360111330,23085.0000,14379.0000,60.5466,47.4169
100-200,pr107,107,pmx_0.30,3055239284958053527,53777.0000,44303.0000,21.3846,47.8198
100-200,pr107,107,pmx_0.30,3055239284958053528,53743.0000,44303.0000,21.3078,48.3753
100-200,pr107,107,pmx_0.30,3055239284958053529,54272.0000,44303.0000,22.5019,48.0632
100-200,pr107,107,pmx_0.30,3055239284958053530,53407.0000,44303.0000,20.5494,47.7351
100-200,pr107,107,pmx_0.30,3055239284958053531,53904.0000,44303.0000,21.6712,47.6782
100-200,pr124,124,pmx_0.30,9606298701127347998,94124.0000,59030.0000,59.4511,53.1009
100-200,pr124,124,pmx_0.30,9606298701127347999,96537.0000,59030.0000,63.5389,52.8189
100-200,pr124,124,pmx_0.30,9606298701127348000,96502.0000,59030.0000,63.4796,53.2175
100-200,pr124,124,pmx_0.30,9606298701127348001,96638.0000,59030.0000,63.7100,53.1991
100-200,pr124,124,pmx_0.30,9606298701127348002,96502.0000,59030.0000,63.4796,52.4522
100-200,pr136,136,pmx_0.30,7486189082111443327,238738.0000,96772.0000,146.7015,57.8862
100-200,pr136,136,pmx_0.30,7486189082111443328,249993.0000,96772.0000,158.3320,57.2438
100-200,pr136,136,pmx_0.30,7486189082111443329,230301.0000,96772.0000,137.9831,59.0987
100-200,pr136,136,pmx_0.30,7486189082111443330,241807.0000,96772.0000,149.8729,58.6086
100-200,pr136,136,pmx_0.30,7486189082111443331,237950.0000,96772.0000,145.8872,57.5886
100-200,pr144,144,pmx_0.30,16803022715127469868,92589.0000,58537.0000,58.1718,60.3121
100-200,pr144,144,pmx_0.30,16803022715127469869,92580.0000,58537.0000,58.1564,60.8013
100-200,pr144,144,pmx_0.30,16803022715127469870,92589.0000,58537.0000,58.1718,60.4075
100-200,pr144,144,pmx_0.30,16803022715127469871,92442.0000,58537.0000,57.9206,60.3555
100-200,pr144,144,pmx_0.30,16803022715127469872,93031.0000,58537.0000,58.9268,60.2856
100-200,pr152,152,pmx_0.30,7673112274433944793,146416.0000,73682.0000,98.7134,63.0688
100-200,pr152,152,pmx_0.30,7673112274433944794,148248.0000,73682.0000,101.1998,62.7217
100-200,pr152,152,pmx_0.30,7673112274433944795,150026.0000,73682.0000,103.6128,62.1545
100-200,pr152,152,pmx_0.30,7673112274433944796,151053.0000,73682.0000,105.0067,62.1686
100-200,pr152,152,pmx_0.30,7673112274433944797,146896.0000,73682.0000,99.3648,62.3743
100-200,rat195,195,pmx_0.30,13766190078187653113,3884.0000,2323.0000,67.1976,75.8865
100-200,rat195,195,pmx_0.30,13766190078187653114,3639.0000,2323.0000,56.6509,82.2800
100-200,rat195,195,pmx_0.30,13766190078187653115,3889.0000,2323.0000,67.4128,77.1395
100-200,rat195,195,pmx_0.30,13766190078187653116,3871.0000,2323.0000,66.6380,74.9343
100-200,rat195,195,pmx_0.30,13766190078187653117,3805.0000,2323.0000,63.7968,75.9193
100-200,rd100,100,pmx_0.30,7216716466999836516,15554.0000,7910.0000,96.6372,47.0297
100-200,rd100,100,pmx_0.30,7216716466999836517,14098.0000,7910.0000,78.2301,48.2098
100-200,rd100,100,pmx_0.30,7216716466999836518,13172.0000,7910.0000,66.5234,46.8975
100-200,rd100,100,pmx_0.30,7216716466999836519,16779.0000,7910.0000,112.1239,46.5950
100-200,rd100,100,pmx_0.30,7216716466999836520,16773.0000,7910.0000,112.0480,46.5977
100-200,si175,175,pmx_0.30,17746183301885964526,24084.0000,21407.0000,12.5053,69.2040
100-200,si175,175,pmx_0.30,17746183301885964527,23785.0000,21407.0000,11.1085,69.6680
100-200,si175,175,pmx_0.30,17746183301885964528,24048.0000,21407.0000,12.3371,70.9832
100-200,si175,175,pmx_0.30,17746183301885964529,23984.0000,21407.0000,12.0381,69.2887
100-200,si175,175,pmx_0.30,17746183301885964530,23610.0000,21407.0000,10.2910,69.7301
100-200,u159,159,pmx_0.30,16303566415841629125,42981.0000,42080.0000,2.1412,64.9041
100-200,u159,159,pmx_0.30,16303566415841629126,42981.0000,42080.0000,2.1412,65.9984
100-200,u159,159,pmx_0.30,16303566415841629127,42981.0000,42080.0000,2.1412,64.7718
100-200,u159,159,pmx_0.30,16303566415841629128,42981.0000,42080.0000,2.1412,66.8607
100-200,u159,159,pmx_0.30,16303566415841629129,43152.0000,42080.0000,2.5475,64.5842
100-200,bier127,127,pmx_0.60,382271087439788278,193913.0000,118282.0000,63.9413,59.8514
100-200,bier127,127,pmx_0.60,382271087439788279,168245.0000,118282.0000,42.2406,58.3704
100-200,bier127,127,pmx_0.60,382271087439788280,193839.0000,118282.0000,63.8787,55.5647
100-200,bier127,127,pmx_0.60,382271087439788281,184467.0000,118282.0000,55.9553,57.3132
100-200,bier127,127,pmx_0.60,382271087439788282,200022.0000,118282.0000,69.1060,56.0477
100-200,brg180,180,pmx_0.60,3323568879515848776,9650.0000,1950.0000,394.8718,71.8722
100-200,brg180,180,pmx_0.60,3323568879515848777,9670.0000,1950.0000,395.8974,73.4321
100-200,brg180,180,pmx_0.60,3323568879515848778,2790.0000,1950.0000,43.0769,71.5898
100-200,brg180,180,pmx_0.60,3323568879515848779,6110.0000,1950.0000,213.3333,75.1748
100-200,brg180,180,pmx_0.60,3323568879515848780,6190.0000,1950.0000,217.4359,72.6421
100-200,ch130,130,pmx_0.60,7140370669115329617,12465.0000,6110.0000,104.0098,59.8643
100-200,ch130,130,pmx_0.60,7140370669115329618,13672.0000,6110.0000,123.7643,59.9900
100-200,ch130,130,pmx_0.60,7140370669115329619,12286.0000,6110.0000,101.0802,58.8973
100-200,ch130,130,pmx_0.60,7140370669115329620,14461.0000,6110.0000,136.6776,58.8877
100-200,ch130,130,pmx_0.60,7140370669115329621,13689.0000,6110.0000,124.0426,66.0404
100-200,ch150,150,pmx_0.60,14337094683115451487,16210.0000,6528.0000,148.3150,67.5259
100-200,ch150,150,pmx_0.60,14337094683115451488,15542.0000,6528.0000,138.0821,66.1363
100-200,ch150,150,pmx_0.60,14337094683115451489,16384.0000,6528.0000,150.9804,69.5110
100-200,ch150,150,pmx_0.60,14337094683115451490,17018.0000,6528.0000,160.6924,67.9399
100-200,ch150,150,pmx_0.60,14337094683115451491,16544.0000,6528.0000,153.4314,66.7711
100-200,d198,198,pmx_0.60,1349082439663302698,21486.0000,15780.0000,36.1597,78.2470
100-200,d198,198,pmx_0.60,1349082439663302699,21431.0000,15780.0000,35.8112,78.9868
100-200,d198,198,pmx_0.60,1349082439663302700,21306.0000,15780.0000,35.0190,78.0508
100-200,d198,198,pmx_0.60,1349082439663302701,21693.0000,15780.0000,37.4715,77.4391
100-200,d198,198,pmx_0.60,1349082439663302702,21573.0000,15780.0000,36.7110,79.9231
100-200,eil101,101,pmx_0.60,10715493351542241528,1003.0000,629.0000,59.4595,48.5459
100-200,eil101,101,pmx_0.60,10715493351542241529,1041.0000,629.0000,65.5008,49.5966
100-200,eil101,101,pmx_0.60,10715493351542241530,1026.0000,629.0000,63.1161,48.2721
100-200,eil101,101,pmx_0.60,10715493351542241531,1161.0000,629.0000,84.5787,48.6625
100-200,eil101,101,pmx_0.60,10715493351542241532,1038.0000,629.0000,65.0238,53.9275
100-200,gr120,120,pmx_0.60,10391046286310572468,14258.0000,6942.0000,105.3875,55.6797
100-200,gr120,120,pmx_0.60,10391046286310572469,14779.0000,6942.0000,112.8925,57.4461
100-200,gr120,120,pmx_0.60,10391046286310572470,16363.0000,6942.0000,135.7102,55.7667
100-200,gr120,120,pmx_0.60,10391046286310572471,14320.0000,6942.0000,106.2806,55.4291
100-200,gr120,120,pmx_0.60,10391046286310572472,15318.0000,6942.0000,120.6569,55.8082
100-200,gr137,137,pmx_0.60,3198129639109529590,89425.0000,69853.0000,28.0188,58.9926
100-200,gr137,137,pmx_0.60,3198129639109529591,90182.0000,69853.0000,29.1025,59.0342
100-200,gr137,137,pmx_0.60,3198129639109529592,89419.0000,69853.0000,28.0103,58.7479
100-200,gr137,137,pmx_0.60,3198129639109529593,90876.0000,69853.0000,30.0961,58.6758
100-200,gr137,137,pmx_0.60,3198129639109529594,89706.0000,69853.0000,28.4211,58.1928
100-200,kroA100,100,pmx_0.60,17562023609543680316,46282.0000,21282.0000,117.4702,48.4514
100-200,kroA100,100,pmx_0.60,17562023609543680317,41638.0000,21282.0000,95.6489,49.3925
100-200,kroA100,100,pmx_0.60,17562023609543680318,44390.0000,21282.0000,108.5800,48.4213
100-200,kroA100,100,pmx_0.60,17562023609543680319,45250.0000,21282.0000,112.6210,49.3788
100-200,kroA100,100,pmx_0.60,17562023609543680320,44924.0000,21282.0000,111.0892,48.9689
100-200,kroA150,150,pmx_0.60,17107089570834433375,74809.0000,26524.0000,182.0427,65.0921
100-200,kroA150,150,pmx_0.60,17107089570834433376,77075.0000,26524.0000,190.5859,64.9053
100-200,kroA150,150,pmx_0.60,17107089570834433377,77603.0000,26524.0000,192.5765,65.5376
100-200,kroA150,150,pmx_0.60,17107089570834433378,73920.0000,26524.0000,178.6910,65.4003
100-200,kroA150,150,pmx_0.60,17107089570834433379,67560.0000,26524.0000,154.7127,64.5698
100-200,kroB100,100,pmx_0.60,9353266958010575483,43628.0000,22141.0000,97.0462,48.2709
100-200,kroB100,100,pmx_0.60,9353266958010575484,41657.0000,22141.0000,88.1442,48.9880
100-200,kroB100,100,pmx_0.60,9353266958010575485,39745.0000,22141.0000,79.5086,48.4033
100-200,kroB100,100,pmx_0.60,9353266958010575486,39283.0000,22141.0000,77.4220,48.8311
100-200,kroB100,100,pmx_0.60,9353266958010575487,48161.0000,22141.0000,117.5195,48.3331
100-200,kroB150,150,pmx_0.60,8898332919301328542,72798.0000,26130.0000,178.5993,64.7851
100-200,kroB150,150,pmx_0.60,8898332919301328543,70529.0000,26130.0000,169.9158,65.2438
100-200,kroB150,150,pmx_0.60,8898332919301328544,70153.0000,26130.0000,168.4768,65.3294
100-200,kroB150,150,pmx_0.60,8898332919301328545,77274.0000,26130.0000,195.7290,65.0933
100-200,kroB150,150,pmx_0.60,8898332919301328546,66935.0000,26130.0000,156.1615,64.3832
100-200,kroC100,100,pmx_0.60,1144510306477470650,40443.0000,20749.0000,94.9154,48.5788
100-200,kroC100,100,pmx_0.60,1144510306477470651,47163.0000,20749.0000,127.3025,48.1691
100-200,kroC100,100,pmx_0.60,1144510306477470652,46214.0000,20749.0000,122.7288,48.8093
100-200,kroC100,100,pmx_0.60,1144510306477470653,43762.0000,20749.0000,110.9114,48.1613
100-200,kroC100,100,pmx_0.60,1144510306477470654,41399.0000,20749.0000,99.5229,48.3682
100-200,kroD100,100,pmx_0.60,11382497728653917433,42694.0000,21294.0000,100.4978,48.5323
100-200,kroD100,100,pmx_0.60,11382497728653917434,49554.0000,21294.0000,132.7134,48.2458
100-200,kroD100,100,pmx_0.60,11382497728653917435,39354.0000,21294.0000,84.8126,48.3874
100-200,kroD100,100,pmx_0.60,11382497728653917436,38286.0000,21294.0000,79.7971,61.6923
100-200,kroD100,100,pmx_0.60,11382497728653917437,41809.0000,21294.0000,96.3417,47.3843
100-200,kroE100,100,pmx_0.60,3173741077120812600,49485.0000,22068.0000,124.2387,48.3495
100-200,kroE100,100,pmx_0.60,3173741077120812601,38966.0000,22068.0000,76.5724,48.7959
100-200,kroE100,100,pmx_0.60,3173741077120812602,42850.0000,22068.0000,94.1726,49.1072
100-200,kroE100,100,pmx_0.60,3173741077120812603,50295.0000,22068.0000,127.9092,47.9165
100-200,kroE100,100,pmx_0.60,3173741077120812604,42985.0000,22068.0000,94.7843,48.4876
100-200,lin105,105,pmx_0.60,15595450444370114987,21922.0000,14379.0000,52.4584,48.4490
100-200,lin105,105,pmx_0.60,15595450444370114988,23265.0000,14379.0000,61.7985,49.4161
100-200,lin105,105,pmx_0.60,15595450444370114989,24189.0000,14379.0000,68.2245,48.4801
100-200,lin105,105,pmx_0.60,15595450444370114990,23663.0000,14379.0000,64.5664,48.4269
100-200,lin105,105,pmx_0.60,15595450444370114991,25040.0000,14379.0000,74.1428,48.3353
100-200,pr107,107,pmx_0.60,17266334231802898694,54465.0000,44303.0000,22.9375,49.4875
100-200,pr107,107,pmx_0.60,17266334231802898695,53766.0000,44303.0000,21.3597,48.5195
100-200,pr107,107,pmx_0.60,17266334231802898696,53567.0000,44303.0000,20.9105,48.6895
100-200,pr107,107,pmx_0.60,17266334231802898697,53752.0000,44303.0000,21.3281,49.0050
100-200,pr107,107,pmx_0.60,17266334231802898698,53028.0000,44303.0000,19.6939,49.3884
100-200,pr124,124,pmx_0.60,5370649574262641549,96537.0000,59030.0000,63.5389,54.4661
100-200,pr124,124,pmx_0.60,5370649574262641550,96502.0000,59030.0000,63.4796,54.3607
100-200,pr124,124,pmx_0.60,5370649574262641551,96526.0000,59030.0000,63.5202,54.9701
100-200,pr124,124,pmx_0.60,5370649574262641552,96561.0000,59030.0000,63.5795,55.7386
100-200,pr124,124,pmx_0.60,5370649574262641553,96891.0000,59030.0000,64.1386,55.6400
100-200,pr136,136,pmx_0.60,3250539955246736878,246998.0000,96772.0000,155.2371,60.2242
100-200,pr136,136,pmx_0.60,3250539955246736879,244593.0000,96772.0000,152.7518,59.2262
100-200,pr136,136,pmx_0.60,3250539955246736880,245792.0000,96772.0000,153.9908,59.7944
100-200,pr136,136,pmx_0.60,3250539955246736881,239395.0000,96772.0000,147.3804,58.8539
100-200,pr136,136,pmx_0.60,3250539955246736882,240164.0000,96772.0000,148.1751,58.8344
100-200,pr144,144,pmx_0.60,12567373588262763419,92580.0000,58537.0000,58.1564,62.3221
100-200,pr144,144,pmx_0.60,12567373588262763420,92580.0000,58537.0000,58.1564,63.6009
100-200,pr144,144,pmx_0.60,12567373588262763421,92580.0000,58537.0000,58.1564,61.8533
100-200,pr144,144,pmx_0.60,12567373588262763422,92486.0000,58537.0000,57.9958,61.8805
100-200,pr144,144,pmx_0.60,12567373588262763423,92482.0000,58537.0000,57.9890,61.2085
100-200,pr152,152,pmx_0.60,3437463147569238344,149020.0000,73682.0000,102.2475,63.8332
100-200,pr152,152,pmx_0.60,3437463147569238345,148695.0000,73682.0000,101.8064,64.1786
100-200,pr152,152,pmx_0.60,3437463147569238346,148172.0000,73682.0000,101.0966,63.8926
100-200,pr152,152,pmx_0.60,3437463147569238347,150367.0000,73682.0000,104.0756,64.3500
100-200,pr152,152,pmx_0.60,3437463147569238348,149962.0000,73682.0000,103.5260,62.5429
100-200,rat195,195,pmx_0.60,12298476670197656774,3862.0000,2323.0000,66.2505,76.7996
100-200,rat195,195,pmx_0.60,12298476670197656775,3714.0000,2323.0000,59.8795,77.4143
100-200,rat195,195,pmx_0.60,12298476670197656776,3944.0000,2323.0000,69.7805,76.9631
100-200,rat195,195,pmx_0.60,12298476670197656777,3942.0000,2323.0000,69.6944,76.1508
100-200,rat195,195,pmx_0.60,12298476670197656778,3914.0000,2323.0000,68.4890,76.9593
100-200,rd100,100,pmx_0.60,2981067340135130067,15786.0000,7910.0000,99.5702,48.4533
100-200,rd100,100,pmx_0.60,2981067340135130068,15511.0000,7910.0000,96.0936,49.2767
100-200,rd100,100,pmx_0.60,2981067340135130069,15588.0000,7910.0000,97.0670,48.0109
100-200,rd100,100,pmx_0.60,2981067340135130070,15427.0000,7910.0000,95.0316,48.8853
100-200,rd100,100,pmx_0.60,2981067340135130071,14498.0000,7910.0000,83.2870,48.2375
100-200,si175,175,pmx_0.60,13510534175021258077,23607.0000,21407.0000,10.2770,70.6416
100-200,si175,175,pmx_0.60,13510534175021258078,23654.0000,21407.0000,10.4966,71.0375
100-200,si175,175,pmx_0.60,13510534175021258079,23626.0000,21407.0000,10.3658,77.1783
100-200,si175,175,pmx_0.60,13510534175021258080,23767.0000,21407.0000,11.0244,71.1371
100-200,si175,175,pmx_0.60,13510534175021258081,23858.0000,21407.0000,11.4495,71.0668
100-200,u159,159,pmx_0.60,1344860149123482730,43056.0000,42080.0000,2.3194,67.7472
100-200,u159,159,pmx_0.60,1344860149123482731,42981.0000,42080.0000,2.1412,67.1194
100-200,u159,159,pmx_0.60,1344860149123482732,42981.0000,42080.0000,2.1412,66.3633
100-200,u159,159,pmx_0.60,1344860149123482733,42981.0000,42080.0000,2.1412,65.7967
100-200,u159,159,pmx_0.60,1344860149123482734,42981.0000,42080.0000,2.1412,65.9978
100-200,bier127,127,budget_200x450,13467762547524683439,191120.0000,118282.0000,61.5800,85.9535
100-200,bier127,127,budget_200x450,13467762547524683440,202618.0000,118282.0000,71.3008,83.9883
100-200,bier127,127,budget_200x450,13467762547524683441,165211.0000,118282.0000,39.6755,80.5370
100-200,bier127,127,budget_200x450,13467762547524683442,173412.0000,118282.0000,46.6090,81.5677
100-200,bier127,127,budget_200x450,13467762547524683443,201734.0000,118282.0000,70.5534,83.5423
100-200,brg180,180,budget_200x450,8915236897338424411,23690.0000,1950.0000,1114.8718,106.4397
100-200,brg180,180,budget_200x450,8915236897338424412,23760.0000,1950.0000,1118.4615,109.6790
100-200,brg180,180,budget_200x450,8915236897338424413,23670.0000,1950.0000,1113.8462,109.0552
100-200,brg180,180,budget_200x450,8915236897338424414,6270.0000,1950.0000,221.5385,108.6292
100-200,brg180,180,budget_200x450,8915236897338424415,9880.0000,1950.0000,406.6667,107.8661
100-200,ch130,130,budget_200x450,18166612697872334210,13233.0000,6110.0000,116.5794,85.7757
100-200,ch130,130,budget_200x450,18166612697872334211,11975.0000,6110.0000,95.9902,87.3315
100-200,ch130,130,budget_200x450,18166612697872334212,13163.0000,6110.0000,115.4337,85.3432
100-200,ch130,130,budget_200x450,18166612697872334213,13228.0000,6110.0000,116.4975,85.8137
100-200,ch130,130,budget_200x450,18166612697872334214,11412.0000,6110.0000,86.7758,84.1704
100-200,ch150,150,budget_200x450,6916592638162904464,15916.0000,6528.0000,143.8113,94.9145
100-200,ch150,150,budget_200x450,6916592638162904465,15598.0000,6528.0000,138.9400,94.0413
100-200,ch150,150,budget_200x450,6916592638162904466,17385.0000,6528.0000,166.3143,94.4031
100-200,ch150,150,budget_200x450,6916592638162904467,15908.0000,6528.0000,143.6887,94.8238
100-200,ch150,150,budget_200x450,6916592638162904468,15181.0000,6528.0000,132.5521,96.8078
100-200,d198,198,budget_200x450,11149476203897776485,20850.0000,15780.0000,32.1293,111.1083
100-200,d198,198,budget_200x450,11149476203897776486,20758.0000,15780.0000,31.5463,111.5844
100-200,d198,198,budget_200x450,11149476203897776487,21050.0000,15780.0000,33.3967,110.1999
100-200,d198,198,budget_200x450,11149476203897776488,20374.0000,15780.0000,29.1128,111.6447
100-200,d198,198,budget_200x450,11149476203897776489,21390.0000,15780.0000,35.5513,124.3977
100-200,eil101,101,budget_200x450,16307161369364817163,943.0000,629.0000,49.9205,68.1623
100-200,eil101,101,budget_200x450,16307161369364817164,899.0000,629.0000,42.9253,69.4131
100-200,eil101,101,budget_200x450,16307161369364817165,1012.0000,629.0000,60.8903,68.6822
100-200,eil101,101,budget_200x450,16307161369364817166,956.0000,629.0000,51.9873,68.7998
100-200,eil101,101,budget_200x450,16307161369364817167,938.0000,629.0000,49.1256,66.9662
100-200,gr120,120,budget_200x450,2970544241358025445,12849.0000,6942.0000,85.0908,78.9094
100-200,gr120,120,budget_200x450,2970544241358025446,13303.0000,6942.0000,91.6307,80.4428
100-200,gr120,120,budget_200x450,2970544241358025447,11494.0000,6942.0000,65.5719,78.8079
100-200,gr120,120,budget_200x450,2970544241358025448,13360.0000,6942.0000,92.4517,79.4803
100-200,gr120,120,budget_200x450,2970544241358025449,11944.0000,6942.0000,72.0542,78.4863
100-200,gr137,137,budget_200x450,14224371667866534183,84359.0000,69853.0000,20.7665,81.5724
100-200,gr137,137,budget_200x450,14224371667866534184,86308.0000,69853.0000,23.5566,80.0243
100-200,gr137,137,budget_200x450,14224371667866534185,89266.0000,69853.0000,27.7912,80.0573
100-200,gr137,137,budget_200x450,14224371667866534186,85984.0000,69853.0000,23.0928,80.0984
100-200,gr137,137,budget_200x450,14224371667866534187,87660.0000,69853.0000,25.4921,80.4099
100-200,kroA100,100,budget_200x450,12200770995919023861,38774.0000,21282.0000,82.1915,67.7093
100-200,kroA100,100,budget_200x450,12200770995919023862,34524.0000,21282.0000,62.2216,68.9107
100-200,kroA100,100,budget_200x450,12200770995919023863,38455.0000,21282.0000,80.6926,67.5435
100-200,kroA100,100,budget_200x450,12200770995919023864,36690.0000,21282.0000,72.3992,68.7361
100-200,kroA100,100,budget_200x450,12200770995919023865,37710.0000,21282.0000,77.1920,68.0116
100-200,kroA150,150,budget_200x450,11745836957209776920,67495.0000,26524.0000,154.4677,95.3364
100-200,kroA150,150,budget_200x450,11745836957209776921,72705.0000,26524.0000,174.1102,97.3548
100-200,kroA150,150,budget_200x450,11745836957209776922,74271.0000,26524.0000,180.0143,94.8994
100-200,kroA150,150,budget_200x450,11745836957209776923,66779.0000,26524.0000,151.7682,93.9921
100-200,kroA150,150,budget_200x450,11745836957209776924,61791.0000,26524.0000,132.9626,94.9183
100-200,kroB100,100,budget_200x450,3992014344385919028,40929.0000,22141.0000,84.8561,68.1466
100-200,kroB100,100,budget_200x450,3992014344385919029,36241.0000,22141.0000,63.6828,68.2925
100-200,kroB100,100,budget_200x450,3992014344385919030,32000.0000,22141.0000,44.5283,66.0963
100-200,kroB100,100,budget_200x450,3992014344385919031,33276.0000,22141.0000,50.2913,67.7169
100-200,kroB100,100,budget_200x450,3992014344385919032,37641.0000,22141.0000,70.0059,67.0539
100-200,kroB150,150,budget_200x450,3537080305676672087,65612.0000,26130.0000,151.0984,96.6852
100-200,kroB150,150,budget_200x450,3537080305676672088,66124.0000,26130.0000,153.0578,94.5482
100-200,kroB150,150,budget_200x450,3537080305676672089,68607.0000,26130.0000,162.5603,94.9032
100-200,kroB150,150,budget_200x450,3537080305676672090,62489.0000,26130.0000,139.1466,93.6925
100-200,kroB150,150,budget_200x450,3537080305676672091,65423.0000,26130.0000,150.3750,94.5238
100-200,kroC100,100,budget_200x450,14230001766562365811,37257.0000,20749.0000,79.5605,67.4428
100-200,kroC100,100,budget_200x450,14230001766562365812,36475.0000,20749.0000,75.7916,67.6332
100-200,kroC100,100,budget_200x450,14230001766562365813,38340.0000,20749.0000,84.7800,68.5749
100-200,kroC100,100,budget_200x450,14230001766562365814,33096.0000,20749.0000,59.5065,67.2124
100-200,kroC100,100,budget_200x450,14230001766562365815,31964.0000,20749.0000,54.0508,68.0780
100-200,kroD100,100,budget_200x450,6021245115029260978,34866.0000,21294.0000,63.7363,66.9367
100-200,kroD100,100,budget_200x450,6021245115029260979,38525.0000,21294.0000,80.9195,68.4318
100-200,kroD100,100,budget_200x450,6021245115029260980,35257.0000,21294.0000,65.5725,68.8048
100-200,kroD100,100,budget_200x450,6021245115029260981,32878.0000,21294.0000,54.4003,68.9953
100-200,kroD100,100,budget_200x450,6021245115029260982,36607.0000,21294.0000,71.9123,69.1904
100-200,kroE100,100,budget_200x450,16259232537205707761,38606.0000,22068.0000,74.9411,67.3505
100-200,kroE100,100,budget_200x450,16259232537205707762,34303.0000,22068.0000,55.4423,67.6415
100-200,kroE100,100,budget_200x450,16259232537205707763,36357.0000,22068.0000,64.7499,67.6751
100-200,kroE100,100,budget_200x450,16259232537205707764,44068.0000,22068.0000,99.6919,68.1112
100-200,kroE100,100,budget_200x450,16259232537205707765,32185.0000,22068.0000,45.8447,68.3255
100-200,lin105,105,budget_200x450,2740374388483139006,21930.0000,14379.0000,52.5141,65.4221
100-200,lin105,105,budget_200x450,2740374388483139007,22385.0000,14379.0000,55.6784,66.5182
100-200,lin105,105,budget_200x450,2740374388483139008,20121.0000,14379.0000,39.9332,66.6235
100-200,lin105,105,budget_200x450,2740374388483139009,19541.0000,14379.0000,35.8996,66.1614
100-200,lin105,105,budget_200x450,2740374388483139010,20779.0000,14379.0000,44.5094,65.5589
100-200,pr107,107,budget_200x450,9845832186850351671,52841.0000,44303.0000,19.2718,65.7049
100-200,pr107,107,budget_200x450,9845832186850351672,53036.0000,44303.0000,19.7120,66.4958
100-200,pr107,107,budget_200x450,9845832186850351673,52596.0000,44303.0000,18.7188,65.6158
100-200,pr107,107,budget_200x450,9845832186850351674,52308.0000,44303.0000,18.0688,65.6484
100-200,pr107,107,budget_200x450,9845832186850351675,53189.0000,44303.0000,20.0573,65.5833
100-200,pr124,124,budget_200x450,16396891603019646142,87983.0000,59030.0000,49.0479,74.8319
100-200,pr124,124,budget_200x450,16396891603019646143,83238.0000,59030.0000,41.0097,73.7962
100-200,pr124,124,budget_200x450,16396891603019646144,92488.0000,59030.0000,56.6797,73.3178
100-200,pr124,124,budget_200x450,16396891603019646145,96119.0000,59030.0000,62.8308,73.4249
100-200,pr124,124,budget_200x450,16396891603019646146,94153.0000,59030.0000,59.5003,73.3033
100-200,pr136,136,budget_200x450,14276781984003741471,157265.0000,96772.0000,62.5109,84.0220
100-200,pr136,136,budget_200x450,14276781984003741472,161214.0000,96772.0000,66.5916,83.9995
100-200,pr136,136,budget_200x450,14276781984003741473,159242.0000,96772.0000,64.5538,102.0104
100-200,pr136,136,budget_200x450,14276781984003741474,151008.0000,96772.0000,56.0451,83.1508
100-200,pr136,136,budget_200x450,14276781984003741475,150023.0000,96772.0000,55.0273,84.0414
100-200,pr144,144,budget_200x450,5146871543310216396,87032.0000,58537.0000,48.6786,83.1249
100-200,pr144,144,budget_200x450,5146871543310216397,92057.0000,58537.0000,57.2629,83.8769
100-200,pr144,144,budget_200x450,5146871543310216398,91007.0000,58537.0000,55.4692,82.8424
100-200,pr144,144,budget_200x450,5146871543310216399,91681.0000,58537.0000,56.6206,83.8331
100-200,pr144,144,budget_200x450,5146871543310216400,91818.0000,58537.0000,56.8546,84.5353
100-200,pr152,152,budget_200x450,14463705176326242937,130726.0000,73682.0000,77.4192,88.5606
100-200,pr152,152,budget_200x450,14463705176326242938,123065.0000,73682.0000,67.0218,88.7149
100-200,pr152,152,budget_200x450,14463705176326242939,128121.0000,73682.0000,73.8837,90.0297
100-200,pr152,152,budget_200x450,14463705176326242940,123098.0000,73682.0000,67.0666,89.6486
100-200,pr152,152,budget_200x450,14463705176326242941,127837.0000,73682.0000,73.4983,88.7899
100-200,rat195,195,budget_200x450,17890144688020232409,3560.0000,2323.0000,53.2501,110.0457
100-200,rat195,195,budget_200x450,17890144688020232410,3513.0000,2323.0000,51.2269,110.2770
100-200,rat195,195,budget_200x450,17890144688020232411,3412.0000,2323.0000,46.8790,109.9972
100-200,rat195,195,budget_200x450,17890144688020232412,3480.0000,2323.0000,49.8063,108.3442
100-200,rat195,195,budget_200x450,17890144688020232413,3497.0000,2323.0000,50.5381,109.6221
100-200,rd100,100,budget_200x450,14007309368892134660,12387.0000,7910.0000,56.5992,67.4673
100-200,rd100,100,budget_200x450,14007309368892134661,13247.0000,7910.0000,67.4716,68.2012
100-200,rd100,100,budget_200x450,14007309368892134662,12305.0000,7910.0000,55.5626,66.5037
100-200,rd100,100,budget_200x450,14007309368892134663,13246.0000,7910.0000,67.4589,67.9468
100-200,rd100,100,budget_200x450,14007309368892134664,12930.0000,7910.0000,63.4640,68.1743
100-200,si175,175,budget_200x450,6090032130068711054,22843.0000,21407.0000,6.7081,100.7068
100-200,si175,175,budget_200x450,6090032130068711055,23239.0000,21407.0000,8.5579,101.3440
100-200,si175,175,budget_200x450,6090032130068711056,23423.0000,21407.0000,9.4175,101.4130
100-200,si175,175,budget_200x450,6090032130068711057,23259.0000,21407.0000,8.6514,101.0558
100-200,si175,175,budget_200x450,6090032130068711058,23226.0000,21407.0000,8.4972,101.3973
100-200,u159,159,budget_200x450,11145253913357956517,43143.0000,42080.0000,2.5261,90.6479
100-200,u159,159,budget_200x450,11145253913357956518,43054.0000,42080.0000,2.3146,91.3660
100-200,u159,159,budget_200x450,11145253913357956519,42981.0000,42080.0000,2.1412,90.3449
100-200,u159,159,budget_200x450,11145253913357956520,43110.0000,42080.0000,2.4477,90.8296
100-200,u159,159,budget_200x450,11145253913357956521,43195.0000,42080.0000,2.6497,91.2276
100-200,bier127,127,budget_100x1200,10386389750577510618,155787.0000,118282.0000,31.7081,106.0555
100-200,bier127,127,budget_100x1200,10386389750577510619,165675.0000,118282.0000,40.0678,101.7590
100-200,bier127,127,budget_100x1200,10386389750577510620,163542.0000,118282.0000,38.2645,99.9390
100-200,bier127,127,budget_100x1200,10386389750577510621,156897.0000,118282.0000,32.6466,99.7914
100-200,bier127,127,budget_100x1200,10386389750577510622,151509.0000,118282.0000,28.0913,99.8040
100-200,brg180,180,budget_100x1200,3540751037812392852,9610.0000,1950.0000,392.8205,136.1149
100-200,brg180,180,budget_100x1200,3540751037812392853,9790.0000,1950.0000,402.0513,136.0761
100-200,brg180,180,budget_100x1200,3540751037812392854,6340.0000,1950.0000,225.1282,134.6399
100-200,brg180,180,budget_100x1200,3540751037812392855,2680.0000,1950.0000,37.4359,141.9929
100-200,brg180,180,budget_100x1200,3540751037812392856,2770.0000,1950.0000,42.0513,134.0191
100-200,ch130,130,budget_100x1200,242101375577379349,9075.0000,6110.0000,48.5270,105.2406
100-200,ch130,130,budget_100x1200,242101375577379350,9714.0000,6110.0000,58.9853,103.5207
100-200,ch130,130,budget_100x1200,242101375577379351,9787.0000,6110.0000,60.1800,102.4560
100-200,ch130,130,budget_100x1200,242101375577379352,9893.0000,6110.0000,61.9149,101.5979
100-200,ch130,130,budget_100x1200,242101375577379353,10308.0000,6110.0000,68.7070,102.4434
100-200,ch150,150,budget_100x1200,7438825389577501219,10564.0000,6528.0000,61.8260,115.8459
100-200,ch150,150,budget_100x1200,7438825389577501220,10285.0000,6528.0000,57.5521,115.8935
100-200,ch150,150,budget_100x1200,7438825389577501221,10401.0000,6528.0000,59.3290,117.4256
100-200,ch150,150,budget_100x1200,7438825389577501222,10905.0000,6528.0000,67.0496,116.2544
100-200,ch150,150,budget_100x1200,7438825389577501223,10594.0000,6528.0000,62.2855,116.1393
100-200,d198,198,budget_100x1200,5098424582385592342,21006.0000,15780.0000,33.1179,143.3234
100-200,d198,198,budget_100x1200,5098424582385592343,21240.0000,15780.0000,34.6008,143.9781
100-200,d198,198,budget_100x1200,5098424582385592344,20976.0000,15780.0000,32.9278,144.0823
100-200,d198,198,budget_100x1200,5098424582385592345,20587.0000,15780.0000,30.4626,143.5125
100-200,d198,198,budget_100x1200,5098424582385592346,20823.0000,15780.0000,31.9582,143.3059
100-200,eil101,101,budget_100x1200,10932675509838785604,778.0000,629.0000,23.6884,84.8934
100-200,eil101,101,budget_100x1200,10932675509838785605,781.0000,629.0000,24.1653,82.8309
100-200,eil101,101,budget_100x1200,10932675509838785606,815.0000,629.0000,29.5707,82.6358
100-200,eil101,101,budget_100x1200,10932675509838785607,924.0000,629.0000,46.8998,82.3002
100-200,eil101,101,budget_100x1200,10932675509838785608,786.0000,629.0000,24.9603,83.5334
100-200,gr120,120,budget_100x1200,3492776992772622200,11123.0000,6942.0000,60.2276,96.2200
100-200,gr120,120,budget_100x1200,3492776992772622201,10701.0000,6942.0000,54.1487,97.3572
100-200,gr120,120,budget_100x1200,3492776992772622202,9757.0000,6942.0000,40.5503,96.3537
100-200,gr120,120,budget_100x1200,3492776992772622203,10518.0000,6942.0000,51.5125,94.9278
100-200,gr120,120,budget_100x1200,3492776992772622204,10448.0000,6942.0000,50.5042,95.8224
100-200,gr137,137,budget_100x1200,14746604419281130938,83880.0000,69853.0000,20.0807,122.1939
100-200,gr137,137,budget_100x1200,14746604419281130939,88678.0000,69853.0000,26.9495,102.8952
100-200,gr137,137,budget_100x1200,14746604419281130940,89657.0000,69853.0000,28.3510,103.8950
100-200,gr137,137,budget_100x1200,14746604419281130941,88759.0000,69853.0000,27.0654,103.2035
100-200,gr137,137,budget_100x1200,14746604419281130942,86492.0000,69853.0000,23.8200,105.0856
100-200,kroA100,100,budget_100x1200,9119398198971851040,31712.0000,21282.0000,49.0086,81.9311
100-200,kroA100,100,budget_100x1200,9119398198971851041,32047.0000,21282.0000,50.5827,83.2979
100-200,kroA100,100,budget_100x1200,9119398198971851042,28638.0000,21282.0000,34.5644,81.3403
100-200,kroA100,100,budget_100x1200,9119398198971851043,31391.0000,21282.0000,47.5002,83.6509
100-200,kroA100,100,budget_100x1200,9119398198971851044,37331.0000,21282.0000,75.4111,81.3571
100-200,kroA150,150,budget_100x1200,8664464160262604099,40134.0000,26524.0000,51.3120,116.0004
100-200,kroA150,150,budget_100x1200,8664464160262604100,45676.0000,26524.0000,72.2063,116.3330
100-200,kroA150,150,budget_100x1200,8664464160262604101,43602.0000,26524.0000,64.3870,116.2106
100-200,kroA150,150,budget_100x1200,8664464160262604102,47890.0000,26524.0000,80.5535,116.5463
100-200,kroA150,150,budget_100x1200,8664464160262604103,42254.0000,26524.0000,59.3048,116.8777
100-200,kroB100,100,budget_100x1200,910641547438746207,31559.0000,22141.0000,42.5365,82.5420
100-200,kroB100,100,budget_100x1200,910641547438746208,29615.0000,22141.0000,33.7564,81.8047
100-200,kroB100,100,budget_100x1200,910641547438746209,30673.0000,22141.0000,38.5348,81.4550
100-200,kroB100,100,budget_100x1200,910641547438746210,32189.0000,22141.0000,45.3819,81.9026
100-200,kroB100,100,budget_100x1200,910641547438746211,27738.0000,22141.0000,25.2789,81.7873
100-200,kroB150,150,budget_100x1200,455707508729499266,50701.0000,26130.0000,94.0337,115.8287
100-200,kroB150,150,budget_100x1200,455707508729499267,46269.0000,26130.0000,77.0723,118.5189
100-200,kroB150,150,budget_100x1200,455707508729499268,50468.0000,26130.0000,93.1420,116.3601
100-200,kroB150,150,budget_100x1200,455707508729499269,44664.0000,26130.0000,70.9300,117.2954
100-200,kroB150,150,budget_100x1200,455707508729499270,48741.0000,26130.0000,86.5327,116.4080
100-200,kroC100,100,budget_100x1200,11148628969615192990,31084.0000,20749.0000,49.8096,82.8480
100-200,kroC100,100,budget_100x1200,11148628969615192991,30951.0000,20749.0000,49.1686,82.9478
100-200,kroC100,100,budget_100x1200,11148628969615192992,29532.0000,20749.0000,42.3298,82.0771
100-200,kroC100,100,budget_100x1200,11148628969615192993,28362.0000,20749.0000,36.6909,81.7505
100-200,kroC100,100,budget_100x1200,11148628969615192994,32812.0000,20749.0000,58.1377,83.0576
100-200,kroD100,100,budget_100x1200,2939872318082088157,29922.0000,21294.0000,40.5185,81.3393
100-200,kroD100,100,budget_100x1200,2939872318082088158,30809.0000,21294.0000,44.6839,82.1909
100-200,kroD100,100,budget_100x1200,2939872318082088159,30569.0000,21294.0000,43.5569,82.9139
100-200,kroD100,100,budget_100x1200,2939872318082088160,29186.0000,21294.0000,37.0621,82.0936
100-200,kroD100,100,budget_100x1200,2939872318082088161,31386.0000,21294.0000,47.3936,82.6472
100-200,kroE100,100,budget_100x1200,13177859740258534940,30051.0000,22068.0000,36.1746,80.8962
100-200,kroE100,100,budget_100x1200,13177859740258534941,30931.0000,22068.0000,40.1622,83.2310
100-200,kroE100,100,budget_100x1200,13177859740258534942,31310.0000,22068.0000,41.8796,82.3056
100-200,kroE100,100,budget_100x1200,13177859740258534943,32442.0000,22068.0000,47.0092,82.7674
100-200,kroE100,100,budget_100x1200,13177859740258534944,32295.0000,22068.0000,46.3431,82.2170
100-200,lin105,105,budget_100x1200,15812632602666659063,20355.0000,14379.0000,41.5606,83.0929
100-200,lin105,105,budget_100x1200,15812632602666659064,21762.0000,14379.0000,51.3457,85.3788
100-200,lin105,105,budget_100x1200,15812632602666659065,19394.0000,14379.0000,34.8773,83.0585
100-200,lin105,105,budget_100x1200,15812632602666659066,20912.0000,14379.0000,45.4343,83.0665
100-200,lin105,105,budget_100x1200,15812632602666659067,20042.0000,14379.0000,39.3838,82.5026
100-200,pr107,107,budget_100x1200,10368064938264948426,53581.0000,44303.0000,20.9421,83.8741
100-200,pr107,107,budget_100x1200,10368064938264948427,53892.0000,44303.0000,21.6441,86.1179
100-200,pr107,107,budget_100x1200,10368064938264948428,53401.0000,44303.0000,20.5359,84.1705
100-200,pr107,107,budget_100x1200,10368064938264948429,53134.0000,44303.0000,19.9332,84.4843
100-200,pr107,107,budget_100x1200,10368064938264948430,53082.0000,44303.0000,19.8158,84.5691
100-200,pr124,124,budget_100x1200,16919124354434242897,93479.0000,59030.0000,58.3585,95.7973
100-200,pr124,124,budget_100x1200,16919124354434242898,96220.0000,59030.0000,63.0019,95.5962
100-200,pr124,124,budget_100x1200,16919124354434242899,85413.0000,59030.0000,44.6942,94.6548
100-200,pr124,124,budget_100x1200,16919124354434242900,94093.0000,59030.0000,59.3986,94.8946
100-200,pr124,124,budget_100x1200,16919124354434242901,96072.0000,59030.0000,62.7511,95.0124
100-200,pr136,136,budget_100x1200,14799014735418338226,175820.0000,96772.0000,81.6848,104.1704
100-200,pr136,136,budget_100x1200,14799014735418338227,142449.0000,96772.0000,47.2006,104.7853
100-200,pr136,136,budget_100x1200,14799014735418338228,153557.0000,96772.0000,58.6792,103.5153
100-200,pr136,136,budget_100x1200,14799014735418338229,184410.0000,96772.0000,90.5613,104.2219
100-200,pr136,136,budget_100x1200,14799014735418338230,162589.0000,96772.0000,68.0124,105.5923
100-200,pr144,144,budget_100x1200,5669104294724813151,89143.0000,58537.0000,52.2849,109.3663
100-200,pr144,144,budget_100x1200,5669104294724813152,92580.0000,58537.0000,58.1564,108.4917
100-200,pr144,144,budget_100x1200,5669104294724813153,92179.0000,58537.0000,57.4713,128.0564
100-200,pr144,144,budget_100x1200,5669104294724813154,92442.0000,58537.0000,57.9206,112.7057
100-200,pr144,144,budget_100x1200,5669104294724813155,86792.0000,58537.0000,48.2686,108.7557
100-200,pr152,152,budget_100x1200,14985937927740839692,141200.0000,73682.0000,91.6343,115.3983
100-200,pr152,152,budget_100x1200,14985937927740839693,142150.0000,73682.0000,92.9236,114.3266
100-200,pr152,152,budget_100x1200,14985937927740839694,125645.0000,73682.0000,70.5233,115.0935
100-200,pr152,152,budget_100x1200,14985937927740839695,137595.0000,73682.0000,86.7417,115.2794
100-200,pr152,152,budget_100x1200,14985937927740839696,128965.0000,73682.0000,75.0292,113.8497
100-200,rat195,195,budget_100x1200,12515658828494200850,3686.0000,2323.0000,58.6741,141.6082
100-200,rat195,195,budget_100x1200,12515658828494200851,3689.0000,2323.0000,58.8033,141.9312
100-200,rat195,195,budget_100x1200,12515658828494200852,3623.0000,2323.0000,55.9621,140.9002
100-200,rat195,195,budget_100x1200,12515658828494200853,3569.0000,2323.0000,53.6375,142.6356
100-200,rat195,195,budget_100x1200,12515658828494200854,3567.0000,2323.0000,53.5514,141.3083
100-200,rd100,100,budget_100x1200,14529542120306731415,11335.0000,7910.0000,43.2996,81.5875
100-200,rd100,100,budget_100x1200,14529542120306731416,11015.0000,7910.0000,39.2541,83.2367
100-200,rd100,100,budget_100x1200,14529542120306731417,10585.0000,7910.0000,33.8180,83.5706
100-200,rd100,100,budget_100x1200,14529542120306731418,11519.0000,7910.0000,45.6258,81.7795
100-200,rd100,100,budget_100x1200,14529542120306731419,10666.0000,7910.0000,34.8420,82.5675
100-200,si175,175,budget_100x1200,6612264881483307809,23065.0000,21407.0000,7.7451,131.4848
100-200,si175,175,budget_100x1200,6612264881483307810,23593.0000,21407.0000,10.2116,130.4040
100-200,si175,175,budget_100x1200,6612264881483307811,23448.0000,21407.0000,9.5343,129.4482
100-200,si175,175,budget_100x1200,6612264881483307812,23505.0000,21407.0000,9.8005,129.2034
100-200,si175,175,budget_100x1200,6612264881483307813,23423.0000,21407.0000,9.4175,129.3284
100-200,u159,159,budget_100x1200,5094202291845772374,42981.0000,42080.0000,2.1412,118.2799
100-200,u159,159,budget_100x1200,5094202291845772375,43056.0000,42080.0000,2.3194,120.7415
100-200,u159,159,budget_100x1200,5094202291845772376,42981.0000,42080.0000,2.1412,118.1304
100-200,u159,159,budget_100x1200,5094202291845772377,42939.0000,42080.0000,2.0413,118.4736
100-200,u159,159,budget_100x1200,5094202291845772378,42712.0000,42080.0000,1.5019,117.3858
