size_class,instance,dimension,config,seed,cost,reference_cost,gap_percent,time_ms
200-500,a280,280,Greedy(start=0),0,3157.0000,2579.0000,22.4118,0.2989
200-500,d493,493,Greedy(start=0),0,41665.0000,35002.0000,19.0361,0.3887
200-500,fl417,417,Greedy(start=0),0,15013.0000,11861.0000,26.5745,0.2828
200-500,gil262,262,Greedy(start=0),0,3208.0000,2378.0000,34.9033,0.1114
200-500,gr202,202,Greedy(start=0),0,49336.0000,40160.0000,22.8486,0.0655
200-500,gr229,229,Greedy(start=0),0,162430.0000,134602.0000,20.6743,0.0829
200-500,gr431,431,Greedy(start=0),0,210069.0000,171414.0000,22.5507,0.3091
200-500,kroA200,200,Greedy(start=0),0,35859.0000,29368.0000,22.1023,0.0718
200-500,kroB200,200,Greedy(start=0),0,36980.0000,29437.0000,25.6242,0.0730
200-500,lin318,318,Greedy(start=0),0,54019.0000,42029.0000,28.5279,0.1545
200-500,lin318,318,Greedy(start=0),0,54019.0000,42029.0000,28.5279,0.1664
200-500,pcb442,442,Greedy(start=0),0,61979.0000,50778.0000,22.0588,0.3116
200-500,pr226,226,Greedy(start=0),0,94683.0000,80369.0000,17.8103,0.0821
200-500,pr264,264,Greedy(start=0),0,58023.0000,49135.0000,18.0889,0.1060
200-500,pr299,299,Greedy(start=0),0,59890.0000,48191.0000,24.2763,0.1706
200-500,pr439,439,Greedy(start=0),0,131281.0000,107217.0000,22.4442,0.2670
200-500,rd400,400,Greedy(start=0),0,19183.0000,15281.0000,25.5350,0.2753
200-500,ts225,225,Greedy(start=0),0,152493.0000,126643.0000,20.4117,0.0810
200-500,tsp225,225,Greedy(start=0),0,5030.0000,3916.0000,28.4474,0.0842
200-500,a280,280,B_400x10000_m40_x99_e10_t5,17539916254042263871,2778.0000,2579.0000,7.7162,7389.2169
200-500,a280,280,B_400x10000_m40_x99_e10_t5,17539916254042263872,2781.0000,2579.0000,7.8325,8445.7647
200-500,a280,280,B_400x10000_m40_x99_e10_t5,17539916254042263873,2783.0000,2579.0000,7.9100,9499.7132
200-500,a280,280,B_400x10000_m40_x99_e10_t5,17539916254042263874,2785.0000,2579.0000,7.9876,9908.3225
200-500,a280,280,B_400x10000_m40_x99_e10_t5,17539916254042263875,2784.0000,2579.0000,7.9488,9641.3210
200-500,d493,493,B_400x10000_m40_x99_e10_t5,17591315052812221876,48850.0000,35002.0000,39.5635,16368.3145
200-500,d493,493,B_400x10000_m40_x99_e10_t5,17591315052812221877,49598.0000,35002.0000,41.7005,15958.6044
200-500,d493,493,B_400x10000_m40_x99_e10_t5,17591315052812221878,49099.0000,35002.0000,40.2748,16429.6836
200-500,d493,493,B_400x10000_m40_x99_e10_t5,17591315052812221879,47925.0000,35002.0000,36.9207,16116.9380
200-500,d493,493,B_400x10000_m40_x99_e10_t5,17591315052812221880,47940.0000,35002.0000,36.9636,16054.3548
200-500,fl417,417,B_400x10000_m40_x99_e10_t5,1188149152341086708,23192.0000,11861.0000,95.5316,13445.4215
200-500,fl417,417,B_400x10000_m40_x99_e10_t5,1188149152341086709,26446.0000,11861.0000,122.9660,14129.5662
200-500,fl417,417,B_400x10000_m40_x99_e10_t5,1188149152341086710,25692.0000,11861.0000,116.6091,10399.6520
200-500,fl417,417,B_400x10000_m40_x99_e10_t5,1188149152341086711,23469.0000,11861.0000,97.8670,10219.7150
200-500,fl417,417,B_400x10000_m40_x99_e10_t5,1188149152341086712,25167.0000,11861.0000,112.1828,10239.1688
200-500,gil262,262,B_400x10000_m40_x99_e10_t5,4425523191830309982,3519.0000,2378.0000,47.9815,6621.1088
200-500,gil262,262,B_400x10000_m40_x99_e10_t5,4425523191830309983,3780.0000,2378.0000,58.9571,6474.6505
200-500,gil262,262,B_400x10000_m40_x99_e10_t5,4425523191830309984,3657.0000,2378.0000,53.7847,6515.5712
200-500,gil262,262,B_400x10000_m40_x99_e10_t5,4425523191830309985,3714.0000,2378.0000,56.1817,6521.0797
200-500,gil262,262,B_400x10000_m40_x99_e10_t5,4425523191830309986,3687.0000,2378.0000,55.0463,6519.0820
200-500,gr202,202,B_400x10000_m40_x99_e10_t5,1327423334944617881,46456.0000,40160.0000,15.6773,5109.9821
200-500,gr202,202,B_400x10000_m40_x99_e10_t5,1327423334944617882,47403.0000,40160.0000,18.0354,5124.9302
200-500,gr202,202,B_400x10000_m40_x99_e10_t5,1327423334944617883,45778.0000,40160.0000,13.9890,5123.0603
200-500,gr202,202,B_400x10000_m40_x99_e10_t5,1327423334944617884,47193.0000,40160.0000,17.5125,5128.7719
200-500,gr202,202,B_400x10000_m40_x99_e10_t5,1327423334944617885,45769.0000,40160.0000,13.9666,5130.1131
200-500,gr229,229,B_400x10000_m40_x99_e10_t5,16179612768453187554,160890.0000,134602.0000,19.5302,5749.3437
200-500,gr229,229,B_400x10000_m40_x99_e10_t5,16179612768453187555,160269.0000,134602.0000,19.0688,5753.0235
200-500,gr229,229,B_400x10000_m40_x99_e10_t5,16179612768453187556,159314.0000,134602.0000,18.3593,5788.4824
200-500,gr229,229,B_400x10000_m40_x99_e10_t5,16179612768453187557,162813.0000,134602.0000,20.9588,5789.9347
200-500,gr229,229,B_400x10000_m40_x99_e10_t5,16179612768453187558,161167.0000,134602.0000,19.7360,5800.0415
200-500,gr431,431,B_400x10000_m40_x99_e10_t5,7745271206926840235,207486.0000,171414.0000,21.0438,10414.9191
200-500,gr431,431,B_400x10000_m40_x99_e10_t5,7745271206926840236,208712.0000,171414.0000,21.7590,10433.0240
200-500,gr431,431,B_400x10000_m40_x99_e10_t5,7745271206926840237,206124.0000,171414.0000,20.2492,10468.8397
200-500,gr431,431,B_400x10000_m40_x99_e10_t5,7745271206926840238,207054.0000,171414.0000,20.7918,10440.6369
200-500,gr431,431,B_400x10000_m40_x99_e10_t5,7745271206926840239,209902.0000,171414.0000,22.4532,10437.6295
200-500,kroA200,200,B_400x10000_m40_x99_e10_t5,16922959509393128181,42224.0000,29368.0000,43.7755,5122.6693
200-500,kroA200,200,B_400x10000_m40_x99_e10_t5,16922959509393128182,43777.0000,29368.0000,49.0636,5136.6530
200-500,kroA200,200,B_400x10000_m40_x99_e10_t5,16922959509393128183,47187.0000,29368.0000,60.6749,5117.3982
200-500,kroA200,200,B_400x10000_m40_x99_e10_t5,16922959509393128184,38362.0000,29368.0000,30.6252,5117.7375
200-500,kroA200,200,B_400x10000_m40_x99_e10_t5,16922959509393128185,41132.0000,29368.0000,40.0572,5137.5288
200-500,kroB200,200,B_400x10000_m40_x99_e10_t5,8714202857860023348,42429.0000,29437.0000,44.1349,5116.8142
200-500,kroB200,200,B_400x10000_m40_x99_e10_t5,8714202857860023349,43724.0000,29437.0000,48.5342,5130.5779
200-500,kroB200,200,B_400x10000_m40_x99_e10_t5,8714202857860023350,43875.0000,29437.0000,49.0471,5128.7780
200-500,kroB200,200,B_400x10000_m40_x99_e10_t5,8714202857860023351,44097.0000,29437.0000,49.8013,5138.6521
200-500,kroB200,200,B_400x10000_m40_x99_e10_t5,8714202857860023352,43079.0000,29437.0000,46.3430,5097.5476
200-500,lin318,318,B_400x10000_m40_x99_e10_t5,18082319924862903919,68355.0000,42029.0000,62.6377,7806.4293
200-500,lin318,318,B_400x10000_m40_x99_e10_t5,18082319924862903920,67427.0000,42029.0000,60.4297,7790.8733
200-500,lin318,318,B_400x10000_m40_x99_e10_t5,18082319924862903921,67855.0000,42029.0000,61.4480,7794.9884
200-500,lin318,318,B_400x10000_m40_x99_e10_t5,18082319924862903922,66493.0000,42029.0000,58.2074,7816.9528
200-500,lin318,318,B_400x10000_m40_x99_e10_t5,18082319924862903923,69268.0000,42029.0000,64.8100,7818.0814
200-500,lin318,318,B_400x10000_m40_x99_e10_t5,18082319924862903919,68355.0000,42029.0000,62.6377,7810.7344
200-500,lin318,318,B_400x10000_m40_x99_e10_t5,18082319924862903920,67427.0000,42029.0000,60.4297,7838.9494
200-500,lin318,318,B_400x10000_m40_x99_e10_t5,18082319924862903921,67855.0000,42029.0000,61.4480,7797.4309
200-500,lin318,318,B_400x10000_m40_x99_e10_t5,18082319924862903922,66493.0000,42029.0000,58.2074,7785.8332
200-500,lin318,318,B_400x10000_m40_x99_e10_t5,18082319924862903923,69268.0000,42029.0000,64.8100,7774.0865
200-500,pcb442,442,B_400x10000_m40_x99_e10_t5,13702703200803411333,85255.0000,50778.0000,67.8975,10571.9720
200-500,pcb442,442,B_400x10000_m40_x99_e10_t5,13702703200803411334,84664.0000,50778.0000,66.7336,10584.2467
200-500,pcb442,442,B_400x10000_m40_x99_e10_t5,13702703200803411335,85142.0000,50778.0000,67.6750,10619.4849
200-500,pcb442,442,B_400x10000_m40_x99_e10_t5,13702703200803411336,83856.0000,50778.0000,65.1424,10584.3360
200-500,pcb442,442,B_400x10000_m40_x99_e10_t5,13702703200803411337,91935.0000,50778.0000,81.0528,10588.3577
200-500,pr226,226,B_400x10000_m40_x99_e10_t5,3503750636896808832,106668.0000,80369.0000,32.7228,5683.8444
200-500,pr226,226,B_400x10000_m40_x99_e10_t5,3503750636896808833,105075.0000,80369.0000,30.7407,5719.7810
200-500,pr226,226,B_400x10000_m40_x99_e10_t5,3503750636896808834,104990.0000,80369.0000,30.6349,5699.1331
200-500,pr226,226,B_400x10000_m40_x99_e10_t5,3503750636896808835,104658.0000,80369.0000,30.2219,5723.1683
200-500,pr226,226,B_400x10000_m40_x99_e10_t5,3503750636896808836,106213.0000,80369.0000,32.1567,5717.2237
200-500,pr264,264,B_400x10000_m40_x99_e10_t5,5168926217203466562,72384.0000,49135.0000,47.3166,6582.6056
200-500,pr264,264,B_400x10000_m40_x99_e10_t5,5168926217203466563,72589.0000,49135.0000,47.7338,6639.9764
200-500,pr264,264,B_400x10000_m40_x99_e10_t5,5168926217203466564,73053.0000,49135.0000,48.6781,6563.2724
200-500,pr264,264,B_400x10000_m40_x99_e10_t5,5168926217203466565,72147.0000,49135.0000,46.8342,6567.5431
200-500,pr264,264,B_400x10000_m40_x99_e10_t5,5168926217203466566,73472.0000,49135.0000,49.5309,6587.3656
200-500,pr299,299,B_400x10000_m40_x99_e10_t5,10891205210018511160,65751.0000,48191.0000,36.4383,7376.3477
200-500,pr299,299,B_400x10000_m40_x99_e10_t5,10891205210018511161,65741.0000,48191.0000,36.4176,7375.3294
200-500,pr299,299,B_400x10000_m40_x99_e10_t5,10891205210018511162,65587.0000,48191.0000,36.0980,7365.0537
200-500,pr299,299,B_400x10000_m40_x99_e10_t5,10891205210018511163,65846.0000,48191.0000,36.6355,7355.9335
200-500,pr299,299,B_400x10000_m40_x99_e10_t5,10891205210018511164,64903.0000,48191.0000,34.6787,7354.7417
200-500,pr439,439,B_400x10000_m40_x99_e10_t5,9734675316556529720,188375.0000,107217.0000,75.6951,10542.4400
200-500,pr439,439,B_400x10000_m40_x99_e10_t5,9734675316556529721,196836.0000,107217.0000,83.5866,10563.6038
200-500,pr439,439,B_400x10000_m40_x99_e10_t5,9734675316556529722,189527.0000,107217.0000,76.7695,10558.8361
200-500,pr439,439,B_400x10000_m40_x99_e10_t5,9734675316556529723,180133.0000,107217.0000,68.0079,10650.4307
200-500,pr439,439,B_400x10000_m40_x99_e10_t5,9734675316556529724,178571.0000,107217.0000,66.5510,10623.2113
200-500,rd400,400,B_400x10000_m40_x99_e10_t5,8819538103614095510,26613.0000,15281.0000,74.1575,9668.8248
200-500,rd400,400,B_400x10000_m40_x99_e10_t5,8819538103614095511,25257.0000,15281.0000,65.2837,9671.0940
200-500,rd400,400,B_400x10000_m40_x99_e10_t5,8819538103614095512,28432.0000,15281.0000,86.0611,9668.7229
200-500,rd400,400,B_400x10000_m40_x99_e10_t5,8819538103614095513,27430.0000,15281.0000,79.5040,9644.8540
200-500,rd400,400,B_400x10000_m40_x99_e10_t5,8819538103614095514,28609.0000,15281.0000,87.2194,9819.7156
200-500,ts225,225,B_400x10000_m40_x99_e10_t5,4080485606205056646,190085.0000,126643.0000,50.0951,5673.7698
200-500,ts225,225,B_400x10000_m40_x99_e10_t5,4080485606205056647,212125.0000,126643.0000,67.4984,5623.7898
200-500,ts225,225,B_400x10000_m40_x99_e10_t5,4080485606205056648,198483.0000,126643.0000,56.7264,5647.0991
200-500,ts225,225,B_400x10000_m40_x99_e10_t5,4080485606205056649,203601.0000,126643.0000,60.7677,5675.4229
200-500,ts225,225,B_400x10000_m40_x99_e10_t5,4080485606205056650,191539.0000,126643.0000,51.2433,5680.5785
200-500,tsp225,225,B_400x10000_m40_x99_e10_t5,16980527955448111602,4255.0000,3916.0000,8.6568,5632.5846
200-500,tsp225,225,B_400x10000_m40_x99_e10_t5,16980527955448111603,4462.0000,3916.0000,13.9428,5642.5897
200-500,tsp225,225,B_400x10000_m40_x99_e10_t5,16980527955448111604,4498.0000,3916.0000,14.8621,5674.5187
200-500,tsp225,225,B_400x10000_m40_x99_e10_t5,16980527955448111605,4660.0000,3916.0000,18.9990,5662.4691
200-500,tsp225,225,B_400x10000_m40_x99_e10_t5,16980527955448111606,4644.0000,3916.0000,18.5904,5706.7182
200-500,a280,280,L_500x10000,17280865103231623160,2771.0000,2579.0000,7.4447,8737.0195
200-500,a280,280,L_500x10000,17280865103231623161,2773.0000,2579.0000,7.5223,8667.3968
200-500,a280,280,L_500x10000,17280865103231623162,2773.0000,2579.0000,7.5223,8657.2942
200-500,a280,280,L_500x10000,17280865103231623163,2790.0000,2579.0000,8.1815,8745.6102
200-500,a280,280,L_500x10000,17280865103231623164,2777.0000,2579.0000,7.6774,8706.6133
200-500,d493,493,L_500x10000,17332263902001581165,48352.0000,35002.0000,38.1407,14703.2330
200-500,d493,493,L_500x10000,17332263902001581166,48469.0000,35002.0000,38.4749,14700.7887
200-500,d493,493,L_500x10000,17332263902001581167,49517.0000,35002.0000,41.4691,14704.2752
200-500,d493,493,L_500x10000,17332263902001581168,46231.0000,35002.0000,32.0810,14709.2934
200-500,d493,493,L_500x10000,17332263902001581169,46854.0000,35002.0000,33.8609,14707.6261
200-500,fl417,417,L_500x10000,4145936543566256799,24839.0000,11861.0000,109.4174,12455.4866
200-500,fl417,417,L_500x10000,4145936543566256800,25803.0000,11861.0000,117.5449,12426.0244
200-500,fl417,417,L_500x10000,4145936543566256801,26825.0000,11861.0000,126.1614,12405.2596
200-500,fl417,417,L_500x10000,4145936543566256802,23865.0000,11861.0000,101.2056,12447.6556
200-500,fl417,417,L_500x10000,4145936543566256803,26001.0000,11861.0000,119.2142,12440.8144
200-500,gil262,262,L_500x10000,4514045894427007967,3556.0000,2378.0000,49.5374,8084.1149
200-500,gil262,262,L_500x10000,4514045894427007968,3977.0000,2378.0000,67.2414,8104.7340
200-500,gil262,262,L_500x10000,4514045894427007969,3466.0000,2378.0000,45.7527,8084.8534
200-500,gil262,262,L_500x10000,4514045894427007970,3739.0000,2378.0000,57.2330,8124.0240
200-500,gil262,262,L_500x10000,4514045894427007971,3716.0000,2378.0000,56.2658,8112.9943
200-500,gr202,202,L_500x10000,4285210726169787972,46163.0000,40160.0000,14.9477,6445.0180
200-500,gr202,202,L_500x10000,4285210726169787973,46861.0000,40160.0000,16.6858,6378.6394
200-500,gr202,202,L_500x10000,4285210726169787974,47017.0000,40160.0000,17.0742,6369.9264
200-500,gr202,202,L_500x10000,4285210726169787975,46211.0000,40160.0000,15.0672,6388.8932
200-500,gr202,202,L_500x10000,4285210726169787976,46535.0000,40160.0000,15.8740,6421.7508
200-500,gr229,229,L_500x10000,690656085968806029,164054.0000,134602.0000,21.8808,7181.9577
200-500,gr229,229,L_500x10000,690656085968806030,161924.0000,134602.0000,20.2984,7188.4904
200-500,gr229,229,L_500x10000,690656085968806031,163885.0000,134602.0000,21.7552,7163.7067
200-500,gr229,229,L_500x10000,690656085968806032,162231.0000,134602.0000,20.5264,7254.0149
200-500,gr229,229,L_500x10000,690656085968806033,161099.0000,134602.0000,19.6854,7197.0505
200-500,gr431,431,L_500x10000,10703058598152010326,207953.0000,171414.0000,21.3162,13007.2612
200-500,gr431,431,L_500x10000,10703058598152010327,205133.0000,171414.0000,19.6711,12998.7860
200-500,gr431,431,L_500x10000,10703058598152010328,209934.0000,171414.0000,22.4719,13102.4336
200-500,gr431,431,L_500x10000,10703058598152010329,206732.0000,171414.0000,20.6039,12996.2302
200-500,gr431,431,L_500x10000,10703058598152010330,206059.0000,171414.0000,20.2113,12931.1570
200-500,kroA200,200,L_500x10000,10072689475851012600,40967.0000,29368.0000,39.4954,6341.2876
200-500,kroA200,200,L_500x10000,10072689475851012601,39942.0000,29368.0000,36.0052,6349.3724
200-500,kroA200,200,L_500x10000,10072689475851012602,43171.0000,29368.0000,47.0001,6377.9427
200-500,kroA200,200,L_500x10000,10072689475851012603,43242.0000,29368.0000,47.2419,6337.7925
200-500,kroA200,200,L_500x10000,10072689475851012604,38704.0000,29368.0000,31.7897,6334.4807
200-500,kroB200,200,L_500x10000,1863932824317907767,42373.0000,29437.0000,43.9447,6346.4056
200-500,kroB200,200,L_500x10000,1863932824317907768,40494.0000,29437.0000,37.5616,6325.4048
200-500,kroB200,200,L_500x10000,1863932824317907769,42883.0000,29437.0000,45.6772,6359.6294
200-500,kroB200,200,L_500x10000,1863932824317907770,42977.0000,29437.0000,45.9965,6357.8372
200-500,kroB200,200,L_500x10000,1863932824317907771,39922.0000,29437.0000,35.6184,6322.3227
200-500,lin318,318,L_500x10000,18170842627459601904,67528.0000,42029.0000,60.6700,9717.7292
200-500,lin318,318,L_500x10000,18170842627459601905,69948.0000,42029.0000,66.4279,9719.4445
200-500,lin318,318,L_500x10000,18170842627459601906,68507.0000,42029.0000,62.9994,9697.0372
200-500,lin318,318,L_500x10000,18170842627459601907,69015.0000,42029.0000,64.2080,9711.2735
200-500,lin318,318,L_500x10000,18170842627459601908,68666.0000,42029.0000,63.3777,9704.5158
200-500,lin318,318,L_500x10000,18170842627459601904,67528.0000,42029.0000,60.6700,9696.6385
200-500,lin318,318,L_500x10000,18170842627459601905,69948.0000,42029.0000,66.4279,9714.2770
200-500,lin318,318,L_500x10000,18170842627459601906,68507.0000,42029.0000,62.9994,9667.2536
200-500,lin318,318,L_500x10000,18170842627459601907,69015.0000,42029.0000,64.2080,9634.7514
200-500,lin318,318,L_500x10000,18170842627459601908,68666.0000,42029.0000,63.3777,9637.1203
200-500,pcb442,442,L_500x10000,13791225903400109318,80200.0000,50778.0000,57.9424,13151.4179
200-500,pcb442,442,L_500x10000,13791225903400109319,83129.0000,50778.0000,63.7107,13169.8103
200-500,pcb442,442,L_500x10000,13791225903400109320,79657.0000,50778.0000,56.8731,13182.8347
200-500,pcb442,442,L_500x10000,13791225903400109321,89189.0000,50778.0000,75.6450,13154.0212
200-500,pcb442,442,L_500x10000,13791225903400109322,88817.0000,50778.0000,74.9124,13220.7713
200-500,pr226,226,L_500x10000,6461538028121978923,106783.0000,80369.0000,32.8659,7545.8612
200-500,pr226,226,L_500x10000,6461538028121978924,94248.0000,80369.0000,17.2691,7633.7938
200-500,pr226,226,L_500x10000,6461538028121978925,105848.0000,80369.0000,31.7025,7391.8096
200-500,pr226,226,L_500x10000,6461538028121978926,107101.0000,80369.0000,33.2616,7126.7804
200-500,pr226,226,L_500x10000,6461538028121978927,104004.0000,80369.0000,29.4081,7122.4711
200-500,pr264,264,L_500x10000,8126713608428636653,72795.0000,49135.0000,48.1530,8257.9707
200-500,pr264,264,L_500x10000,8126713608428636654,73876.0000,49135.0000,50.3531,8199.8402
200-500,pr264,264,L_500x10000,8126713608428636655,72727.0000,49135.0000,48.0147,8242.9259
200-500,pr264,264,L_500x10000,8126713608428636656,74215.0000,49135.0000,51.0430,8306.2600
200-500,pr264,264,L_500x10000,8126713608428636657,68690.0000,49135.0000,39.7985,8269.9188
200-500,pr299,299,L_500x10000,13848992601243681251,65471.0000,48191.0000,35.8573,9283.6246
200-500,pr299,299,L_500x10000,13848992601243681252,65659.0000,48191.0000,36.2474,9217.9296
200-500,pr299,299,L_500x10000,13848992601243681253,65199.0000,48191.0000,35.2929,9350.4044
200-500,pr299,299,L_500x10000,13848992601243681254,65707.0000,48191.0000,36.3470,9666.2806
200-500,pr299,299,L_500x10000,13848992601243681255,66292.0000,48191.0000,37.5610,11280.4911
200-500,pr439,439,L_500x10000,12692462707781699811,199750.0000,107217.0000,86.3044,17792.3446
200-500,pr439,439,L_500x10000,12692462707781699812,208502.0000,107217.0000,94.4673,13972.8805
200-500,pr439,439,L_500x10000,12692462707781699813,166461.0000,107217.0000,55.2562,13726.2099
200-500,pr439,439,L_500x10000,12692462707781699814,190433.0000,107217.0000,77.6146,13885.3794
200-500,pr439,439,L_500x10000,12692462707781699815,180799.0000,107217.0000,68.6290,13592.3389
200-500,rd400,400,L_500x10000,11777325494839265601,24663.0000,15281.0000,61.3965,12475.6686
200-500,rd400,400,L_500x10000,11777325494839265602,25531.0000,15281.0000,67.0768,12253.1130
200-500,rd400,400,L_500x10000,11777325494839265603,25268.0000,15281.0000,65.3557,12391.3797
200-500,rd400,400,L_500x10000,11777325494839265604,25816.0000,15281.0000,68.9418,12182.3336
200-500,rd400,400,L_500x10000,11777325494839265605,25413.0000,15281.0000,66.3046,12079.4958
200-500,ts225,225,L_500x10000,7038272997430226737,188829.0000,126643.0000,49.1034,7091.1891
200-500,ts225,225,L_500x10000,7038272997430226738,187450.0000,126643.0000,48.0145,7063.3929
200-500,ts225,225,L_500x10000,7038272997430226739,203701.0000,126643.0000,60.8466,7152.6077
200-500,ts225,225,L_500x10000,7038272997430226740,197703.0000,126643.0000,56.1105,7100.6218
200-500,ts225,225,L_500x10000,7038272997430226741,171875.0000,126643.0000,35.7161,7138.4473
200-500,tsp225,225,L_500x10000,17069050658044809587,4677.0000,3916.0000,19.4331,7094.4081
200-500,tsp225,225,L_500x10000,17069050658044809588,4342.0000,3916.0000,10.8784,7137.6686
200-500,tsp225,225,L_500x10000,17069050658044809589,4678.0000,3916.0000,19.4586,8233.8872
200-500,tsp225,225,L_500x10000,17069050658044809590,4226.0000,3916.0000,7.9162,10192.2268
200-500,tsp225,225,L_500x10000,17069050658044809591,4317.0000,3916.0000,10.2400,10439.6569
200-500,a280,280,L_800x10000,7387064796690888463,2773.0000,2579.0000,7.5223,18737.5923
200-500,a280,280,L_800x10000,7387064796690888464,2770.0000,2579.0000,7.4060,19363.4645
200-500,a280,280,L_800x10000,7387064796690888465,2778.0000,2579.0000,7.7162,19617.3757
200-500,a280,280,L_800x10000,7387064796690888466,2779.0000,2579.0000,7.7549,19924.0258
200-500,a280,280,L_800x10000,7387064796690888467,2773.0000,2579.0000,7.5223,19355.7613
200-500,d493,493,L_800x10000,7438463595460846468,45166.0000,35002.0000,29.0383,32342.0536
200-500,d493,493,L_800x10000,7438463595460846469,47065.0000,35002.0000,34.4637,32002.0602
200-500,d493,493,L_800x10000,7438463595460846470,45060.0000,35002.0000,28.7355,32885.8853
200-500,d493,493,L_800x10000,7438463595460846471,45902.0000,35002.0000,31.1411,33900.7437
200-500,d493,493,L_800x10000,7438463595460846472,46868.0000,35002.0000,33.9009,33442.4798
200-500,fl417,417,L_800x10000,17776925620108176228,22167.0000,11861.0000,86.8898,29773.8188
200-500,fl417,417,L_800x10000,17776925620108176229,22810.0000,11861.0000,92.3109,29042.5217
200-500,fl417,417,L_800x10000,17776925620108176230,23778.0000,11861.0000,100.4721,28818.6476
200-500,fl417,417,L_800x10000,17776925620108176231,23073.0000,11861.0000,94.5283,28433.3279
200-500,fl417,417,L_800x10000,17776925620108176232,21663.0000,11861.0000,82.6406,29274.8971
200-500,gil262,262,L_800x10000,839439771591946414,3500.0000,2378.0000,47.1825,19164.7637
200-500,gil262,262,L_800x10000,839439771591946415,3565.0000,2378.0000,49.9159,18667.4165
200-500,gil262,262,L_800x10000,839439771591946416,3665.0000,2378.0000,54.1211,19747.0898
200-500,gil262,262,L_800x10000,839439771591946417,3324.0000,2378.0000,39.7813,19481.5279
200-500,gil262,262,L_800x10000,839439771591946418,3538.0000,2378.0000,48.7805,19374.6718
200-500,gr202,202,L_800x10000,17916199802711707401,44998.0000,40160.0000,12.0468,15586.7133
200-500,gr202,202,L_800x10000,17916199802711707402,44998.0000,40160.0000,12.0468,15004.0198
200-500,gr202,202,L_800x10000,17916199802711707403,45490.0000,40160.0000,13.2719,15212.1600
200-500,gr202,202,L_800x10000,17916199802711707404,44884.0000,40160.0000,11.7629,15203.2678
200-500,gr202,202,L_800x10000,17916199802711707405,46014.0000,40160.0000,14.5767,15015.8834
200-500,gr229,229,L_800x10000,14321645162510725458,157146.0000,134602.0000,16.7486,17007.2397
200-500,gr229,229,L_800x10000,14321645162510725459,161428.0000,134602.0000,19.9299,16905.3847
200-500,gr229,229,L_800x10000,14321645162510725460,159543.0000,134602.0000,18.5294,16901.4670
200-500,gr229,229,L_800x10000,14321645162510725461,163412.0000,134602.0000,21.4038,16706.0651
200-500,gr229,229,L_800x10000,14321645162510725462,160540.0000,134602.0000,19.2701,17167.1387
200-500,gr431,431,L_800x10000,5887303600984378139,204318.0000,171414.0000,19.1956,31787.0866
200-500,gr431,431,L_800x10000,5887303600984378140,201480.0000,171414.0000,17.5400,30004.4836
200-500,gr431,431,L_800x10000,5887303600984378141,205905.0000,171414.0000,20.1215,29259.6906
200-500,gr431,431,L_800x10000,5887303600984378142,205333.0000,171414.0000,19.7878,29545.5658
200-500,gr431,431,L_800x10000,5887303600984378143,205335.0000,171414.0000,19.7889,29707.2327
200-500,kroA200,200,L_800x10000,8314633300906291173,41317.0000,29368.0000,40.6871,14784.7703
200-500,kroA200,200,L_800x10000,8314633300906291174,40355.0000,29368.0000,37.4115,15024.0005
200-500,kroA200,200,L_800x10000,8314633300906291175,40045.0000,29368.0000,36.3559,14802.5428
200-500,kroA200,200,L_800x10000,8314633300906291176,38531.0000,29368.0000,31.2006,14636.7483
200-500,kroA200,200,L_800x10000,8314633300906291177,45408.0000,29368.0000,54.6173,15060.2419
200-500,kroB200,200,L_800x10000,105876649373186340,40811.0000,29437.0000,38.6384,15082.2460
200-500,kroB200,200,L_800x10000,105876649373186341,41205.0000,29437.0000,39.9769,15202.9128
200-500,kroB200,200,L_800x10000,105876649373186342,39705.0000,29437.0000,34.8813,15266.8410
200-500,kroB200,200,L_800x10000,105876649373186343,36734.0000,29437.0000,24.7885,14940.2349
200-500,kroB200,200,L_800x10000,105876649373186344,42809.0000,29437.0000,45.4258,15155.2650
200-500,lin318,318,L_800x10000,14496236504624540351,64663.0000,42029.0000,53.8533,22590.6978
200-500,lin318,318,L_800x10000,14496236504624540352,59123.0000,42029.0000,40.6719,22903.5329
200-500,lin318,318,L_800x10000,14496236504624540353,67303.0000,42029.0000,60.1347,22905.4894
200-500,lin318,318,L_800x10000,14496236504624540354,64303.0000,42029.0000,52.9967,22637.8046
200-500,lin318,318,L_800x10000,14496236504624540355,64424.0000,42029.0000,53.2846,23158.7989
200-500,lin318,318,L_800x10000,14496236504624540351,64663.0000,42029.0000,53.8533,23065.1996
200-500,lin318,318,L_800x10000,14496236504624540352,59123.0000,42029.0000,40.6719,23447.9075
200-500,lin318,318,L_800x10000,14496236504624540353,67303.0000,42029.0000,60.1347,22592.1882
200-500,lin318,318,L_800x10000,14496236504624540354,64303.0000,42029.0000,52.9967,23059.1125
200-500,lin318,318,L_800x10000,14496236504624540355,64424.0000,42029.0000,53.2846,22975.8692
200-500,pcb442,442,L_800x10000,10116619780565047765,70714.0000,50778.0000,39.2611,30710.5452
200-500,pcb442,442,L_800x10000,10116619780565047766,76076.0000,50778.0000,49.8208,31195.9029
200-500,pcb442,442,L_800x10000,10116619780565047767,86705.0000,50778.0000,70.7531,30016.6220
200-500,pcb442,442,L_800x10000,10116619780565047768,81223.0000,50778.0000,59.9571,30641.9355
200-500,pcb442,442,L_800x10000,10116619780565047769,79105.0000,50778.0000,55.7860,30204.6951
200-500,pr226,226,L_800x10000,1645783030954346736,94741.0000,80369.0000,17.8825,17052.1243
200-500,pr226,226,L_800x10000,1645783030954346737,100253.0000,80369.0000,24.7409,16687.5490
200-500,pr226,226,L_800x10000,1645783030954346738,104792.0000,80369.0000,30.3886,17177.1276
200-500,pr226,226,L_800x10000,1645783030954346739,104372.0000,80369.0000,29.8660,17196.6671
200-500,pr226,226,L_800x10000,1645783030954346740,102215.0000,80369.0000,27.1821,16693.2886
200-500,pr264,264,L_800x10000,3310958611261004466,72266.0000,49135.0000,47.0764,19741.9678
200-500,pr264,264,L_800x10000,3310958611261004467,72292.0000,49135.0000,47.1293,19429.5570
200-500,pr264,264,L_800x10000,3310958611261004468,72492.0000,49135.0000,47.5364,19256.6885
200-500,pr264,264,L_800x10000,3310958611261004469,72251.0000,49135.0000,47.0459,19591.6561
200-500,pr264,264,L_800x10000,3310958611261004470,72421.0000,49135.0000,47.3919,19375.5389
200-500,pr299,299,L_800x10000,9033237604076049064,64890.0000,48191.0000,34.6517,21038.8062
200-500,pr299,299,L_800x10000,9033237604076049065,63527.0000,48191.0000,31.8234,21126.3120
200-500,pr299,299,L_800x10000,9033237604076049066,63747.0000,48191.0000,32.2799,21341.1323
200-500,pr299,299,L_800x10000,9033237604076049067,65640.0000,48191.0000,36.2080,21145.0927
200-500,pr299,299,L_800x10000,9033237604076049068,64402.0000,48191.0000,33.6391,21412.6022
200-500,pr439,439,L_800x10000,7876707710614067624,173400.0000,107217.0000,61.7281,29712.5144
200-500,pr439,439,L_800x10000,7876707710614067625,184247.0000,107217.0000,71.8449,29625.4519
200-500,pr439,439,L_800x10000,7876707710614067626,172870.0000,107217.0000,61.2338,31192.4871
200-500,pr439,439,L_800x10000,7876707710614067627,172909.0000,107217.0000,61.2701,29085.1782
200-500,pr439,439,L_800x10000,7876707710614067628,157682.0000,107217.0000,47.0681,29931.0158
200-500,rd400,400,L_800x10000,6961570497671633414,23961.0000,15281.0000,56.8026,28308.4706
200-500,rd400,400,L_800x10000,6961570497671633415,23425.0000,15281.0000,53.2949,28257.5136
200-500,rd400,400,L_800x10000,6961570497671633416,24649.0000,15281.0000,61.3049,28751.9395
200-500,rd400,400,L_800x10000,6961570497671633417,23621.0000,15281.0000,54.5776,27744.8455
200-500,rd400,400,L_800x10000,6961570497671633418,24972.0000,15281.0000,63.4186,28212.9162
200-500,ts225,225,L_800x10000,2222518000262594550,180102.0000,126643.0000,42.2124,16166.7619
200-500,ts225,225,L_800x10000,2222518000262594551,176767.0000,126643.0000,39.5790,16475.4337
200-500,ts225,225,L_800x10000,2222518000262594552,199812.0000,126643.0000,57.7758,16417.8058
200-500,ts225,225,L_800x10000,2222518000262594553,171052.0000,126643.0000,35.0663,16600.7785
200-500,ts225,225,L_800x10000,2222518000262594554,172456.0000,126643.0000,36.1749,16546.2974
200-500,tsp225,225,L_800x10000,13394444535209748034,4065.0000,3916.0000,3.8049,16498.8312
200-500,tsp225,225,L_800x10000,13394444535209748035,4460.0000,3916.0000,13.8917,16742.0230
200-500,tsp225,225,L_800x10000,13394444535209748036,4515.0000,3916.0000,15.2962,16977.1931
200-500,tsp225,225,L_800x10000,13394444535209748037,4312.0000,3916.0000,10.1124,17052.2162
200-500,tsp225,225,L_800x10000,13394444535209748038,4257.0000,3916.0000,8.7079,17047.6686
200-500,a280,280,L_400x15000,11983694834192023622,2784.0000,2579.0000,7.9488,13904.5090
200-500,a280,280,L_400x15000,11983694834192023623,2784.0000,2579.0000,7.9488,14923.6941
200-500,a280,280,L_400x15000,11983694834192023624,2763.0000,2579.0000,7.1345,15377.4383
200-500,a280,280,L_400x15000,11983694834192023625,2779.0000,2579.0000,7.7549,15156.0600
200-500,a280,280,L_400x15000,11983694834192023626,2790.0000,2579.0000,8.1815,14839.9989
200-500,d493,493,L_400x15000,12035093632961981627,49282.0000,35002.0000,40.7977,25134.0548
200-500,d493,493,L_400x15000,12035093632961981628,47948.0000,35002.0000,36.9865,25771.0148
200-500,d493,493,L_400x15000,12035093632961981629,49223.0000,35002.0000,40.6291,24463.9589
200-500,d493,493,L_400x15000,12035093632961981630,47627.0000,35002.0000,36.0694,24578.9089
200-500,d493,493,L_400x15000,12035093632961981631,48462.0000,35002.0000,38.4549,24829.1849
200-500,fl417,417,L_400x15000,11192906100341678729,26838.0000,11861.0000,126.2710,21325.5536
200-500,fl417,417,L_400x15000,11192906100341678730,24551.0000,11861.0000,106.9893,21474.2859
200-500,fl417,417,L_400x15000,11192906100341678731,27747.0000,11861.0000,133.9347,21527.6086
200-500,fl417,417,L_400x15000,11192906100341678732,25426.0000,11861.0000,114.3664,21318.2972
200-500,fl417,417,L_400x15000,11192906100341678733,24504.0000,11861.0000,106.5930,21812.2328
200-500,gil262,262,L_400x15000,5329854146529699997,3733.0000,2378.0000,56.9807,14779.9735
200-500,gil262,262,L_400x15000,5329854146529699998,3858.0000,2378.0000,62.2372,14328.2681
200-500,gil262,262,L_400x15000,5329854146529699999,3578.0000,2378.0000,50.4626,14134.3148
200-500,gil262,262,L_400x15000,5329854146529700000,3676.0000,2378.0000,54.5837,15237.3430
200-500,gil262,262,L_400x15000,5329854146529700001,3587.0000,2378.0000,50.8410,14096.2523
200-500,gr202,202,L_400x15000,11332180282945209902,47592.0000,40160.0000,18.5060,11395.5916
200-500,gr202,202,L_400x15000,11332180282945209903,46331.0000,40160.0000,15.3660,11197.0111
200-500,gr202,202,L_400x15000,11332180282945209904,46486.0000,40160.0000,15.7520,11019.2245
200-500,gr202,202,L_400x15000,11332180282945209905,46526.0000,40160.0000,15.8516,11614.7913
200-500,gr202,202,L_400x15000,11332180282945209906,46057.0000,40160.0000,14.6838,11579.6252
200-500,gr229,229,L_400x15000,7737625642744227959,161668.0000,134602.0000,20.1082,12313.4687
200-500,gr229,229,L_400x15000,7737625642744227960,163412.0000,134602.0000,21.4038,12520.0182
200-500,gr229,229,L_400x15000,7737625642744227961,159731.0000,134602.0000,18.6691,12669.2719
200-500,gr229,229,L_400x15000,7737625642744227962,163810.0000,134602.0000,21.6995,12760.0382
200-500,gr229,229,L_400x15000,7737625642744227963,159796.0000,134602.0000,18.7174,12512.4355
200-500,gr431,431,L_400x15000,17750028154927432256,203833.0000,171414.0000,18.9127,22282.8338
200-500,gr431,431,L_400x15000,17750028154927432257,209250.0000,171414.0000,22.0729,21922.7428
200-500,gr431,431,L_400x15000,17750028154927432258,205140.0000,171414.0000,19.6752,21817.0837
200-500,gr431,431,L_400x15000,17750028154927432259,206682.0000,171414.0000,20.5747,22428.9729
200-500,gr431,431,L_400x15000,17750028154927432260,207809.0000,171414.0000,21.2322,22813.5221
200-500,kroA200,200,L_400x15000,6263106059046358834,40734.0000,29368.0000,38.7020,11295.3334
200-500,kroA200,200,L_400x15000,6263106059046358835,43603.0000,29368.0000,48.4711,11105.4448
200-500,kroA200,200,L_400x15000,6263106059046358836,42821.0000,29368.0000,45.8084,11358.7440
200-500,kroA200,200,L_400x15000,6263106059046358837,47199.0000,29368.0000,60.7157,11187.5865
200-500,kroA200,200,L_400x15000,6263106059046358838,43791.0000,29368.0000,49.1113,11219.4081
200-500,kroB200,200,L_400x15000,16501093481222805617,40111.0000,29437.0000,36.2605,11498.1758
200-500,kroB200,200,L_400x15000,16501093481222805618,44133.0000,29437.0000,49.9236,11247.1658
200-500,kroB200,200,L_400x15000,16501093481222805619,42622.0000,29437.0000,44.7906,11494.4853
200-500,kroB200,200,L_400x15000,16501093481222805620,44411.0000,29437.0000,50.8680,11552.9376
200-500,kroB200,200,L_400x15000,16501093481222805621,42271.0000,29437.0000,43.5982,11426.6219
200-500,lin318,318,L_400x15000,539906805852742318,72109.0000,42029.0000,71.5696,16719.4727
200-500,lin318,318,L_400x15000,539906805852742319,67552.0000,42029.0000,60.7271,16745.7565
200-500,lin318,318,L_400x15000,539906805852742320,70518.0000,42029.0000,67.7841,16686.3022
200-500,lin318,318,L_400x15000,539906805852742321,66059.0000,42029.0000,57.1748,16759.7894
200-500,lin318,318,L_400x15000,539906805852742322,65205.0000,42029.0000,55.1429,16576.7570
200-500,lin318,318,L_400x15000,539906805852742318,72109.0000,42029.0000,71.5696,16894.9780
200-500,lin318,318,L_400x15000,539906805852742319,67552.0000,42029.0000,60.7271,16746.4127
200-500,lin318,318,L_400x15000,539906805852742320,70518.0000,42029.0000,67.7841,16868.8869
200-500,lin318,318,L_400x15000,539906805852742321,66059.0000,42029.0000,57.1748,16819.2522
200-500,lin318,318,L_400x15000,539906805852742322,65205.0000,42029.0000,55.1429,17080.6941
200-500,pcb442,442,L_400x15000,14607034155502801348,85987.0000,50778.0000,69.3391,22440.9498
200-500,pcb442,442,L_400x15000,14607034155502801349,80780.0000,50778.0000,59.0846,22805.6541
200-500,pcb442,442,L_400x15000,14607034155502801350,86355.0000,50778.0000,70.0638,22683.1543
200-500,pcb442,442,L_400x15000,14607034155502801351,83435.0000,50778.0000,64.3133,22306.0699
200-500,pcb442,442,L_400x15000,14607034155502801352,86128.0000,50778.0000,69.6168,22440.4465
200-500,pr226,226,L_400x15000,13508507584897400853,105727.0000,80369.0000,31.5520,12237.9345
200-500,pr226,226,L_400x15000,13508507584897400854,105665.0000,80369.0000,31.4748,12569.0712
200-500,pr226,226,L_400x15000,13508507584897400855,104544.0000,80369.0000,30.0800,12476.0947
200-500,pr226,226,L_400x15000,13508507584897400856,107179.0000,80369.0000,33.3586,12046.1121
200-500,pr226,226,L_400x15000,13508507584897400857,105999.0000,80369.0000,31.8904,12076.3684
200-500,pr264,264,L_400x15000,15173683165204058583,72744.0000,49135.0000,48.0493,14322.4859
200-500,pr264,264,L_400x15000,15173683165204058584,72364.0000,49135.0000,47.2759,14191.1871
200-500,pr264,264,L_400x15000,15173683165204058585,72864.0000,49135.0000,48.2935,14385.3454
200-500,pr264,264,L_400x15000,15173683165204058586,72578.0000,49135.0000,47.7114,14444.0162
200-500,pr264,264,L_400x15000,15173683165204058587,72519.0000,49135.0000,47.5913,14277.8533
200-500,pr299,299,L_400x15000,2449218084309551565,65667.0000,48191.0000,36.2640,15602.7734
200-500,pr299,299,L_400x15000,2449218084309551566,65339.0000,48191.0000,35.5834,15602.2715
200-500,pr299,299,L_400x15000,2449218084309551567,65428.0000,48191.0000,35.7681,16029.9514
200-500,pr299,299,L_400x15000,2449218084309551568,64969.0000,48191.0000,34.8156,15592.6368
200-500,pr299,299,L_400x15000,2449218084309551569,63594.0000,48191.0000,31.9624,15841.0474
200-500,pr439,439,L_400x15000,1292688190847570125,215472.0000,107217.0000,100.9681,22601.4728
200-500,pr439,439,L_400x15000,1292688190847570126,199818.0000,107217.0000,86.3678,22638.9473
200-500,pr439,439,L_400x15000,1292688190847570127,195084.0000,107217.0000,81.9525,22902.8891
200-500,pr439,439,L_400x15000,1292688190847570128,179111.0000,107217.0000,67.0547,22514.8066
200-500,pr439,439,L_400x15000,1292688190847570129,185454.0000,107217.0000,72.9707,22576.9860
200-500,rd400,400,L_400x15000,377550977905135915,24831.0000,15281.0000,62.4959,20671.7056
200-500,rd400,400,L_400x15000,377550977905135916,25713.0000,15281.0000,68.2678,20816.1307
200-500,rd400,400,L_400x15000,377550977905135917,26432.0000,15281.0000,72.9730,20486.8867
200-500,rd400,400,L_400x15000,377550977905135918,24808.0000,15281.0000,62.3454,20839.5042
200-500,rd400,400,L_400x15000,377550977905135919,25252.0000,15281.0000,65.2510,21082.3519
200-500,ts225,225,L_400x15000,14085242554205648667,202738.0000,126643.0000,60.0862,12575.5005
200-500,ts225,225,L_400x15000,14085242554205648668,188284.0000,126643.0000,48.6730,12262.7918
200-500,ts225,225,L_400x15000,14085242554205648669,197470.0000,126643.0000,55.9265,12309.9545
200-500,ts225,225,L_400x15000,14085242554205648670,190379.0000,126643.0000,50.3273,11950.0750
200-500,ts225,225,L_400x15000,14085242554205648671,195768.0000,126643.0000,54.5826,12250.6374
200-500,tsp225,225,L_400x15000,17884858910147501617,4113.0000,3916.0000,5.0306,12145.2927
200-500,tsp225,225,L_400x15000,17884858910147501618,4555.0000,3916.0000,16.3177,12231.4522
200-500,tsp225,225,L_400x15000,17884858910147501619,4583.0000,3916.0000,17.0327,12237.8514
200-500,tsp225,225,L_400x15000,17884858910147501620,4427.0000,3916.0000,13.0490,12487.2872
200-500,tsp225,225,L_400x15000,17884858910147501621,4329.0000,3916.0000,10.5465,12530.6157
200-500,a280,280,L_400x20000,5679963919740832232,2771.0000,2579.0000,7.4447,18221.0891
200-500,a280,280,L_400x20000,5679963919740832233,2761.0000,2579.0000,7.0570,19729.1661
200-500,a280,280,L_400x20000,5679963919740832234,2768.0000,2579.0000,7.3284,19733.1391
200-500,a280,280,L_400x20000,5679963919740832235,2787.0000,2579.0000,8.0651,20145.6499
200-500,a280,280,L_400x20000,5679963919740832236,2768.0000,2579.0000,7.3284,20089.7218
200-500,d493,493,L_400x20000,5731362718510790237,48410.0000,35002.0000,38.3064,33523.1507
200-500,d493,493,L_400x20000,5731362718510790238,48824.0000,35002.0000,39.4892,33350.1361
200-500,d493,493,L_400x20000,5731362718510790239,49378.0000,35002.0000,41.0719,32984.8622
200-500,d493,493,L_400x20000,5731362718510790240,47718.0000,35002.0000,36.3294,33367.5722
200-500,d493,493,L_400x20000,5731362718510790241,50025.0000,35002.0000,42.9204,33688.0161
200-500,fl417,417,L_400x20000,15507639624165429359,26016.0000,11861.0000,119.3407,28754.2057
200-500,fl417,417,L_400x20000,15507639624165429360,24506.0000,11861.0000,106.6099,28300.1395
200-500,fl417,417,L_400x20000,15507639624165429361,23676.0000,11861.0000,99.6122,28455.2613
200-500,fl417,417,L_400x20000,15507639624165429362,25280.0000,11861.0000,113.1355,29427.3607
200-500,fl417,417,L_400x20000,15507639624165429363,26218.0000,11861.0000,121.0438,28266.5907
200-500,gil262,262,L_400x20000,17157623556154484047,3613.0000,2378.0000,51.9344,19213.4535
200-500,gil262,262,L_400x20000,17157623556154484048,3467.0000,2378.0000,45.7948,18678.1874
200-500,gil262,262,L_400x20000,17157623556154484049,3635.0000,2378.0000,52.8595,18405.4752
200-500,gil262,262,L_400x20000,17157623556154484050,3428.0000,2378.0000,44.1548,18644.8470
200-500,gil262,262,L_400x20000,17157623556154484051,3751.0000,2378.0000,57.7376,14369.2867
200-500,gr202,202,L_400x20000,15646913806768960532,44964.0000,40160.0000,11.9622,15054.5064
200-500,gr202,202,L_400x20000,15646913806768960533,45151.0000,40160.0000,12.4278,14689.5105
200-500,gr202,202,L_400x20000,15646913806768960534,46024.0000,40160.0000,14.6016,14421.0404
200-500,gr202,202,L_400x20000,15646913806768960535,46702.0000,40160.0000,16.2898,15952.3531
200-500,gr202,202,L_400x20000,15646913806768960536,46417.0000,40160.0000,15.5802,15434.2973
200-500,gr229,229,L_400x20000,12052359166567978589,161015.0000,134602.0000,19.6230,16698.2226
200-500,gr229,229,L_400x20000,12052359166567978590,158881.0000,134602.0000,18.0376,16389.9398
200-500,gr229,229,L_400x20000,12052359166567978591,161527.0000,134602.0000,20.0034,16784.7294
200-500,gr229,229,L_400x20000,12052359166567978592,156477.0000,134602.0000,16.2516,16883.7707
200-500,gr229,229,L_400x20000,12052359166567978593,161225.0000,134602.0000,19.7791,16404.6272
200-500,gr431,431,L_400x20000,3618017605041631270,204397.0000,171414.0000,19.2417,29750.7355
200-500,gr431,431,L_400x20000,3618017605041631271,206604.0000,171414.0000,20.5292,29568.4619
200-500,gr431,431,L_400x20000,3618017605041631272,205294.0000,171414.0000,19.7650,29082.0017
200-500,gr431,431,L_400x20000,3618017605041631273,206519.0000,171414.0000,20.4797,29151.4053
200-500,gr431,431,L_400x20000,3618017605041631274,204362.0000,171414.0000,19.2213,29564.5003
200-500,kroA200,200,L_400x20000,6174396528290733640,44036.0000,29368.0000,49.9455,13377.6703
200-500,kroA200,200,L_400x20000,6174396528290733641,42969.0000,29368.0000,46.3123,10592.9784
200-500,kroA200,200,L_400x20000,6174396528290733642,40365.0000,29368.0000,37.4455,12512.9821
200-500,kroA200,200,L_400x20000,6174396528290733643,47443.0000,29368.0000,61.5466,14531.7155
200-500,kroA200,200,L_400x20000,6174396528290733644,41488.0000,29368.0000,41.2694,14756.0153
200-500,kroB200,200,L_400x20000,16412383950467180423,39686.0000,29437.0000,34.8167,15576.1134
200-500,kroB200,200,L_400x20000,16412383950467180424,38989.0000,29437.0000,32.4490,15971.2053
200-500,kroB200,200,L_400x20000,16412383950467180425,42793.0000,29437.0000,45.3715,10810.5906
200-500,kroB200,200,L_400x20000,16412383950467180426,41020.0000,29437.0000,39.3484,10489.8163
200-500,kroB200,200,L_400x20000,16412383950467180427,43688.0000,29437.0000,48.4119,14735.6994
200-500,lin318,318,L_400x20000,12367676215477526368,66196.0000,42029.0000,57.5008,23331.2422
200-500,lin318,318,L_400x20000,12367676215477526369,69366.0000,42029.0000,65.0432,23283.6018
200-500,lin318,318,L_400x20000,12367676215477526370,63560.0000,42029.0000,51.2289,22441.9145
200-500,lin318,318,L_400x20000,12367676215477526371,65870.0000,42029.0000,56.7251,15796.7260
200-500,lin318,318,L_400x20000,12367676215477526372,64929.0000,42029.0000,54.4862,15705.9223
200-500,lin318,318,L_400x20000,12367676215477526368,66196.0000,42029.0000,57.5008,15811.9964
200-500,lin318,318,L_400x20000,12367676215477526369,69366.0000,42029.0000,65.0432,16477.5229
200-500,lin318,318,L_400x20000,12367676215477526370,63560.0000,42029.0000,51.2289,16209.8416
200-500,lin318,318,L_400x20000,12367676215477526371,65870.0000,42029.0000,56.7251,16306.4878
200-500,lin318,318,L_400x20000,12367676215477526372,64929.0000,42029.0000,54.4862,16227.4507
200-500,pcb442,442,L_400x20000,7988059491418033782,87327.0000,50778.0000,71.9780,24112.5562
200-500,pcb442,442,L_400x20000,7988059491418033783,86658.0000,50778.0000,70.6605,23435.7035
200-500,pcb442,442,L_400x20000,7988059491418033784,82089.0000,50778.0000,61.6625,22254.9496
200-500,pcb442,442,L_400x20000,7988059491418033785,84149.0000,50778.0000,65.7194,21514.4418
200-500,pcb442,442,L_400x20000,7988059491418033786,84258.0000,50778.0000,65.9341,22847.4038
200-500,pr226,226,L_400x20000,17823241108721151483,105154.0000,80369.0000,30.8390,17349.9812
200-500,pr226,226,L_400x20000,17823241108721151484,105797.0000,80369.0000,31.6391,15625.5982
200-500,pr226,226,L_400x20000,17823241108721151485,105585.0000,80369.0000,31.3753,11739.9708
200-500,pr226,226,L_400x20000,17823241108721151486,103800.0000,80369.0000,29.1543,11649.1329
200-500,pr226,226,L_400x20000,17823241108721151487,104517.0000,80369.0000,30.0464,11865.6106
200-500,pr264,264,L_400x20000,1041672615318257597,72907.0000,49135.0000,48.3810,18849.0297
200-500,pr264,264,L_400x20000,1041672615318257598,69092.0000,49135.0000,40.6167,19636.5874
200-500,pr264,264,L_400x20000,1041672615318257599,72071.0000,49135.0000,46.6796,21011.2323
200-500,pr264,264,L_400x20000,1041672615318257600,72158.0000,49135.0000,46.8566,18541.3158
200-500,pr264,264,L_400x20000,1041672615318257601,69047.0000,49135.0000,40.5251,19970.6174
200-500,pr299,299,L_400x20000,6763951608133302195,62190.0000,48191.0000,29.0490,23447.4687
200-500,pr299,299,L_400x20000,6763951608133302196,63876.0000,48191.0000,32.5476,22986.7272
200-500,pr299,299,L_400x20000,6763951608133302197,65390.0000,48191.0000,35.6892,22356.9128
200-500,pr299,299,L_400x20000,6763951608133302198,64935.0000,48191.0000,34.7451,21762.2980
200-500,pr299,299,L_400x20000,6763951608133302199,65374.0000,48191.0000,35.6560,21843.5077
200-500,pr439,439,L_400x20000,5607421714671320755,190164.0000,107217.0000,77.3637,31634.2789
200-500,pr439,439,L_400x20000,5607421714671320756,197180.0000,107217.0000,83.9074,32877.4703
200-500,pr439,439,L_400x20000,5607421714671320757,181478.0000,107217.0000,69.2623,32947.2967
200-500,pr439,439,L_400x20000,5607421714671320758,196510.0000,107217.0000,83.2825,30782.9688
200-500,pr439,439,L_400x20000,5607421714671320759,200231.0000,107217.0000,86.7530,34086.5140
200-500,rd400,400,L_400x20000,4692284501728886545,24794.0000,15281.0000,62.2538,25037.4599
200-500,rd400,400,L_400x20000,4692284501728886546,24603.0000,15281.0000,61.0039,19432.9062
200-500,rd400,400,L_400x20000,4692284501728886547,27513.0000,15281.0000,80.0471,19458.9246
200-500,rd400,400,L_400x20000,4692284501728886548,25738.0000,15281.0000,68.4314,19366.3978
200-500,rd400,400,L_400x20000,4692284501728886549,25360.0000,15281.0000,65.9577,19423.2002
200-500,ts225,225,L_400x20000,18399976078029399297,219586.0000,126643.0000,73.3898,11392.7730
200-500,ts225,225,L_400x20000,18399976078029399298,196973.0000,126643.0000,55.5341,11358.8678
200-500,ts225,225,L_400x20000,18399976078029399299,203645.0000,126643.0000,60.8024,11352.3250
200-500,ts225,225,L_400x20000,18399976078029399300,192782.0000,126643.0000,52.2248,11340.2608
200-500,ts225,225,L_400x20000,18399976078029399301,174856.0000,126643.0000,38.0700,11453.4485
200-500,tsp225,225,L_400x20000,11265884246062734051,4351.0000,3916.0000,11.1083,11398.0894
200-500,tsp225,225,L_400x20000,11265884246062734052,4680.0000,3916.0000,19.5097,11475.6135
200-500,tsp225,225,L_400x20000,11265884246062734053,4705.0000,3916.0000,20.1481,11438.4710
200-500,tsp225,225,L_400x20000,11265884246062734054,4486.0000,3916.0000,14.5557,11400.4084
200-500,tsp225,225,L_400x20000,11265884246062734055,4090.0000,3916.0000,4.4433,11388.6878
200-500,a280,280,L_600x12000,706626679918346291,2787.0000,2579.0000,8.0651,12717.3405
200-500,a280,280,L_600x12000,706626679918346292,2790.0000,2579.0000,8.1815,12749.7387
200-500,a280,280,L_600x12000,706626679918346293,2790.0000,2579.0000,8.1815,12744.6961
200-500,a280,280,L_600x12000,706626679918346294,2785.0000,2579.0000,7.9876,12744.9394
200-500,a280,280,L_600x12000,706626679918346295,2784.0000,2579.0000,7.9488,12932.7740
200-500,d493,493,L_600x12000,758025478688304296,47593.0000,35002.0000,35.9722,21889.0643
200-500,d493,493,L_600x12000,758025478688304297,47575.0000,35002.0000,35.9208,21597.3468
200-500,d493,493,L_600x12000,758025478688304298,48542.0000,35002.0000,38.6835,21637.3814
200-500,d493,493,L_600x12000,758025478688304299,50331.0000,35002.0000,43.7946,21989.9704
200-500,d493,493,L_600x12000,758025478688304300,48588.0000,35002.0000,38.8149,21541.6295
200-500,fl417,417,L_600x12000,9636503787254077648,27833.0000,11861.0000,134.6598,18369.8123
200-500,fl417,417,L_600x12000,9636503787254077649,25300.0000,11861.0000,113.3041,18865.0399
200-500,fl417,417,L_600x12000,9636503787254077650,26277.0000,11861.0000,121.5412,27300.3566
200-500,fl417,417,L_600x12000,9636503787254077651,28098.0000,11861.0000,136.8940,29301.7554
200-500,fl417,417,L_600x12000,9636503787254077652,28111.0000,11861.0000,137.0036,23428.6524
200-500,gil262,262,L_600x12000,4355335942859026162,3702.0000,2378.0000,55.6770,12029.6854
200-500,gil262,262,L_600x12000,4355335942859026163,3854.0000,2378.0000,62.0690,11930.2998
200-500,gil262,262,L_600x12000,4355335942859026164,3997.0000,2378.0000,68.0824,11998.1470
200-500,gil262,262,L_600x12000,4355335942859026165,3646.0000,2378.0000,53.3221,11983.5679
200-500,gil262,262,L_600x12000,4355335942859026166,3860.0000,2378.0000,62.3213,11901.9341
200-500,gr202,202,L_600x12000,9775777969857608821,48158.0000,40160.0000,19.9153,9455.0968
200-500,gr202,202,L_600x12000,9775777969857608822,48232.0000,40160.0000,20.0996,9467.0227
200-500,gr202,202,L_600x12000,9775777969857608823,49235.0000,40160.0000,22.5971,9422.2447
200-500,gr202,202,L_600x12000,9775777969857608824,48200.0000,40160.0000,20.0199,9443.5506
200-500,gr202,202,L_600x12000,9775777969857608825,47274.0000,40160.0000,17.7141,9441.9625
200-500,gr229,229,L_600x12000,6181223329656626878,163821.0000,134602.0000,21.7077,10587.1467
200-500,gr229,229,L_600x12000,6181223329656626879,163883.0000,134602.0000,21.7538,10631.7916
200-500,gr229,229,L_600x12000,6181223329656626880,165137.0000,134602.0000,22.6854,10561.2927
200-500,gr229,229,L_600x12000,6181223329656626881,162115.0000,134602.0000,20.4403,10580.4730
200-500,gr229,229,L_600x12000,6181223329656626882,161713.0000,134602.0000,20.1416,10583.0962
200-500,gr431,431,L_600x12000,16193625841839831175,209301.0000,171414.0000,22.1026,19070.8476
200-500,gr431,431,L_600x12000,16193625841839831176,209542.0000,171414.0000,22.2432,19041.4068
200-500,gr431,431,L_600x12000,16193625841839831177,209585.0000,171414.0000,22.2683,19044.2419
200-500,gr431,431,L_600x12000,16193625841839831178,207557.0000,171414.0000,21.0852,18998.1611
200-500,gr431,431,L_600x12000,16193625841839831179,208572.0000,171414.0000,21.6773,19200.2972
200-500,kroA200,200,L_600x12000,7728429894154947761,43755.0000,29368.0000,48.9887,9337.6747
200-500,kroA200,200,L_600x12000,7728429894154947762,44124.0000,29368.0000,50.2452,9349.8115
200-500,kroA200,200,L_600x12000,7728429894154947763,46720.0000,29368.0000,59.0847,9355.1973
200-500,kroA200,200,L_600x12000,7728429894154947764,46037.0000,29368.0000,56.7591,9394.6625
200-500,kroA200,200,L_600x12000,7728429894154947765,44670.0000,29368.0000,52.1043,9468.4534
200-500,kroB200,200,L_600x12000,17966417316331394544,42051.0000,29437.0000,42.8508,9377.9872
200-500,kroB200,200,L_600x12000,17966417316331394545,45074.0000,29437.0000,53.1202,9337.8768
200-500,kroB200,200,L_600x12000,17966417316331394546,48702.0000,29437.0000,65.4448,9433.4468
200-500,kroB200,200,L_600x12000,17966417316331394547,40376.0000,29437.0000,37.1607,9382.5821
200-500,kroB200,200,L_600x12000,17966417316331394548,47159.0000,29437.0000,60.2031,9390.3781
200-500,lin318,318,L_600x12000,18012132675891620099,68046.0000,42029.0000,61.9025,14415.5920
200-500,lin318,318,L_600x12000,18012132675891620100,68076.0000,42029.0000,61.9739,14419.7160
200-500,lin318,318,L_600x12000,18012132675891620101,68923.0000,42029.0000,63.9892,14297.8051
200-500,lin318,318,L_600x12000,18012132675891620102,69997.0000,42029.0000,66.5445,14347.3555
200-500,lin318,318,L_600x12000,18012132675891620103,67515.0000,42029.0000,60.6391,14395.5573
200-500,lin318,318,L_600x12000,18012132675891620099,68046.0000,42029.0000,61.9025,14353.9926
200-500,lin318,318,L_600x12000,18012132675891620100,68076.0000,42029.0000,61.9739,14472.6495
200-500,lin318,318,L_600x12000,18012132675891620101,68923.0000,42029.0000,63.9892,14536.3580
200-500,lin318,318,L_600x12000,18012132675891620102,69997.0000,42029.0000,66.5445,14429.9746
200-500,lin318,318,L_600x12000,18012132675891620103,67515.0000,42029.0000,60.6391,14479.8488
200-500,pcb442,442,L_600x12000,13632515951832127513,82089.0000,50778.0000,61.6625,19614.4257
200-500,pcb442,442,L_600x12000,13632515951832127514,86779.0000,50778.0000,70.8988,19643.6910
200-500,pcb442,442,L_600x12000,13632515951832127515,83322.0000,50778.0000,64.0907,19415.9006
200-500,pcb442,442,L_600x12000,13632515951832127516,85541.0000,50778.0000,68.4608,19434.3852
200-500,pcb442,442,L_600x12000,13632515951832127517,85527.0000,50778.0000,68.4332,19419.8118
200-500,pr226,226,L_600x12000,11952105271809799772,106818.0000,80369.0000,32.9095,10496.2520
200-500,pr226,226,L_600x12000,11952105271809799773,106611.0000,80369.0000,32.6519,10502.4691
200-500,pr226,226,L_600x12000,11952105271809799774,107677.0000,80369.0000,33.9783,10468.4859
200-500,pr226,226,L_600x12000,11952105271809799775,107445.0000,80369.0000,33.6896,10399.9169
200-500,pr226,226,L_600x12000,11952105271809799776,107909.0000,80369.0000,34.2669,10436.0754
200-500,pr264,264,L_600x12000,13617280852116457502,74875.0000,49135.0000,52.3863,12021.5231
200-500,pr264,264,L_600x12000,13617280852116457503,72804.0000,49135.0000,48.1714,12228.1315
200-500,pr264,264,L_600x12000,13617280852116457504,72629.0000,49135.0000,47.8152,12547.5819
200-500,pr264,264,L_600x12000,13617280852116457505,72778.0000,49135.0000,48.1184,12729.4657
200-500,pr264,264,L_600x12000,13617280852116457506,72871.0000,49135.0000,48.3077,12670.7986
200-500,pr299,299,L_600x12000,892815771221950484,65764.0000,48191.0000,36.4653,18312.4850
200-500,pr299,299,L_600x12000,892815771221950485,65752.0000,48191.0000,36.4404,21338.9894
200-500,pr299,299,L_600x12000,892815771221950486,65564.0000,48191.0000,36.0503,20365.2131
200-500,pr299,299,L_600x12000,892815771221950487,65853.0000,48191.0000,36.6500,19006.5418
200-500,pr299,299,L_600x12000,892815771221950488,65801.0000,48191.0000,36.5421,14347.5496
200-500,pr439,439,L_600x12000,18183029951469520660,173778.0000,107217.0000,62.0806,19951.4970
200-500,pr439,439,L_600x12000,18183029951469520661,198476.0000,107217.0000,85.1162,19523.5188
200-500,pr439,439,L_600x12000,18183029951469520662,183573.0000,107217.0000,71.2163,20327.0663
200-500,pr439,439,L_600x12000,18183029951469520663,183863.0000,107217.0000,71.4868,27810.0748
200-500,pr439,439,L_600x12000,18183029951469520664,190655.0000,107217.0000,77.8216,27323.5040
200-500,rd400,400,L_600x12000,17267892738527086450,28472.0000,15281.0000,86.3229,25706.5936
200-500,rd400,400,L_600x12000,17267892738527086451,27604.0000,15281.0000,80.6426,24132.2730
200-500,rd400,400,L_600x12000,17267892738527086452,24988.0000,15281.0000,63.5233,18282.2428
200-500,rd400,400,L_600x12000,17267892738527086453,28401.0000,15281.0000,85.8583,22779.0620
200-500,rd400,400,L_600x12000,17267892738527086454,26621.0000,15281.0000,74.2098,26594.6815
200-500,ts225,225,L_600x12000,12528840241118047586,221411.0000,126643.0000,74.8308,10703.0220
200-500,ts225,225,L_600x12000,12528840241118047587,199059.0000,126643.0000,57.1812,14714.8404
200-500,ts225,225,L_600x12000,12528840241118047588,186770.0000,126643.0000,47.4776,17428.6637
200-500,ts225,225,L_600x12000,12528840241118047589,200592.0000,126643.0000,58.3917,16397.3031
200-500,ts225,225,L_600x12000,12528840241118047590,206196.0000,126643.0000,62.8167,17257.2993
200-500,tsp225,225,L_600x12000,16910340706476827782,4594.0000,3916.0000,17.3136,15729.0820
200-500,tsp225,225,L_600x12000,16910340706476827783,4302.0000,3916.0000,9.8570,15644.9803
200-500,tsp225,225,L_600x12000,16910340706476827784,4201.0000,3916.0000,7.2778,16015.8197
200-500,tsp225,225,L_600x12000,16910340706476827785,5130.0000,3916.0000,31.0010,16689.4322
200-500,tsp225,225,L_600x12000,16910340706476827786,4617.0000,3916.0000,17.9009,10578.3143
200-500,a280,280,R_t10,5248601890478189387,2790.0000,2579.0000,8.1815,8809.7780
200-500,a280,280,R_t10,5248601890478189388,2790.0000,2579.0000,8.1815,11373.5208
200-500,a280,280,R_t10,5248601890478189389,2790.0000,2579.0000,8.1815,12652.2323
200-500,a280,280,R_t10,5248601890478189390,2784.0000,2579.0000,7.9488,12807.0813
200-500,a280,280,R_t10,5248601890478189391,2784.0000,2579.0000,7.9488,13604.2045
200-500,d493,493,R_t10,5300000689248147392,49786.0000,35002.0000,42.2376,20124.3982
200-500,d493,493,R_t10,5300000689248147393,51718.0000,35002.0000,47.7573,15826.8156
200-500,d493,493,R_t10,5300000689248147394,49394.0000,35002.0000,41.1177,19575.4762
200-500,d493,493,R_t10,5300000689248147395,50187.0000,35002.0000,43.3832,19437.7757
200-500,d493,493,R_t10,5300000689248147396,51181.0000,35002.0000,46.2231,21704.2434
200-500,fl417,417,R_t10,14339446011887871512,27991.0000,11861.0000,135.9919,19004.7801
200-500,fl417,417,R_t10,14339446011887871513,33318.0000,11861.0000,180.9038,15302.7617
200-500,fl417,417,R_t10,14339446011887871514,28533.0000,11861.0000,140.5615,18850.4617
200-500,fl417,417,R_t10,14339446011887871515,28906.0000,11861.0000,143.7063,17967.0431
200-500,fl417,417,R_t10,14339446011887871516,30737.0000,11861.0000,159.1434,16295.0277
200-500,gil262,262,R_t10,11698212937470819018,4060.0000,2378.0000,70.7317,8256.2893
200-500,gil262,262,R_t10,11698212937470819019,4455.0000,2378.0000,87.3423,8415.9784
200-500,gil262,262,R_t10,11698212937470819020,4174.0000,2378.0000,75.5257,12389.5493
200-500,gil262,262,R_t10,11698212937470819021,4370.0000,2378.0000,83.7679,11949.6274
200-500,gil262,262,R_t10,11698212937470819022,4291.0000,2378.0000,80.4458,13054.3719
200-500,gr202,202,R_t10,14478720194491402685,47102.0000,40160.0000,17.2859,9758.1596
200-500,gr202,202,R_t10,14478720194491402686,49155.0000,40160.0000,22.3979,10052.5773
200-500,gr202,202,R_t10,14478720194491402687,48239.0000,40160.0000,20.1170,10233.3338
200-500,gr202,202,R_t10,14478720194491402688,49122.0000,40160.0000,22.3157,10491.2946
200-500,gr202,202,R_t10,14478720194491402689,47957.0000,40160.0000,19.4148,10110.4984
200-500,gr229,229,R_t10,10884165554290420742,167294.0000,134602.0000,24.2879,10893.7545
200-500,gr229,229,R_t10,10884165554290420743,167581.0000,134602.0000,24.5011,11175.0238
200-500,gr229,229,R_t10,10884165554290420744,163387.0000,134602.0000,21.3853,11340.8152
200-500,gr229,229,R_t10,10884165554290420745,166330.0000,134602.0000,23.5717,11819.8386
200-500,gr229,229,R_t10,10884165554290420746,163848.0000,134602.0000,21.7278,7187.8843
200-500,gr431,431,R_t10,2449823992764073423,211707.0000,171414.0000,23.5062,12856.3409
200-500,gr431,431,R_t10,2449823992764073424,213430.0000,171414.0000,24.5114,12845.2991
200-500,gr431,431,R_t10,2449823992764073425,211878.0000,171414.0000,23.6060,13161.2018
200-500,gr431,431,R_t10,2449823992764073426,207581.0000,171414.0000,21.0992,13591.9145
200-500,gr431,431,R_t10,2449823992764073427,211989.0000,171414.0000,23.6708,13333.8591
200-500,kroA200,200,R_t10,10414624355403127865,48215.0000,29368.0000,64.1753,6461.0287
200-500,kroA200,200,R_t10,10414624355403127866,50701.0000,29368.0000,72.6403,6594.8561
200-500,kroA200,200,R_t10,10414624355403127867,48744.0000,29368.0000,65.9766,6548.3207
200-500,kroA200,200,R_t10,10414624355403127868,51906.0000,29368.0000,76.7434,6361.1818
200-500,kroA200,200,R_t10,10414624355403127869,46135.0000,29368.0000,57.0928,6530.0261
200-500,kroB200,200,R_t10,2205867703870023032,53818.0000,29437.0000,82.8243,6561.2432
200-500,kroB200,200,R_t10,2205867703870023033,48877.0000,29437.0000,66.0393,8728.6246
200-500,kroB200,200,R_t10,2205867703870023034,48392.0000,29437.0000,64.3918,10033.5849
200-500,kroB200,200,R_t10,2205867703870023035,50459.0000,29437.0000,71.4135,10018.5722
200-500,kroB200,200,R_t10,2205867703870023036,49155.0000,29437.0000,66.9837,10030.9475
200-500,lin318,318,R_t10,6908265596793861339,70877.0000,42029.0000,68.6383,14752.2830
200-500,lin318,318,R_t10,6908265596793861340,74618.0000,42029.0000,77.5393,14689.1465
200-500,lin318,318,R_t10,6908265596793861341,71015.0000,42029.0000,68.9667,14548.1108
200-500,lin318,318,R_t10,6908265596793861342,75840.0000,42029.0000,80.4468,12988.1634
200-500,lin318,318,R_t10,6908265596793861343,70328.0000,42029.0000,67.3321,10159.8254
200-500,lin318,318,R_t10,6908265596793861339,70877.0000,42029.0000,68.6383,12444.6136
200-500,lin318,318,R_t10,6908265596793861340,74618.0000,42029.0000,77.5393,12915.7453
200-500,lin318,318,R_t10,6908265596793861341,71015.0000,42029.0000,68.9667,11445.9642
200-500,lin318,318,R_t10,6908265596793861342,75840.0000,42029.0000,80.4468,9834.6780
200-500,lin318,318,R_t10,6908265596793861343,70328.0000,42029.0000,67.3321,9842.6375
200-500,pcb442,442,R_t10,2528648872734368753,87211.0000,50778.0000,71.7496,15735.5030
200-500,pcb442,442,R_t10,2528648872734368754,87655.0000,50778.0000,72.6240,19904.9995
200-500,pcb442,442,R_t10,2528648872734368755,97631.0000,50778.0000,92.2703,20573.6415
200-500,pcb442,442,R_t10,2528648872734368756,84780.0000,50778.0000,66.9621,21006.4964
200-500,pcb442,442,R_t10,2528648872734368757,91042.0000,50778.0000,79.2942,16491.5477
200-500,pr226,226,R_t10,16655047496443593636,107799.0000,80369.0000,34.1301,7498.3572
200-500,pr226,226,R_t10,16655047496443593637,107943.0000,80369.0000,34.3092,7421.3823
200-500,pr226,226,R_t10,16655047496443593638,107746.0000,80369.0000,34.0641,7487.5278
200-500,pr226,226,R_t10,16655047496443593639,107534.0000,80369.0000,33.8003,7403.6125
200-500,pr226,226,R_t10,16655047496443593640,107458.0000,80369.0000,33.7058,7374.7356
200-500,pr264,264,R_t10,18320223076750251366,74366.0000,49135.0000,51.3504,8414.1449
200-500,pr264,264,R_t10,18320223076750251367,74684.0000,49135.0000,51.9976,8445.9950
200-500,pr264,264,R_t10,18320223076750251368,74434.0000,49135.0000,51.4888,8528.2984
200-500,pr264,264,R_t10,18320223076750251369,72725.0000,49135.0000,48.0106,8506.0527
200-500,pr264,264,R_t10,18320223076750251370,72937.0000,49135.0000,48.4420,9405.3302
200-500,pr299,299,R_t10,5595757995855744348,65596.0000,48191.0000,36.1167,10549.7771
200-500,pr299,299,R_t10,5595757995855744349,64958.0000,48191.0000,34.7928,9884.4859
200-500,pr299,299,R_t10,5595757995855744350,66716.0000,48191.0000,38.4408,9372.6438
200-500,pr299,299,R_t10,5595757995855744351,66204.0000,48191.0000,37.3783,9428.2951
200-500,pr299,299,R_t10,5595757995855744352,65767.0000,48191.0000,36.4715,9479.8936
200-500,pr439,439,R_t10,4439228102393762908,206565.0000,107217.0000,92.6607,13357.1724
200-500,pr439,439,R_t10,4439228102393762909,203215.0000,107217.0000,89.5362,13385.1122
200-500,pr439,439,R_t10,4439228102393762910,208956.0000,107217.0000,94.8907,19322.0291
200-500,pr439,439,R_t10,4439228102393762911,194795.0000,107217.0000,81.6829,20127.6965
200-500,pr439,439,R_t10,4439228102393762912,205198.0000,107217.0000,91.3857,14765.0997
200-500,rd400,400,R_t10,3524090889451328698,31138.0000,15281.0000,103.7694,12384.5160
200-500,rd400,400,R_t10,3524090889451328699,31074.0000,15281.0000,103.3506,16562.0152
200-500,rd400,400,R_t10,3524090889451328700,29239.0000,15281.0000,91.3422,19087.7234
200-500,rd400,400,R_t10,3524090889451328701,29119.0000,15281.0000,90.5569,15701.2651
200-500,rd400,400,R_t10,3524090889451328702,30781.0000,15281.0000,101.4332,12073.1233
200-500,ts225,225,R_t10,17231782465751841450,216713.0000,126643.0000,71.1212,8051.8204
200-500,ts225,225,R_t10,17231782465751841451,213491.0000,126643.0000,68.5770,10818.0630
200-500,ts225,225,R_t10,17231782465751841452,201417.0000,126643.0000,59.0431,11081.3375
200-500,ts225,225,R_t10,17231782465751841453,203000.0000,126643.0000,60.2931,11345.4823
200-500,ts225,225,R_t10,17231782465751841454,219955.0000,126643.0000,73.6811,9187.1290
200-500,tsp225,225,R_t10,5806473627379069022,4735.0000,3916.0000,20.9142,7195.2215
200-500,tsp225,225,R_t10,5806473627379069023,4577.0000,3916.0000,16.8795,7155.8166
200-500,tsp225,225,R_t10,5806473627379069024,4886.0000,3916.0000,24.7702,7135.4412
200-500,tsp225,225,R_t10,5806473627379069025,4816.0000,3916.0000,22.9826,7255.8331
200-500,tsp225,225,R_t10,5806473627379069026,4713.0000,3916.0000,20.3524,7399.3399
200-500,a280,280,R_t4,14126356334314054912,2749.0000,2579.0000,6.5917,8634.8078
200-500,a280,280,R_t4,14126356334314054913,2769.0000,2579.0000,7.3672,8424.5330
200-500,a280,280,R_t4,14126356334314054914,2750.0000,2579.0000,6.6305,8353.6219
200-500,a280,280,R_t4,14126356334314054915,2775.0000,2579.0000,7.5998,8377.8757
200-500,a280,280,R_t4,14126356334314054916,2752.0000,2579.0000,6.7080,8364.9386
200-500,d493,493,R_t4,14177755133084012917,46399.0000,35002.0000,32.5610,14303.2975
200-500,d493,493,R_t4,14177755133084012918,47447.0000,35002.0000,35.5551,14838.6711
200-500,d493,493,R_t4,14177755133084012919,46118.0000,35002.0000,31.7582,15095.0703
200-500,d493,493,R_t4,14177755133084012920,45194.0000,35002.0000,29.1183,15169.8078
200-500,d493,493,R_t4,14177755133084012921,46551.0000,35002.0000,32.9953,14661.4597
200-500,fl417,417,R_t4,15180401510684503479,24096.0000,11861.0000,103.1532,12695.8416
200-500,fl417,417,R_t4,15180401510684503480,21453.0000,11861.0000,80.8701,12543.0664
200-500,fl417,417,R_t4,15180401510684503481,23903.0000,11861.0000,101.5260,12233.0392
200-500,fl417,417,R_t4,15180401510684503482,22738.0000,11861.0000,91.7039,12234.6637
200-500,fl417,417,R_t4,15180401510684503483,23236.0000,11861.0000,95.9025,12172.2234
200-500,gil262,262,R_t4,11182918837572296999,3292.0000,2378.0000,38.4357,7849.1309
200-500,gil262,262,R_t4,11182918837572297000,3396.0000,2378.0000,42.8091,7834.6494
200-500,gil262,262,R_t4,11182918837572297001,3512.0000,2378.0000,47.6871,7885.0265
200-500,gil262,262,R_t4,11182918837572297002,3293.0000,2378.0000,38.4777,7857.8136
200-500,gil262,262,R_t4,11182918837572297003,3201.0000,2378.0000,34.6089,7853.7474
200-500,gr202,202,R_t4,15319675693288034652,45186.0000,40160.0000,12.5149,6184.2431
200-500,gr202,202,R_t4,15319675693288034653,44741.0000,40160.0000,11.4069,6185.3614
200-500,gr202,202,R_t4,15319675693288034654,44791.0000,40160.0000,11.5314,6181.0457
200-500,gr202,202,R_t4,15319675693288034655,43750.0000,40160.0000,8.9392,6226.6272
200-500,gr202,202,R_t4,15319675693288034656,44047.0000,40160.0000,9.6788,6197.3183
200-500,gr229,229,R_t4,11725121053087052709,151635.0000,134602.0000,12.6543,6980.5304
200-500,gr229,229,R_t4,11725121053087052710,155658.0000,134602.0000,15.6432,6951.5575
200-500,gr229,229,R_t4,11725121053087052711,157321.0000,134602.0000,16.8786,6978.7209
200-500,gr229,229,R_t4,11725121053087052712,156496.0000,134602.0000,16.2657,6935.6186
200-500,gr229,229,R_t4,11725121053087052713,157342.0000,134602.0000,16.8943,7056.1998
200-500,gr431,431,R_t4,3290779491560705390,202875.0000,171414.0000,18.3538,13075.6081
200-500,gr431,431,R_t4,3290779491560705391,200635.0000,171414.0000,17.0470,13024.0301
200-500,gr431,431,R_t4,3290779491560705392,198184.0000,171414.0000,15.6172,13075.6474
200-500,gr431,431,R_t4,3290779491560705393,201203.0000,171414.0000,17.3784,13040.8846
200-500,gr431,431,R_t4,3290779491560705394,202606.0000,171414.0000,18.1969,13044.8548
200-500,kroA200,200,R_t4,16698073563534949840,40470.0000,29368.0000,37.8031,6475.4225
200-500,kroA200,200,R_t4,16698073563534949841,37346.0000,29368.0000,27.1656,6323.5767
200-500,kroA200,200,R_t4,16698073563534949842,40100.0000,29368.0000,36.5432,6370.9193
200-500,kroA200,200,R_t4,16698073563534949843,40691.0000,29368.0000,38.5556,6489.5289
200-500,kroA200,200,R_t4,16698073563534949844,40242.0000,29368.0000,37.0267,6339.6914
200-500,kroB200,200,R_t4,8489316912001845007,38763.0000,29437.0000,31.6812,6309.9997
200-500,kroB200,200,R_t4,8489316912001845008,42182.0000,29437.0000,43.2959,6331.9710
200-500,kroB200,200,R_t4,8489316912001845009,39830.0000,29437.0000,35.3059,6246.4346
200-500,kroB200,200,R_t4,8489316912001845010,39992.0000,29437.0000,35.8562,6271.8175
200-500,kroB200,200,R_t4,8489316912001845011,40046.0000,29437.0000,36.0397,6641.8398
200-500,lin318,318,R_t4,6392971496895339320,64213.0000,42029.0000,52.7826,10214.0995
200-500,lin318,318,R_t4,6392971496895339321,62103.0000,42029.0000,47.7623,9581.3803
200-500,lin318,318,R_t4,6392971496895339322,65442.0000,42029.0000,55.7068,9530.1030
200-500,lin318,318,R_t4,6392971496895339323,65560.0000,42029.0000,55.9875,9485.7241
200-500,lin318,318,R_t4,6392971496895339324,60634.0000,42029.0000,44.2671,9684.0174
200-500,lin318,318,R_t4,6392971496895339320,64213.0000,42029.0000,52.7826,9683.8517
200-500,lin318,318,R_t4,6392971496895339321,62103.0000,42029.0000,47.7623,9527.1428
200-500,lin318,318,R_t4,6392971496895339322,65442.0000,42029.0000,55.7068,9476.7787
200-500,lin318,318,R_t4,6392971496895339323,65560.0000,42029.0000,55.9875,9438.2987
200-500,lin318,318,R_t4,6392971496895339324,60634.0000,42029.0000,44.2671,9410.1372
200-500,pcb442,442,R_t4,2013354772835846734,80146.0000,50778.0000,57.8361,13025.1486
200-500,pcb442,442,R_t4,2013354772835846735,76620.0000,50778.0000,50.8921,13324.1103
200-500,pcb442,442,R_t4,2013354772835846736,74059.0000,50778.0000,45.8486,13033.3370
200-500,pcb442,442,R_t4,2013354772835846737,79547.0000,50778.0000,56.6564,13074.6393
200-500,pcb442,442,R_t4,2013354772835846738,78496.0000,50778.0000,54.5866,13152.2368
200-500,pr226,226,R_t4,17496002995240225603,105374.0000,80369.0000,31.1127,7035.7931
200-500,pr226,226,R_t4,17496002995240225604,102288.0000,80369.0000,27.2730,7087.5454
200-500,pr226,226,R_t4,17496002995240225605,105035.0000,80369.0000,30.6909,6978.2649
200-500,pr226,226,R_t4,17496002995240225606,103939.0000,80369.0000,29.3272,6969.0501
200-500,pr226,226,R_t4,17496002995240225607,105110.0000,80369.0000,30.7843,7067.0771
200-500,pr264,264,R_t4,714434501837331717,71768.0000,49135.0000,46.0629,8495.5393
200-500,pr264,264,R_t4,714434501837331718,71988.0000,49135.0000,46.5106,8172.0932
200-500,pr264,264,R_t4,714434501837331719,71862.0000,49135.0000,46.2542,8169.2296
200-500,pr264,264,R_t4,714434501837331720,67495.0000,49135.0000,37.3664,8959.7649
200-500,pr264,264,R_t4,714434501837331721,71799.0000,49135.0000,46.1260,8124.7348
200-500,pr299,299,R_t4,6436713494652376315,63021.0000,48191.0000,30.7734,12473.1639
200-500,pr299,299,R_t4,6436713494652376316,64930.0000,48191.0000,34.7347,12876.1684
200-500,pr299,299,R_t4,6436713494652376317,64805.0000,48191.0000,34.4753,10835.9011
200-500,pr299,299,R_t4,6436713494652376318,62874.0000,48191.0000,30.4683,9268.7913
200-500,pr299,299,R_t4,6436713494652376319,63556.0000,48191.0000,31.8835,8939.1639
200-500,pr439,439,R_t4,5280183601190394875,165576.0000,107217.0000,54.4307,12825.1085
200-500,pr439,439,R_t4,5280183601190394876,183385.0000,107217.0000,71.0410,16025.0238
200-500,pr439,439,R_t4,5280183601190394877,170480.0000,107217.0000,59.0046,19348.2023
200-500,pr439,439,R_t4,5280183601190394878,189068.0000,107217.0000,76.3414,18768.2463
200-500,pr439,439,R_t4,5280183601190394879,168196.0000,107217.0000,56.8744,19624.9025
200-500,rd400,400,R_t4,4365046388247960665,22831.0000,15281.0000,49.4078,17902.5677
200-500,rd400,400,R_t4,4365046388247960666,23172.0000,15281.0000,51.6393,17526.3599
200-500,rd400,400,R_t4,4365046388247960667,25005.0000,15281.0000,63.6346,17456.1664
200-500,rd400,400,R_t4,4365046388247960668,22808.0000,15281.0000,49.2572,18032.9628
200-500,rd400,400,R_t4,4365046388247960669,24977.0000,15281.0000,63.4513,17318.2122
200-500,ts225,225,R_t4,18072737964548473417,197333.0000,126643.0000,55.8183,10996.1129
200-500,ts225,225,R_t4,18072737964548473418,171710.0000,126643.0000,35.5859,10724.9357
200-500,ts225,225,R_t4,18072737964548473419,181084.0000,126643.0000,42.9878,10863.8609
200-500,ts225,225,R_t4,18072737964548473420,172282.0000,126643.0000,36.0375,10454.9965
200-500,ts225,225,R_t4,18072737964548473421,187630.0000,126643.0000,48.1566,10398.8261
200-500,tsp225,225,R_t4,5291179527480547003,4379.0000,3916.0000,11.8233,9474.7882
200-500,tsp225,225,R_t4,5291179527480547004,4215.0000,3916.0000,7.6353,6901.0472
200-500,tsp225,225,R_t4,5291179527480547005,4275.0000,3916.0000,9.1675,7050.5947
200-500,tsp225,225,R_t4,5291179527480547006,4106.0000,3916.0000,4.8519,8845.7132
200-500,tsp225,225,R_t4,5291179527480547007,4358.0000,3916.0000,11.2870,10330.8109
200-500,a280,280,R_e25,6558616106621676936,2777.0000,2579.0000,7.6774,11107.3843
200-500,a280,280,R_e25,6558616106621676937,2781.0000,2579.0000,7.8325,12536.2088
200-500,a280,280,R_e25,6558616106621676938,2772.0000,2579.0000,7.4835,12478.9700
200-500,a280,280,R_e25,6558616106621676939,2779.0000,2579.0000,7.7549,13269.5705
200-500,a280,280,R_e25,6558616106621676940,2784.0000,2579.0000,7.9488,12400.4471
200-500,d493,493,R_e25,6610014905391634941,49596.0000,35002.0000,41.6948,21221.9302
200-500,d493,493,R_e25,6610014905391634942,48557.0000,35002.0000,38.7264,20597.0663
200-500,d493,493,R_e25,6610014905391634943,48179.0000,35002.0000,37.6464,21150.5429
200-500,d493,493,R_e25,6610014905391634944,48718.0000,35002.0000,39.1863,21320.4314
200-500,d493,493,R_e25,6610014905391634945,48459.0000,35002.0000,38.4464,21537.4288
200-500,fl417,417,R_e25,1483867589589224271,28392.0000,11861.0000,139.3727,18490.9094
200-500,fl417,417,R_e25,1483867589589224272,24718.0000,11861.0000,108.3973,18405.9722
200-500,fl417,417,R_e25,1483867589589224273,26832.0000,11861.0000,126.2204,18164.0349
200-500,fl417,417,R_e25,1483867589589224274,25167.0000,11861.0000,112.1828,17092.1330
200-500,fl417,417,R_e25,1483867589589224275,25975.0000,11861.0000,118.9950,18411.7306
200-500,gil262,262,R_e25,6271150323917227503,3712.0000,2378.0000,56.0976,11668.9355
200-500,gil262,262,R_e25,6271150323917227504,3705.0000,2378.0000,55.8032,11904.7559
200-500,gil262,262,R_e25,6271150323917227505,4048.0000,2378.0000,70.2271,12063.3659
200-500,gil262,262,R_e25,6271150323917227506,3941.0000,2378.0000,65.7275,11760.8452
200-500,gil262,262,R_e25,6271150323917227507,3732.0000,2378.0000,56.9386,12278.7904
200-500,gr202,202,R_e25,1623141772192755444,48343.0000,40160.0000,20.3760,9184.3753
200-500,gr202,202,R_e25,1623141772192755445,47125.0000,40160.0000,17.3431,9800.0907
200-500,gr202,202,R_e25,1623141772192755446,46509.0000,40160.0000,15.8093,9717.6392
200-500,gr202,202,R_e25,1623141772192755447,47005.0000,40160.0000,17.0443,9380.9343
200-500,gr202,202,R_e25,1623141772192755448,46536.0000,40160.0000,15.8765,9312.9209
200-500,gr229,229,R_e25,16475331205701325117,163444.0000,134602.0000,21.4276,10478.3471
200-500,gr229,229,R_e25,16475331205701325118,158886.0000,134602.0000,18.0413,10543.6577
200-500,gr229,229,R_e25,16475331205701325119,160688.0000,134602.0000,19.3801,10571.8653
200-500,gr229,229,R_e25,16475331205701325120,162144.0000,134602.0000,20.4618,10949.4075
200-500,gr229,229,R_e25,16475331205701325121,164236.0000,134602.0000,22.0160,10507.5465
200-500,gr431,431,R_e25,8040989644174977798,206945.0000,171414.0000,20.7282,18223.1018
200-500,gr431,431,R_e25,8040989644174977799,206051.0000,171414.0000,20.2066,17521.8364
200-500,gr431,431,R_e25,8040989644174977800,205369.0000,171414.0000,19.8088,18483.7845
200-500,gr431,431,R_e25,8040989644174977801,207563.0000,171414.0000,21.0887,17731.7332
200-500,gr431,431,R_e25,8040989644174977802,206416.0000,171414.0000,20.4196,18098.7172
200-500,kroA200,200,R_e25,445696780845600808,43159.0000,29368.0000,46.9593,9475.4185
200-500,kroA200,200,R_e25,445696780845600809,45273.0000,29368.0000,54.1576,9771.0903
200-500,kroA200,200,R_e25,445696780845600810,46260.0000,29368.0000,57.5184,9128.0540
200-500,kroA200,200,R_e25,445696780845600811,43791.0000,29368.0000,49.1113,9495.6246
200-500,kroA200,200,R_e25,445696780845600812,47875.0000,29368.0000,63.0176,9509.9480
200-500,kroB200,200,R_e25,10683684203022047591,44399.0000,29437.0000,50.8272,9285.8283
200-500,kroB200,200,R_e25,10683684203022047592,48279.0000,29437.0000,64.0079,9151.6618
200-500,kroB200,200,R_e25,10683684203022047593,44298.0000,29437.0000,50.4841,9417.8892
200-500,kroB200,200,R_e25,10683684203022047594,43888.0000,29437.0000,49.0913,9619.2355
200-500,kroB200,200,R_e25,10683684203022047595,42520.0000,29437.0000,44.4441,9150.0725
200-500,lin318,318,R_e25,1481202983240269824,66825.0000,42029.0000,58.9974,13983.4116
200-500,lin318,318,R_e25,1481202983240269825,68299.0000,42029.0000,62.5045,13887.5279
200-500,lin318,318,R_e25,1481202983240269826,68866.0000,42029.0000,63.8535,14989.3137
200-500,lin318,318,R_e25,1481202983240269827,68677.0000,42029.0000,63.4038,13935.2060
200-500,lin318,318,R_e25,1481202983240269828,68525.0000,42029.0000,63.0422,14299.8974
200-500,lin318,318,R_e25,1481202983240269824,66825.0000,42029.0000,58.9974,14210.3143
200-500,lin318,318,R_e25,1481202983240269825,68299.0000,42029.0000,62.5045,14280.1224
200-500,lin318,318,R_e25,1481202983240269826,68866.0000,42029.0000,63.8535,14304.8341
200-500,lin318,318,R_e25,1481202983240269827,68677.0000,42029.0000,63.4038,14339.9558
200-500,lin318,318,R_e25,1481202983240269828,68525.0000,42029.0000,63.0422,13699.7460
200-500,pcb442,442,R_e25,15548330332890328854,82956.0000,50778.0000,63.3700,19099.1175
200-500,pcb442,442,R_e25,15548330332890328855,88048.0000,50778.0000,73.3979,19192.9991
200-500,pcb442,442,R_e25,15548330332890328856,85007.0000,50778.0000,67.4091,18872.2907
200-500,pcb442,442,R_e25,15548330332890328857,87883.0000,50778.0000,73.0730,19124.2106
200-500,pcb442,442,R_e25,15548330332890328858,86713.0000,50778.0000,70.7688,18518.7414
200-500,pr226,226,R_e25,3799469074144946395,106049.0000,80369.0000,31.9526,9909.3274
200-500,pr226,226,R_e25,3799469074144946396,106617.0000,80369.0000,32.6594,9890.5892
200-500,pr226,226,R_e25,3799469074144946397,107277.0000,80369.0000,33.4806,10448.5277
200-500,pr226,226,R_e25,3799469074144946398,105367.0000,80369.0000,31.1040,10135.6456
200-500,pr226,226,R_e25,3799469074144946399,106560.0000,80369.0000,32.5884,9524.3502
200-500,pr264,264,R_e25,5464644654451604125,72950.0000,49135.0000,48.4685,7952.4667
200-500,pr264,264,R_e25,5464644654451604126,72722.0000,49135.0000,48.0045,9934.9708
200-500,pr264,264,R_e25,5464644654451604127,72708.0000,49135.0000,47.9760,11678.6839
200-500,pr264,264,R_e25,5464644654451604128,72389.0000,49135.0000,47.3268,11518.5796
200-500,pr264,264,R_e25,5464644654451604129,72718.0000,49135.0000,47.9963,11718.5045
200-500,pr299,299,R_e25,11186923647266648723,65823.0000,48191.0000,36.5877,12206.5301
200-500,pr299,299,R_e25,11186923647266648724,65896.0000,48191.0000,36.7392,12154.6709
200-500,pr299,299,R_e25,11186923647266648725,66427.0000,48191.0000,37.8411,13272.8558
200-500,pr299,299,R_e25,11186923647266648726,64718.0000,48191.0000,34.2948,12689.9951
200-500,pr299,299,R_e25,11186923647266648727,65782.0000,48191.0000,36.5027,12793.5141
200-500,pr439,439,R_e25,10030393753804667283,194423.0000,107217.0000,81.3360,18013.0083
200-500,pr439,439,R_e25,10030393753804667284,172428.0000,107217.0000,60.8215,17544.8545
200-500,pr439,439,R_e25,10030393753804667285,204970.0000,107217.0000,91.1730,17174.1111
200-500,pr439,439,R_e25,10030393753804667286,199729.0000,107217.0000,86.2848,18178.9476
200-500,pr439,439,R_e25,10030393753804667287,186746.0000,107217.0000,74.1757,14596.1509
200-500,rd400,400,R_e25,9115256540862233073,27037.0000,15281.0000,76.9321,11928.8816
200-500,rd400,400,R_e25,9115256540862233074,28639.0000,15281.0000,87.4157,11413.6692
200-500,rd400,400,R_e25,9115256540862233075,29493.0000,15281.0000,93.0044,11427.3884
200-500,rd400,400,R_e25,9115256540862233076,26245.0000,15281.0000,71.7492,11533.1874
200-500,rd400,400,R_e25,9115256540862233077,26691.0000,15281.0000,74.6679,11780.5945
200-500,ts225,225,R_e25,4376204043453194209,202081.0000,126643.0000,59.5674,9487.1661
200-500,ts225,225,R_e25,4376204043453194210,215131.0000,126643.0000,69.8720,10333.5246
200-500,ts225,225,R_e25,4376204043453194211,208685.0000,126643.0000,64.7821,10115.9509
200-500,ts225,225,R_e25,4376204043453194212,203102.0000,126643.0000,60.3736,10059.2187
200-500,ts225,225,R_e25,4376204043453194213,200145.0000,126643.0000,58.0387,10355.6905
200-500,tsp225,225,R_e25,379411013825477507,4440.0000,3916.0000,13.3810,10604.0232
200-500,tsp225,225,R_e25,379411013825477508,4402.0000,3916.0000,12.4106,7051.8381
200-500,tsp225,225,R_e25,379411013825477509,4410.0000,3916.0000,12.6149,6581.5732
200-500,tsp225,225,R_e25,379411013825477510,4338.0000,3916.0000,10.7763,6604.4671
200-500,tsp225,225,R_e25,379411013825477511,4166.0000,3916.0000,6.3841,6574.3390
200-500,a280,280,R_m55,17198333649016749909,2767.0000,2579.0000,7.2896,8468.2213
200-500,a280,280,R_m55,17198333649016749910,2752.0000,2579.0000,6.7080,8433.5121
200-500,a280,280,R_m55,17198333649016749911,2744.0000,2579.0000,6.3978,8423.9629
200-500,a280,280,R_m55,17198333649016749912,2766.0000,2579.0000,7.2509,8450.7277
200-500,a280,280,R_m55,17198333649016749913,2753.0000,2579.0000,6.7468,8466.0664
200-500,d493,493,R_m55,17249732447786707914,47862.0000,35002.0000,36.7408,14364.7869
200-500,d493,493,R_m55,17249732447786707915,46535.0000,35002.0000,32.9495,14402.5980
200-500,d493,493,R_m55,17249732447786707916,45605.0000,35002.0000,30.2926,14368.0154
200-500,d493,493,R_m55,17249732447786707917,45929.0000,35002.0000,31.2182,14414.8299
200-500,d493,493,R_m55,17249732447786707918,46546.0000,35002.0000,32.9810,14528.3395
200-500,fl417,417,R_m55,11781060115127412534,20942.0000,11861.0000,76.5618,12285.0517
200-500,fl417,417,R_m55,11781060115127412535,26974.0000,11861.0000,127.4176,12316.9083
200-500,fl417,417,R_m55,11781060115127412536,24185.0000,11861.0000,103.9035,12320.2519
200-500,fl417,417,R_m55,11781060115127412537,25298.0000,11861.0000,113.2872,12367.7554
200-500,fl417,417,R_m55,11781060115127412538,22983.0000,11861.0000,93.7695,12285.7321
200-500,gil262,262,R_m55,8591053788622621988,3167.0000,2378.0000,33.1791,7985.5858
200-500,gil262,262,R_m55,8591053788622621989,3604.0000,2378.0000,51.5559,8000.6854
200-500,gil262,262,R_m55,8591053788622621990,3542.0000,2378.0000,48.9487,7993.7718
200-500,gil262,262,R_m55,8591053788622621991,3626.0000,2378.0000,52.4811,8040.1183
200-500,gil262,262,R_m55,8591053788622621992,3320.0000,2378.0000,39.6131,8030.5884
200-500,gr202,202,R_m55,11920334297730943707,43542.0000,40160.0000,8.4213,6285.7942
200-500,gr202,202,R_m55,11920334297730943708,44453.0000,40160.0000,10.6897,6320.4415
200-500,gr202,202,R_m55,11920334297730943709,44612.0000,40160.0000,11.0857,6311.0227
200-500,gr202,202,R_m55,11920334297730943710,44762.0000,40160.0000,11.4592,6272.0423
200-500,gr202,202,R_m55,11920334297730943711,44771.0000,40160.0000,11.4816,6252.1166
200-500,gr229,229,R_m55,8325779657529961764,155230.0000,134602.0000,15.3252,7053.0157
200-500,gr229,229,R_m55,8325779657529961765,153693.0000,134602.0000,14.1833,7031.3698
200-500,gr229,229,R_m55,8325779657529961766,157586.0000,134602.0000,17.0755,7054.1738
200-500,gr229,229,R_m55,8325779657529961767,157166.0000,134602.0000,16.7635,7036.9532
200-500,gr229,229,R_m55,8325779657529961768,154613.0000,134602.0000,14.8668,7037.5053
200-500,gr431,431,R_m55,18338182169713166061,200957.0000,171414.0000,17.2349,12715.7953
200-500,gr431,431,R_m55,18338182169713166062,199636.0000,171414.0000,16.4642,12756.8537
200-500,gr431,431,R_m55,18338182169713166063,200987.0000,171414.0000,17.2524,12812.7320
200-500,gr431,431,R_m55,18338182169713166064,199718.0000,171414.0000,16.5121,12835.9437
200-500,gr431,431,R_m55,18338182169713166065,198473.0000,171414.0000,15.7858,12781.4634
200-500,kroA200,200,R_m55,9205145477899452487,40003.0000,29368.0000,36.2129,6267.7411
200-500,kroA200,200,R_m55,9205145477899452488,42504.0000,29368.0000,44.7290,6259.7655
200-500,kroA200,200,R_m55,9205145477899452489,39447.0000,29368.0000,34.3197,6297.2401
200-500,kroA200,200,R_m55,9205145477899452490,43242.0000,29368.0000,47.2419,6264.6181
200-500,kroA200,200,R_m55,9205145477899452491,38760.0000,29368.0000,31.9804,6287.6118
200-500,kroB200,200,R_m55,996388826366347654,38281.0000,29437.0000,30.0438,6238.6759
200-500,kroB200,200,R_m55,996388826366347655,38938.0000,29437.0000,32.2757,6239.0110
200-500,kroB200,200,R_m55,996388826366347656,39233.0000,29437.0000,33.2778,6208.2975
200-500,kroB200,200,R_m55,996388826366347657,41602.0000,29437.0000,41.3255,6216.9529
200-500,kroB200,200,R_m55,996388826366347658,38853.0000,29437.0000,31.9870,6224.2971
200-500,lin318,318,R_m55,3801106447945664309,62978.0000,42029.0000,49.8442,9542.4269
200-500,lin318,318,R_m55,3801106447945664310,59816.0000,42029.0000,42.3208,9534.8422
200-500,lin318,318,R_m55,3801106447945664311,62122.0000,42029.0000,47.8075,9610.8387
200-500,lin318,318,R_m55,3801106447945664312,59911.0000,42029.0000,42.5468,9640.6717
200-500,lin318,318,R_m55,3801106447945664313,58672.0000,42029.0000,39.5988,9710.0304
200-500,lin318,318,R_m55,3801106447945664309,62978.0000,42029.0000,49.8442,9588.8067
200-500,lin318,318,R_m55,3801106447945664310,59816.0000,42029.0000,42.3208,9818.7677
200-500,lin318,318,R_m55,3801106447945664311,62122.0000,42029.0000,47.8075,9593.8794
200-500,lin318,318,R_m55,3801106447945664312,59911.0000,42029.0000,42.5468,9814.7194
200-500,lin318,318,R_m55,3801106447945664313,58672.0000,42029.0000,39.5988,12975.9964
200-500,pcb442,442,R_m55,17868233797595723339,79590.0000,50778.0000,56.7411,19216.0697
200-500,pcb442,442,R_m55,17868233797595723340,80462.0000,50778.0000,58.4584,16042.9545
200-500,pcb442,442,R_m55,17868233797595723341,76447.0000,50778.0000,50.5514,16622.1460
200-500,pcb442,442,R_m55,17868233797595723342,81660.0000,50778.0000,60.8177,13261.9731
200-500,pcb442,442,R_m55,17868233797595723343,83822.0000,50778.0000,65.0754,13671.9385
200-500,pr226,226,R_m55,14096661599683134658,104735.0000,80369.0000,30.3177,8529.0716
200-500,pr226,226,R_m55,14096661599683134659,102911.0000,80369.0000,28.0481,8231.0682
200-500,pr226,226,R_m55,14096661599683134660,104040.0000,80369.0000,29.4529,7008.4340
200-500,pr226,226,R_m55,14096661599683134661,104875.0000,80369.0000,30.4919,7221.1900
200-500,pr226,226,R_m55,14096661599683134662,104254.0000,80369.0000,29.7192,6997.3261
200-500,pr264,264,R_m55,15761837179989792388,71458.0000,49135.0000,45.4320,8423.4918
200-500,pr264,264,R_m55,15761837179989792389,70956.0000,49135.0000,44.4103,8675.6896
200-500,pr264,264,R_m55,15761837179989792390,71236.0000,49135.0000,44.9802,8237.5009
200-500,pr264,264,R_m55,15761837179989792391,70943.0000,49135.0000,44.3838,8104.6187
200-500,pr264,264,R_m55,15761837179989792392,71930.0000,49135.0000,46.3926,8262.8260
200-500,pr299,299,R_m55,3037372099095285370,63540.0000,48191.0000,31.8503,9165.1163
200-500,pr299,299,R_m55,3037372099095285371,64664.0000,48191.0000,34.1827,9157.5856
200-500,pr299,299,R_m55,3037372099095285372,62735.0000,48191.0000,30.1799,9317.2567
200-500,pr299,299,R_m55,3037372099095285373,63098.0000,48191.0000,30.9332,9275.8904
200-500,pr299,299,R_m55,3037372099095285374,60398.0000,48191.0000,25.3305,9135.8665
200-500,pr439,439,R_m55,1880842205633303930,179070.0000,107217.0000,67.0164,13416.0770
200-500,pr439,439,R_m55,1880842205633303931,198412.0000,107217.0000,85.0565,13745.3965
200-500,pr439,439,R_m55,1880842205633303932,178770.0000,107217.0000,66.7366,19072.6917
200-500,pr439,439,R_m55,1880842205633303933,210412.0000,107217.0000,96.2487,17628.4943
200-500,pr439,439,R_m55,1880842205633303934,165429.0000,107217.0000,54.2936,17738.2925
200-500,rd400,400,R_m55,965704992690869720,23235.0000,15281.0000,52.0516,16640.7991
200-500,rd400,400,R_m55,965704992690869721,23609.0000,15281.0000,54.4991,16732.2436
200-500,rd400,400,R_m55,965704992690869722,22599.0000,15281.0000,47.8895,17435.7429
200-500,rd400,400,R_m55,965704992690869723,24935.0000,15281.0000,63.1765,16634.4373
200-500,rd400,400,R_m55,965704992690869724,24362.0000,15281.0000,59.4267,16647.8306
200-500,ts225,225,R_m55,14673396568991382472,167640.0000,126643.0000,32.3721,10284.8955
200-500,ts225,225,R_m55,14673396568991382473,174343.0000,126643.0000,37.6649,10767.6639
200-500,ts225,225,R_m55,14673396568991382474,174122.0000,126643.0000,37.4904,10771.4935
200-500,ts225,225,R_m55,14673396568991382475,180666.0000,126643.0000,42.6577,10674.1609
200-500,ts225,225,R_m55,14673396568991382476,184149.0000,126643.0000,45.4080,8201.2621
200-500,tsp225,225,R_m55,2699314478530871992,4441.0000,3916.0000,13.4065,7051.4021
200-500,tsp225,225,R_m55,2699314478530871993,4489.0000,3916.0000,14.6323,7150.8250
200-500,tsp225,225,R_m55,2699314478530871994,4209.0000,3916.0000,7.4821,7219.9009
200-500,tsp225,225,R_m55,2699314478530871995,4342.0000,3916.0000,10.8784,7293.1342
200-500,tsp225,225,R_m55,2699314478530871996,4303.0000,3916.0000,9.8825,7072.8476
200-500,a280,280,R_m25,13710295842025344688,2784.0000,2579.0000,7.9488,8564.2280
200-500,a280,280,R_m25,13710295842025344689,2790.0000,2579.0000,8.1815,8468.1417
200-500,a280,280,R_m25,13710295842025344690,2790.0000,2579.0000,8.1815,8444.8473
200-500,a280,280,R_m25,13710295842025344691,2790.0000,2579.0000,8.1815,10516.5940
200-500,a280,280,R_m25,13710295842025344692,2781.0000,2579.0000,7.8325,13215.3969
200-500,d493,493,R_m25,13761694640795302693,49661.0000,35002.0000,41.8805,21340.5190
200-500,d493,493,R_m25,13761694640795302694,49982.0000,35002.0000,42.7976,21148.1694
200-500,d493,493,R_m25,13761694640795302695,49357.0000,35002.0000,41.0119,20691.9420
200-500,d493,493,R_m25,13761694640795302696,50469.0000,35002.0000,44.1889,21265.4239
200-500,d493,493,R_m25,13761694640795302697,48622.0000,35002.0000,38.9121,21448.9976
200-500,fl417,417,R_m25,16016709241992118983,28901.0000,11861.0000,143.6641,18341.8811
200-500,fl417,417,R_m25,16016709241992118984,24548.0000,11861.0000,106.9640,18781.9694
200-500,fl417,417,R_m25,16016709241992118985,27077.0000,11861.0000,128.2860,18830.2888
200-500,fl417,417,R_m25,16016709241992118986,25770.0000,11861.0000,117.2667,17994.1906
200-500,fl417,417,R_m25,16016709241992118987,25181.0000,11861.0000,112.3008,12687.7777
200-500,gil262,262,R_m25,10058767196612618327,4168.0000,2378.0000,75.2733,8517.0467
200-500,gil262,262,R_m25,10058767196612618328,3511.0000,2378.0000,47.6451,11754.7898
200-500,gil262,262,R_m25,10058767196612618329,3955.0000,2378.0000,66.3162,11629.8551
200-500,gil262,262,R_m25,10058767196612618330,3616.0000,2378.0000,52.0606,12066.5264
200-500,gil262,262,R_m25,10058767196612618331,3772.0000,2378.0000,58.6207,11462.1192
200-500,gr202,202,R_m25,16155983424595650156,48812.0000,40160.0000,21.5438,8919.6618
200-500,gr202,202,R_m25,16155983424595650157,48455.0000,40160.0000,20.6549,8925.5057
200-500,gr202,202,R_m25,16155983424595650158,46877.0000,40160.0000,16.7256,9380.0241
200-500,gr202,202,R_m25,16155983424595650159,47908.0000,40160.0000,19.2928,9432.0410
200-500,gr202,202,R_m25,16155983424595650160,47783.0000,40160.0000,18.9816,9346.0988
200-500,gr229,229,R_m25,12561428784394668213,165218.0000,134602.0000,22.7456,10540.5259
200-500,gr229,229,R_m25,12561428784394668214,164858.0000,134602.0000,22.4781,10687.3069
200-500,gr229,229,R_m25,12561428784394668215,164737.0000,134602.0000,22.3882,9661.1096
200-500,gr229,229,R_m25,12561428784394668216,162296.0000,134602.0000,20.5747,7166.4931
200-500,gr229,229,R_m25,12561428784394668217,162707.0000,134602.0000,20.8801,7443.5037
200-500,gr431,431,R_m25,4127087222868320894,208821.0000,171414.0000,21.8226,16788.6158
200-500,gr431,431,R_m25,4127087222868320895,208532.0000,171414.0000,21.6540,16318.9758
200-500,gr431,431,R_m25,4127087222868320896,210053.0000,171414.0000,22.5413,18326.5821
200-500,gr431,431,R_m25,4127087222868320897,210097.0000,171414.0000,22.5670,18355.4091
200-500,gr431,431,R_m25,4127087222868320898,210227.0000,171414.0000,22.6428,17899.2218
200-500,kroA200,200,R_m25,17008161187493456736,46280.0000,29368.0000,57.5865,9188.2653
200-500,kroA200,200,R_m25,17008161187493456737,47083.0000,29368.0000,60.3208,8949.7899
200-500,kroA200,200,R_m25,17008161187493456738,44885.0000,29368.0000,52.8364,9039.7590
200-500,kroA200,200,R_m25,17008161187493456739,48840.0000,29368.0000,66.3035,9025.5705
200-500,kroA200,200,R_m25,17008161187493456740,46138.0000,29368.0000,57.1030,9473.0744
200-500,kroB200,200,R_m25,8799404535960351903,47469.0000,29437.0000,61.2562,8858.9274
200-500,kroB200,200,R_m25,8799404535960351904,40703.0000,29437.0000,38.2716,8654.3221
200-500,kroB200,200,R_m25,8799404535960351905,40998.0000,29437.0000,39.2737,9052.9592
200-500,kroB200,200,R_m25,8799404535960351906,48333.0000,29437.0000,64.1913,9151.7923
200-500,kroB200,200,R_m25,8799404535960351907,46836.0000,29437.0000,59.1059,9484.1262
200-500,lin318,318,R_m25,5268819855935660648,69145.0000,42029.0000,64.5174,13713.8068
200-500,lin318,318,R_m25,5268819855935660649,75272.0000,42029.0000,79.0954,14063.8698
200-500,lin318,318,R_m25,5268819855935660650,64580.0000,42029.0000,53.6558,13995.9607
200-500,lin318,318,R_m25,5268819855935660651,69400.0000,42029.0000,65.1241,13390.2140
200-500,lin318,318,R_m25,5268819855935660652,71157.0000,42029.0000,69.3045,14109.5062
200-500,lin318,318,R_m25,5268819855935660648,69145.0000,42029.0000,64.5174,14367.9724
200-500,lin318,318,R_m25,5268819855935660649,75272.0000,42029.0000,79.0954,15107.5696
200-500,lin318,318,R_m25,5268819855935660650,64580.0000,42029.0000,53.6558,14800.1414
200-500,lin318,318,R_m25,5268819855935660651,69400.0000,42029.0000,65.1241,14876.9232
200-500,lin318,318,R_m25,5268819855935660652,71157.0000,42029.0000,69.3045,13663.0864
200-500,pcb442,442,R_m25,889203131876168062,91608.0000,50778.0000,80.4088,13259.0506
200-500,pcb442,442,R_m25,889203131876168063,83882.0000,50778.0000,65.1936,13126.8760
200-500,pcb442,442,R_m25,889203131876168064,80183.0000,50778.0000,57.9089,13013.2858
200-500,pcb442,442,R_m25,889203131876168065,83778.0000,50778.0000,64.9888,13002.3187
200-500,pcb442,442,R_m25,889203131876168066,91466.0000,50778.0000,80.1292,13082.6168
200-500,pr226,226,R_m25,18332310726547841107,107418.0000,80369.0000,33.6560,7055.2484
200-500,pr226,226,R_m25,18332310726547841108,106670.0000,80369.0000,32.7253,7240.5995
200-500,pr226,226,R_m25,18332310726547841109,106999.0000,80369.0000,33.1347,7152.2273
200-500,pr226,226,R_m25,18332310726547841110,107023.0000,80369.0000,33.1645,9682.2199
200-500,pr226,226,R_m25,18332310726547841111,107789.0000,80369.0000,34.1176,10119.4086
200-500,pr264,264,R_m25,1550742233144947221,74646.0000,49135.0000,51.9202,11747.2127
200-500,pr264,264,R_m25,1550742233144947222,72778.0000,49135.0000,48.1184,11832.1696
200-500,pr264,264,R_m25,1550742233144947223,72465.0000,49135.0000,47.4814,12106.3355
200-500,pr264,264,R_m25,1550742233144947224,73071.0000,49135.0000,48.7148,12566.9266
200-500,pr264,264,R_m25,1550742233144947225,69375.0000,49135.0000,41.1926,12116.4175
200-500,pr299,299,R_m25,7273021225959991819,66032.0000,48191.0000,37.0214,12944.6299
200-500,pr299,299,R_m25,7273021225959991820,65794.0000,48191.0000,36.5276,13094.5344
200-500,pr299,299,R_m25,7273021225959991821,66234.0000,48191.0000,37.4406,12667.7531
200-500,pr299,299,R_m25,7273021225959991822,65957.0000,48191.0000,36.8658,12721.6476
200-500,pr299,299,R_m25,7273021225959991823,66033.0000,48191.0000,37.0235,12749.9680
200-500,pr439,439,R_m25,6116491332498010379,192202.0000,107217.0000,79.2645,18852.9619
200-500,pr439,439,R_m25,6116491332498010380,195387.0000,107217.0000,82.2351,18814.8392
200-500,pr439,439,R_m25,6116491332498010381,193272.0000,107217.0000,80.2625,17821.9349
200-500,pr439,439,R_m25,6116491332498010382,186233.0000,107217.0000,73.6973,17976.0625
200-500,pr439,439,R_m25,6116491332498010383,190218.0000,107217.0000,77.4140,18859.7807
200-500,rd400,400,R_m25,5201354119555576169,26693.0000,15281.0000,74.6810,16715.6143
200-500,rd400,400,R_m25,5201354119555576170,26903.0000,15281.0000,76.0552,17304.9356
200-500,rd400,400,R_m25,5201354119555576171,26889.0000,15281.0000,75.9636,17283.8585
200-500,rd400,400,R_m25,5201354119555576172,27050.0000,15281.0000,77.0172,17025.5089
200-500,rd400,400,R_m25,5201354119555576173,27686.0000,15281.0000,81.1792,17339.2887
200-500,ts225,225,R_m25,462301622146537305,209414.0000,126643.0000,65.3577,10306.7649
200-500,ts225,225,R_m25,462301622146537306,212282.0000,126643.0000,67.6224,10455.7799
200-500,ts225,225,R_m25,462301622146537307,214043.0000,126643.0000,69.0129,10521.9301
200-500,ts225,225,R_m25,462301622146537308,212097.0000,126643.0000,67.4763,9917.2620
200-500,ts225,225,R_m25,462301622146537309,205167.0000,126643.0000,62.0042,10051.4901
200-500,tsp225,225,R_m25,4167027886520868331,4308.0000,3916.0000,10.0102,10321.9244
200-500,tsp225,225,R_m25,4167027886520868332,4753.0000,3916.0000,21.3739,10310.0051
200-500,tsp225,225,R_m25,4167027886520868333,4524.0000,3916.0000,15.5260,9998.9655
200-500,tsp225,225,R_m25,4167027886520868334,4802.0000,3916.0000,22.6251,10330.2983
200-500,tsp225,225,R_m25,4167027886520868335,4101.0000,3916.0000,4.7242,10142.0838
200-500,a280,280,R_x90,2753589182065810839,2777.0000,2579.0000,7.6774,10474.9462
200-500,a280,280,R_x90,2753589182065810840,2781.0000,2579.0000,7.8325,11555.8257
200-500,a280,280,R_x90,2753589182065810841,2784.0000,2579.0000,7.9488,11482.9939
200-500,a280,280,R_x90,2753589182065810842,2771.0000,2579.0000,7.4447,11909.7543
200-500,a280,280,R_x90,2753589182065810843,2788.0000,2579.0000,8.1039,12049.9318
200-500,d493,493,R_x90,2804987980835768844,51139.0000,35002.0000,46.1031,20355.4471
200-500,d493,493,R_x90,2804987980835768845,50146.0000,35002.0000,43.2661,19628.6294
200-500,d493,493,R_x90,2804987980835768846,48482.0000,35002.0000,38.5121,19836.2103
200-500,d493,493,R_x90,2804987980835768847,49295.0000,35002.0000,40.8348,18773.1855
200-500,d493,493,R_x90,2804987980835768848,49629.0000,35002.0000,41.7890,20657.6201
200-500,fl417,417,R_x90,1087430462928659196,27558.0000,11861.0000,132.3413,17256.6087
200-500,fl417,417,R_x90,1087430462928659197,25517.0000,11861.0000,115.1336,17210.4998
200-500,fl417,417,R_x90,1087430462928659198,28192.0000,11861.0000,137.6865,17282.1938
200-500,fl417,417,R_x90,1087430462928659199,25866.0000,11861.0000,118.0760,17543.0735
200-500,fl417,417,R_x90,1087430462928659200,29634.0000,11861.0000,149.8440,16824.9557
200-500,gil262,262,R_x90,9678118952511857526,3788.0000,2378.0000,59.2935,10937.6134
200-500,gil262,262,R_x90,9678118952511857527,3917.0000,2378.0000,64.7183,11391.7733
200-500,gil262,262,R_x90,9678118952511857528,3980.0000,2378.0000,67.3675,11094.3434
200-500,gil262,262,R_x90,9678118952511857529,4004.0000,2378.0000,68.3768,10998.0221
200-500,gil262,262,R_x90,9678118952511857530,3730.0000,2378.0000,56.8545,10996.3129
200-500,gr202,202,R_x90,1226704645532190369,46862.0000,40160.0000,16.6882,9036.0259
200-500,gr202,202,R_x90,1226704645532190370,47346.0000,40160.0000,17.8934,9074.1128
200-500,gr202,202,R_x90,1226704645532190371,48070.0000,40160.0000,19.6962,9118.6842
200-500,gr202,202,R_x90,1226704645532190372,47196.0000,40160.0000,17.5199,9031.8165
200-500,gr202,202,R_x90,1226704645532190373,46905.0000,40160.0000,16.7953,9394.2319
200-500,gr229,229,R_x90,16078894079040760042,160511.0000,134602.0000,19.2486,9955.3027
200-500,gr229,229,R_x90,16078894079040760043,161928.0000,134602.0000,20.3013,9608.2209
200-500,gr229,229,R_x90,16078894079040760044,159567.0000,134602.0000,18.5473,9701.2324
200-500,gr229,229,R_x90,16078894079040760045,162058.0000,134602.0000,20.3979,10317.0286
200-500,gr229,229,R_x90,16078894079040760046,162940.0000,134602.0000,21.0532,9637.7382
200-500,gr431,431,R_x90,7644552517514412723,206005.0000,171414.0000,20.1798,17499.0424
200-500,gr431,431,R_x90,7644552517514412724,206157.0000,171414.0000,20.2685,17481.4250
200-500,gr431,431,R_x90,7644552517514412725,210680.0000,171414.0000,22.9071,17061.0772
200-500,gr431,431,R_x90,7644552517514412726,209403.0000,171414.0000,22.1621,18050.0135
200-500,gr431,431,R_x90,7644552517514412727,202513.0000,171414.0000,18.1426,17153.6662
200-500,kroA200,200,R_x90,4036729357712895037,44422.0000,29368.0000,51.2599,8898.1223
200-500,kroA200,200,R_x90,4036729357712895038,46172.0000,29368.0000,57.2187,8912.0215
200-500,kroA200,200,R_x90,4036729357712895039,46159.0000,29368.0000,57.1745,8916.4127
200-500,kroA200,200,R_x90,4036729357712895040,44570.0000,29368.0000,51.7638,9292.9717
200-500,kroA200,200,R_x90,4036729357712895041,45823.0000,29368.0000,56.0304,9346.8188
200-500,kroB200,200,R_x90,14274716779889341820,45507.0000,29437.0000,54.5912,8643.0003
200-500,kroB200,200,R_x90,14274716779889341821,45058.0000,29437.0000,53.0659,8797.3313
200-500,kroB200,200,R_x90,14274716779889341822,43340.0000,29437.0000,47.2297,8835.4778
200-500,kroB200,200,R_x90,14274716779889341823,44330.0000,29437.0000,50.5928,9301.4122
200-500,kroB200,200,R_x90,14274716779889341824,44418.0000,29437.0000,50.8917,9654.0753
200-500,lin318,318,R_x90,4888171611834899847,68748.0000,42029.0000,63.5728,14522.9099
200-500,lin318,318,R_x90,4888171611834899848,67814.0000,42029.0000,61.3505,13741.9796
200-500,lin318,318,R_x90,4888171611834899849,66989.0000,42029.0000,59.3876,12612.6897
200-500,lin318,318,R_x90,4888171611834899850,67545.0000,42029.0000,60.7105,12590.8894
200-500,lin318,318,R_x90,4888171611834899851,68342.0000,42029.0000,62.6068,12628.4008
200-500,lin318,318,R_x90,4888171611834899847,68748.0000,42029.0000,63.5728,12655.0526
200-500,lin318,318,R_x90,4888171611834899848,67814.0000,42029.0000,61.3505,13434.8710
200-500,lin318,318,R_x90,4888171611834899849,66989.0000,42029.0000,59.3876,13299.9600
200-500,lin318,318,R_x90,4888171611834899850,67545.0000,42029.0000,60.7105,13180.9229
200-500,lin318,318,R_x90,4888171611834899851,68342.0000,42029.0000,62.6068,12878.9083
200-500,pcb442,442,R_x90,508554887775407261,88920.0000,50778.0000,75.1152,17574.2572
200-500,pcb442,442,R_x90,508554887775407262,84837.0000,50778.0000,67.0743,17208.6600
200-500,pcb442,442,R_x90,508554887775407263,91918.0000,50778.0000,81.0193,16710.9873
200-500,pcb442,442,R_x90,508554887775407264,88774.0000,50778.0000,74.8277,16813.9902
200-500,pcb442,442,R_x90,508554887775407265,89826.0000,50778.0000,76.8994,16824.2203
200-500,pr226,226,R_x90,3403031947484381320,106790.0000,80369.0000,32.8746,9253.0488
200-500,pr226,226,R_x90,3403031947484381321,106955.0000,80369.0000,33.0799,9046.1588
200-500,pr226,226,R_x90,3403031947484381322,106165.0000,80369.0000,32.0970,9055.7050
200-500,pr226,226,R_x90,3403031947484381323,106524.0000,80369.0000,32.5436,9035.3648
200-500,pr226,226,R_x90,3403031947484381324,96620.0000,80369.0000,20.2205,9001.4481
200-500,pr264,264,R_x90,5068207527791039050,72650.0000,49135.0000,47.8579,10481.3967
200-500,pr264,264,R_x90,5068207527791039051,72603.0000,49135.0000,47.7623,10558.9468
200-500,pr264,264,R_x90,5068207527791039052,72514.0000,49135.0000,47.5812,10526.5898
200-500,pr264,264,R_x90,5068207527791039053,72338.0000,49135.0000,47.2230,10476.9237
200-500,pr264,264,R_x90,5068207527791039054,72246.0000,49135.0000,47.0357,10489.6209
200-500,pr299,299,R_x90,10790486520606083648,65466.0000,48191.0000,35.8469,11533.3410
200-500,pr299,299,R_x90,10790486520606083649,66079.0000,48191.0000,37.1190,11370.9149
200-500,pr299,299,R_x90,10790486520606083650,66525.0000,48191.0000,38.0444,11508.3198
200-500,pr299,299,R_x90,10790486520606083651,66034.0000,48191.0000,37.0256,11829.7161
200-500,pr299,299,R_x90,10790486520606083652,65311.0000,48191.0000,35.5253,11757.5780
200-500,pr439,439,R_x90,9633956627144102208,185668.0000,107217.0000,73.1703,16345.7378
200-500,pr439,439,R_x90,9633956627144102209,188529.0000,107217.0000,75.8387,16666.1656
200-500,pr439,439,R_x90,9633956627144102210,204419.0000,107217.0000,90.6591,16482.7945
200-500,pr439,439,R_x90,9633956627144102211,187663.0000,107217.0000,75.0310,16567.6829
200-500,pr439,439,R_x90,9633956627144102212,216305.0000,107217.0000,101.7451,16583.4370
200-500,rd400,400,R_x90,8718819414201667998,28350.0000,15281.0000,85.5245,14873.2320
200-500,rd400,400,R_x90,8718819414201667999,25718.0000,15281.0000,68.3005,15167.8104
200-500,rd400,400,R_x90,8718819414201668000,29092.0000,15281.0000,90.3802,15934.6283
200-500,rd400,400,R_x90,8718819414201668001,26218.0000,15281.0000,71.5725,15156.7367
200-500,rd400,400,R_x90,8718819414201668002,28336.0000,15281.0000,85.4329,15377.2333
200-500,ts225,225,R_x90,3979766916792629134,219078.0000,126643.0000,72.9886,8986.0124
200-500,ts225,225,R_x90,3979766916792629135,198065.0000,126643.0000,56.3963,9027.4991
200-500,ts225,225,R_x90,3979766916792629136,204529.0000,126643.0000,61.5004,9243.6843
200-500,ts225,225,R_x90,3979766916792629137,196388.0000,126643.0000,55.0721,8955.0572
200-500,ts225,225,R_x90,3979766916792629138,184378.0000,126643.0000,45.5888,9253.9054
200-500,tsp225,225,R_x90,3786379642420107530,4575.0000,3916.0000,16.8284,9152.9937
200-500,tsp225,225,R_x90,3786379642420107531,4220.0000,3916.0000,7.7630,8906.7420
200-500,tsp225,225,R_x90,3786379642420107532,4568.0000,3916.0000,16.6496,9172.1533
200-500,tsp225,225,R_x90,3786379642420107533,4778.0000,3916.0000,22.0123,9168.2241
200-500,tsp225,225,R_x90,3786379642420107534,4419.0000,3916.0000,12.8447,9182.0201
200-500,a280,280,champ_200_500,16519591012766070761,2777.0000,2579.0000,7.6774,21467.6860
200-500,a280,280,champ_200_500,16519591012766070762,2787.0000,2579.0000,8.0651,22501.8706
200-500,a280,280,champ_200_500,16519591012766070763,2790.0000,2579.0000,8.1815,23388.8983
200-500,a280,280,champ_200_500,16519591012766070764,2779.0000,2579.0000,7.7549,23390.8671
200-500,a280,280,champ_200_500,16519591012766070765,2784.0000,2579.0000,7.9488,21989.0423
200-500,d493,493,champ_200_500,16570989811536028766,50483.0000,35002.0000,44.2289,37300.2659
200-500,d493,493,champ_200_500,16570989811536028767,51895.0000,35002.0000,48.2630,35075.0309
200-500,d493,493,champ_200_500,16570989811536028768,48064.0000,35002.0000,37.3179,38806.1928
200-500,d493,493,champ_200_500,16570989811536028769,49770.0000,35002.0000,42.1919,39882.6126
200-500,d493,493,champ_200_500,16570989811536028770,47110.0000,35002.0000,34.5923,39850.0706
200-500,fl417,417,champ_200_500,15099495134836202226,26598.0000,11861.0000,124.2475,32906.4342
200-500,fl417,417,champ_200_500,15099495134836202227,26946.0000,11861.0000,127.1815,33077.5932
200-500,fl417,417,champ_200_500,15099495134836202228,26936.0000,11861.0000,127.0972,32985.9476
200-500,fl417,417,champ_200_500,15099495134836202229,26676.0000,11861.0000,124.9052,32530.4512
200-500,fl417,417,champ_200_500,15099495134836202230,26931.0000,11861.0000,127.0551,32555.5679
200-500,gil262,262,champ_200_500,584183601444832856,3696.0000,2378.0000,55.4247,14549.2750
200-500,gil262,262,champ_200_500,584183601444832857,4062.0000,2378.0000,70.8158,14709.3402
200-500,gil262,262,champ_200_500,584183601444832858,3630.0000,2378.0000,52.6493,15498.7609
200-500,gil262,262,champ_200_500,584183601444832859,4129.0000,2378.0000,73.6333,17572.1650
200-500,gil262,262,champ_200_500,584183601444832860,3765.0000,2378.0000,58.3263,21786.1451
200-500,gr202,202,champ_200_500,15238769317439733399,47222.0000,40160.0000,17.5847,17327.8139
200-500,gr202,202,champ_200_500,15238769317439733400,46700.0000,40160.0000,16.2849,17258.5318
200-500,gr202,202,champ_200_500,15238769317439733401,47399.0000,40160.0000,18.0254,13717.6583
200-500,gr202,202,champ_200_500,15238769317439733402,48364.0000,40160.0000,20.4283,13510.9083
200-500,gr202,202,champ_200_500,15238769317439733403,47076.0000,40160.0000,17.2211,14266.3104
200-500,gr229,229,champ_200_500,11644214677238751456,160219.0000,134602.0000,19.0317,15668.5743
200-500,gr229,229,champ_200_500,11644214677238751457,163498.0000,134602.0000,21.4677,13389.3311
200-500,gr229,229,champ_200_500,11644214677238751458,161776.0000,134602.0000,20.1884,13021.1584
200-500,gr229,229,champ_200_500,11644214677238751459,162795.0000,134602.0000,20.9455,13926.1187
200-500,gr229,229,champ_200_500,11644214677238751460,158261.0000,134602.0000,17.5770,19300.0974
200-500,gr431,431,champ_200_500,3209873115712404137,209916.0000,171414.0000,22.4614,33424.1812
200-500,gr431,431,champ_200_500,3209873115712404138,206962.0000,171414.0000,20.7381,24522.7033
200-500,gr431,431,champ_200_500,3209873115712404139,207176.0000,171414.0000,20.8629,29921.4922
200-500,gr431,431,champ_200_500,3209873115712404140,208297.0000,171414.0000,21.5169,32339.8025
200-500,gr431,431,champ_200_500,3209873115712404141,209539.0000,171414.0000,22.2415,32376.8113
200-500,kroA200,200,champ_200_500,11769563159053518307,44529.0000,29368.0000,51.6242,17149.1089
200-500,kroA200,200,champ_200_500,11769563159053518308,47789.0000,29368.0000,62.7247,11491.2284
200-500,kroA200,200,champ_200_500,11769563159053518309,45735.0000,29368.0000,55.7307,11331.9113
200-500,kroA200,200,champ_200_500,11769563159053518310,45436.0000,29368.0000,54.7126,11361.9424
200-500,kroA200,200,champ_200_500,11769563159053518311,42941.0000,29368.0000,46.2170,11330.1737
200-500,kroB200,200,champ_200_500,3560806507520413474,40904.0000,29437.0000,38.9544,11330.6899
200-500,kroB200,200,champ_200_500,3560806507520413475,42088.0000,29437.0000,42.9765,11536.8041
200-500,kroB200,200,champ_200_500,3560806507520413476,45732.0000,29437.0000,55.3555,11392.1151
200-500,kroB200,200,champ_200_500,3560806507520413477,47262.0000,29437.0000,60.5530,11252.6071
200-500,kroB200,200,champ_200_500,3560806507520413478,45432.0000,29437.0000,54.3364,11312.5931
200-500,lin318,318,champ_200_500,14240980334477426793,67488.0000,42029.0000,60.5748,17251.8739
200-500,lin318,318,champ_200_500,14240980334477426794,69630.0000,42029.0000,65.6713,17279.0674
200-500,lin318,318,champ_200_500,14240980334477426795,72572.0000,42029.0000,72.6713,17242.5051
200-500,lin318,318,champ_200_500,14240980334477426796,68527.0000,42029.0000,63.0469,17332.7621
200-500,lin318,318,champ_200_500,14240980334477426797,69040.0000,42029.0000,64.2675,17407.8606
200-500,lin318,318,champ_200_500,14240980334477426793,67488.0000,42029.0000,60.5748,22306.6142
200-500,lin318,318,champ_200_500,14240980334477426794,69630.0000,42029.0000,65.6713,24351.3242
200-500,lin318,318,champ_200_500,14240980334477426795,72572.0000,42029.0000,72.6713,25427.4655
200-500,lin318,318,champ_200_500,14240980334477426796,68527.0000,42029.0000,63.0469,25513.0376
200-500,lin318,318,champ_200_500,14240980334477426797,69040.0000,42029.0000,64.2675,25425.7764
200-500,pcb442,442,champ_200_500,9861363610417934207,80532.0000,50778.0000,58.5962,33469.8471
200-500,pcb442,442,champ_200_500,9861363610417934208,85611.0000,50778.0000,68.5986,33989.9225
200-500,pcb442,442,champ_200_500,9861363610417934209,86101.0000,50778.0000,69.5636,33873.1411
200-500,pcb442,442,champ_200_500,9861363610417934210,85772.0000,50778.0000,68.9157,33465.9029
200-500,pcb442,442,champ_200_500,9861363610417934211,85728.0000,50778.0000,68.8290,25936.9637
200-500,pr226,226,champ_200_500,17415096619391924350,106693.0000,80369.0000,32.7539,14849.9926
200-500,pr226,226,champ_200_500,17415096619391924351,105050.0000,80369.0000,30.7096,13839.4788
200-500,pr226,226,champ_200_500,17415096619391924352,104920.0000,80369.0000,30.5478,12927.2734
200-500,pr226,226,champ_200_500,17415096619391924353,107085.0000,80369.0000,33.2417,13356.1870
200-500,pr226,226,champ_200_500,17415096619391924354,106352.0000,80369.0000,32.3296,12864.5829
200-500,pr264,264,champ_200_500,633528125989030464,72774.0000,49135.0000,48.1103,19554.5375
200-500,pr264,264,champ_200_500,633528125989030465,72339.0000,49135.0000,47.2250,21533.0633
200-500,pr264,264,champ_200_500,633528125989030466,72670.0000,49135.0000,47.8986,21563.8640
200-500,pr264,264,champ_200_500,633528125989030467,72565.0000,49135.0000,47.6849,21078.4016
200-500,pr264,264,champ_200_500,633528125989030468,72419.0000,49135.0000,47.3878,21386.3419
200-500,pr299,299,champ_200_500,6355807118804075062,65780.0000,48191.0000,36.4985,23935.5717
200-500,pr299,299,champ_200_500,6355807118804075063,66530.0000,48191.0000,38.0548,24747.3411
200-500,pr299,299,champ_200_500,6355807118804075064,66031.0000,48191.0000,37.0194,24801.5771
200-500,pr299,299,champ_200_500,6355807118804075065,65796.0000,48191.0000,36.5317,24088.7221
200-500,pr299,299,champ_200_500,6355807118804075066,65789.0000,48191.0000,36.5172,23508.2387
200-500,pr439,439,champ_200_500,5199277225342093622,206859.0000,107217.0000,92.9349,33458.7842
200-500,pr439,439,champ_200_500,5199277225342093623,191935.0000,107217.0000,79.0155,30721.3538
200-500,pr439,439,champ_200_500,5199277225342093624,181186.0000,107217.0000,68.9900,24843.7554
200-500,pr439,439,champ_200_500,5199277225342093625,187819.0000,107217.0000,75.1765,25397.3940
200-500,pr439,439,champ_200_500,5199277225342093626,183672.0000,107217.0000,71.3087,25067.2182
200-500,rd400,400,champ_200_500,4284140012399659412,27312.0000,15281.0000,78.7318,22158.4229
200-500,rd400,400,champ_200_500,4284140012399659413,26783.0000,15281.0000,75.2699,22470.8555
200-500,rd400,400,champ_200_500,4284140012399659414,29151.0000,15281.0000,90.7663,30516.9941
200-500,rd400,400,champ_200_500,4284140012399659415,27368.0000,15281.0000,79.0982,31234.8217
200-500,rd400,400,champ_200_500,4284140012399659416,26775.0000,15281.0000,75.2176,30369.4164
200-500,ts225,225,champ_200_500,17991831588700172164,188277.0000,126643.0000,48.6675,18373.7692
200-500,ts225,225,champ_200_500,17991831588700172165,204755.0000,126643.0000,61.6789,17700.1546
200-500,ts225,225,champ_200_500,17991831588700172166,201162.0000,126643.0000,58.8418,17972.4982
200-500,ts225,225,champ_200_500,17991831588700172167,226408.0000,126643.0000,78.7766,18322.9082
200-500,ts225,225,champ_200_500,17991831588700172168,187542.0000,126643.0000,48.0871,19045.1966
200-500,tsp225,225,champ_200_500,13139188365062634476,4543.0000,3916.0000,16.0112,19250.2671
200-500,tsp225,225,champ_200_500,13139188365062634477,4767.0000,3916.0000,21.7314,17884.4755
200-500,tsp225,225,champ_200_500,13139188365062634478,4169.0000,3916.0000,6.4607,12969.4600
200-500,tsp225,225,champ_200_500,13139188365062634479,4581.0000,3916.0000,16.9816,12997.7049
200-500,tsp225,225,champ_200_500,13139188365062634480,4255.0000,3916.0000,8.6568,13011.0587
